path,species,label,label_name
data\mendeley\Chanos Chanos - Highly Fresh\IMG_20191110_081324.jpg,chanos chanos,0,Highly Fresh
data\mendeley\Oreochromis Niloticus - Not Fresh\IMG_20191115_054424_1.jpg,oreochromis niloticus,2,Not Fresh
data\mendeley\Nibea Albiflora - Fresh\IMG_20191113_060334.jpg,nibea albiflora,1,Fresh
data\mendeley\Oreochromis Niloticus - Highly Fresh\IMG_20191111_053452.jpg,oreochromis niloticus,0,Highly Fresh
data\mendeley\Rastrelliger Faughni - Highly Fresh\IMG_20191014_070058.jpg,rastrelliger faughni,0,Highly Fresh
data\mendeley\Johnius Trachycephalus - Fresh\IMG_20191016_065312.jpg,johnius trachycephalus,1,Fresh
data\mendeley\Oreochromis Mossambicus - Highly Fresh\IMG_20191111_055912_3.jpg,oreochromis mossambicus,0,Highly Fresh
data\mendeley\Eleutheronema Tetradactylum - Highly Fresh\IMG_20191015_071919.jpg,eleutheronema tetradactylum,0,Highly Fresh
data\mendeley\Oreochromis Mossambicus - Fresh\IMG_20191113_055111_1.jpg,oreochromis mossambicus,1,Fresh
data\mendeley\Nibea Albiflora -  Highly Fresh\IMG_20191110_080728_1.jpg,nibea albiflora,0,Highly Fresh
data\mendeley\Oreochromis Mossambicus - Not Fresh\IMG_20191114_060217.jpg,oreochromis mossambicus,2,Not Fresh
data\mendeley\Oreochromis Mossambicus - Not Fresh\IMG_20191114_060850_2.jpg,oreochromis mossambicus,2,Not Fresh
data\mendeley\Upeneus Moluccensis - Fresh\IMG_20191113_061850_1.jpg,upeneus moluccensis,1,Fresh
data\mendeley\Chanos Chanos - Not Fresh\IMG_20191115_053159.jpg,chanos chanos,2,Not Fresh
data\mendeley\Oreochromis Niloticus - Fresh\IMG_20191113_053709.jpg,oreochromis niloticus,1,Fresh
data\mendeley\Chanos Chanos - Highly Fresh\IMG_20190930_070819.jpg,chanos chanos,0,Highly Fresh
data\mendeley\Nibea Albiflora - Fresh\IMG_20191112_061805_2.jpg,nibea albiflora,1,Fresh
data\mendeley\Upeneus Moluccensis - Highly Fresh\IMG_20191110_061237_1.jpg,upeneus moluccensis,0,Highly Fresh
data\mendeley\Johnius Trachycephalus - Highly Fresh\IMG_20191015_065918.jpg,johnius trachycephalus,0,Highly Fresh
data\mendeley\Nibea Albiflora - Not Fresh\IMG_20191114_062537_1.jpg,nibea albiflora,2,Not Fresh
data\mendeley\Oreochromis Mossambicus - Fresh\IMG_20191112_054941_1.jpg,oreochromis mossambicus,1,Fresh
data\mendeley\Chanos Chanos - Not Fresh\IMG_20191114_053554.jpg,chanos chanos,2,Not Fresh
data\mendeley\Oreochromis Niloticus - Not Fresh\IMG_20191004_064158.jpg,oreochromis niloticus,2,Not Fresh
data\mendeley\Chanos Chanos - Fresh\IMG_20191113_051752.jpg,chanos chanos,1,Fresh
data\mendeley\Oreochromis Niloticus - Not Fresh\IMG_20191115_054648.jpg,oreochromis niloticus,2,Not Fresh
data\mendeley\Chanos Chanos - Not Fresh\IMG_20191005_072516.jpg,chanos chanos,2,Not Fresh
data\mendeley\Nibea Albiflora -  Highly Fresh\IMG_20191111_063348_1.jpg,nibea albiflora,0,Highly Fresh
data\mendeley\Chanos Chanos - Not Fresh\IMG_20191004_063853.jpg,chanos chanos,2,Not Fresh
data\mendeley\Oreochromis Niloticus - Not Fresh\IMG_20191114_055302.jpg,oreochromis niloticus,2,Not Fresh
data\mendeley\Upeneus Moluccensis - Fresh\IMG_20191113_062006.jpg,upeneus moluccensis,1,Fresh
data\mendeley\Chanos Chanos - Not Fresh\IMG_20191005_072012.jpg,chanos chanos,2,Not Fresh
data\mendeley\Eleutheronema Tetradactylum - Highly Fresh\IMG_20191014_072943.jpg,eleutheronema tetradactylum,0,Highly Fresh
data\mendeley\Oreochromis Mossambicus - Fresh\IMG_20191112_055126_1.jpg,oreochromis mossambicus,1,Fresh
data\mendeley\Oreochromis Mossambicus - Highly Fresh\IMG_20191111_055053_4.jpg,oreochromis mossambicus,0,Highly Fresh
data\mendeley\Oreochromis Mossambicus - Highly Fresh\IMG_20191110_075614.jpg,oreochromis mossambicus,0,Highly Fresh
data\mendeley\Johnius Trachycephalus - Not Fresh\IMG_20191018_060636.jpg,johnius trachycephalus,2,Not Fresh
data\mendeley\Rastrelliger Faughni - Highly Fresh\IMG_20191111_062252_1.jpg,rastrelliger faughni,0,Highly Fresh
data\mendeley\Chanos Chanos - Fresh\IMG_20191113_052226.jpg,chanos chanos,1,Fresh
data\mendeley\Rastrelliger Faughni - Not Fresh\IMG_20191114_062127_7.jpg,rastrelliger faughni,2,Not Fresh
data\mendeley\Rastrelliger Faughni - Not Fresh\IMG_20191114_061712.jpg,rastrelliger faughni,2,Not Fresh
data\mendeley\Upeneus Moluccensis - Fresh\IMG_20191112_055732.jpg,upeneus moluccensis,1,Fresh
data\mendeley\Oreochromis Niloticus - Fresh\IMG_20191002_064354.jpg,oreochromis niloticus,1,Fresh
data\mendeley\Upeneus Moluccensis - Not Fresh\IMG_20191018_053930.jpg,upeneus moluccensis,2,Not Fresh
data\mendeley\Oreochromis Niloticus - Highly Fresh\IMG_20191111_053951_4.jpg,oreochromis niloticus,0,Highly Fresh
data\mendeley\Eleutheronema Tetradactylum - Fresh\IMG_20191017_071246.jpg,eleutheronema tetradactylum,1,Fresh
data\mendeley\Nibea Albiflora - Not Fresh\IMG_20191114_062929_1.jpg,nibea albiflora,2,Not Fresh
data\mendeley\Nibea Albiflora - Not Fresh\IMG_20191115_062220_2.jpg,nibea albiflora,2,Not Fresh
data\mendeley\Oreochromis Niloticus - Fresh\IMG_20191003_063142.jpg,oreochromis niloticus,1,Fresh
data\mendeley\Oreochromis Niloticus - Highly Fresh\IMG_20191111_053915_2.jpg,oreochromis niloticus,0,Highly Fresh
data\mendeley\Oreochromis Niloticus - Fresh\IMG_20191113_053427_1.jpg,oreochromis niloticus,1,Fresh
data\mendeley\Upeneus Moluccensis - Not Fresh\IMG_20191114_063629_4.jpg,upeneus moluccensis,2,Not Fresh
data\mendeley\Johnius Trachycephalus - Not Fresh\IMG_20191019_062817.jpg,johnius trachycephalus,2,Not Fresh
data\mendeley\Chanos Chanos - Fresh\IMG_20191112_052306.jpg,chanos chanos,1,Fresh
data\mendeley\Upeneus Moluccensis - Not Fresh\IMG_20191114_063538.jpg,upeneus moluccensis,2,Not Fresh
data\mendeley\Oreochromis Niloticus - Highly Fresh\IMG_20191111_054252.jpg,oreochromis niloticus,0,Highly Fresh
data\mendeley\Upeneus Moluccensis - Fresh\IMG_20191016_062721.jpg,upeneus moluccensis,1,Fresh
data\mendeley\Upeneus Moluccensis - Highly Fresh\IMG_20191110_061504_4.jpg,upeneus moluccensis,0,Highly Fresh
data\mendeley\Oreochromis Niloticus - Highly Fresh\IMG_20190930_071747.jpg,oreochromis niloticus,0,Highly Fresh
data\mendeley\Chanos Chanos - Fresh\IMG_20191112_052246.jpg,chanos chanos,1,Fresh
data\mendeley\Oreochromis Mossambicus - Highly Fresh\IMG_20191110_080127.jpg,oreochromis mossambicus,0,Highly Fresh
data\mendeley\Upeneus Moluccensis - Fresh\IMG_20191016_062937.jpg,upeneus moluccensis,1,Fresh
data\mendeley\Oreochromis Niloticus - Fresh\IMG_20191003_063433.jpg,oreochromis niloticus,1,Fresh
data\mendeley\Upeneus Moluccensis - Fresh\IMG_20191112_055919_3.jpg,upeneus moluccensis,1,Fresh
data\mendeley\Chanos Chanos - Not Fresh\IMG_20191004_063810.jpg,chanos chanos,2,Not Fresh
data\mendeley\Rastrelliger Faughni - Fresh\IMG_20191113_055851.jpg,rastrelliger faughni,1,Fresh
data\mendeley\Upeneus Moluccensis - Fresh\IMG_20191017_062954.jpg,upeneus moluccensis,1,Fresh
data\mendeley\Oreochromis Mossambicus - Not Fresh\IMG_20191114_060335_3.jpg,oreochromis mossambicus,2,Not Fresh
data\mendeley\Chanos Chanos - Highly Fresh\IMG_20191110_060701.jpg,chanos chanos,0,Highly Fresh
data\mendeley\Johnius Trachycephalus - Not Fresh\IMG_20191018_060852.jpg,johnius trachycephalus,2,Not Fresh
data\mendeley\Oreochromis Mossambicus - Highly Fresh\IMG_20191110_055059_7.jpg,oreochromis mossambicus,0,Highly Fresh
data\mendeley\Chanos Chanos - Fresh\IMG_20191003_064433.jpg,chanos chanos,1,Fresh
data\mendeley\Chanos Chanos - Not Fresh\IMG_20191004_063022.jpg,chanos chanos,2,Not Fresh
data\mendeley\Johnius Trachycephalus - Not Fresh\IMG_20191019_061838.jpg,johnius trachycephalus,2,Not Fresh
data\mendeley\Oreochromis Niloticus - Fresh\IMG_20191112_053932_!.jpg,oreochromis niloticus,1,Fresh
data\mendeley\Eleutheronema Tetradactylum - Fresh\IMG_20191017_070741.jpg,eleutheronema tetradactylum,1,Fresh
data\mendeley\Upeneus Moluccensis - Fresh\IMG_20191016_063314.jpg,upeneus moluccensis,1,Fresh
data\mendeley\Oreochromis Niloticus - Not Fresh\IMG_20191115_055149_1.jpg,oreochromis niloticus,2,Not Fresh
data\mendeley\Rastrelliger Faughni - Not Fresh\IMG_20191115_061319.jpg,rastrelliger faughni,2,Not Fresh
data\mendeley\Eleutheronema Tetradactylum - Fresh\IMG_20191016_071357.jpg,eleutheronema tetradactylum,1,Fresh
data\mendeley\Chanos Chanos - Highly Fresh\IMG_20191001_063347.jpg,chanos chanos,0,Highly Fresh
data\mendeley\Rastrelliger Faughni - Not Fresh\IMG_20191115_061522_2.jpg,rastrelliger faughni,2,Not Fresh
data\mendeley\Chanos Chanos - Not Fresh\IMG_20191004_063453.jpg,chanos chanos,2,Not Fresh
data\mendeley\Upeneus Moluccensis - Not Fresh\IMG_20191019_055754.jpg,upeneus moluccensis,2,Not Fresh
data\mendeley\Chanos Chanos - Highly Fresh\IMG_20191001_063118.jpg,chanos chanos,0,Highly Fresh
data\mendeley\Oreochromis Mossambicus - Highly Fresh\IMG_20191110_080210_3.jpg,oreochromis mossambicus,0,Highly Fresh
data\mendeley\Rastrelliger Faughni - Not Fresh\IMG_20191018_055321.jpg,rastrelliger faughni,2,Not Fresh
data\mendeley\Oreochromis Mossambicus - Fresh\IMG_20191113_054911.jpg,oreochromis mossambicus,1,Fresh
data\mendeley\Rastrelliger Faughni - Not Fresh\IMG_20191114_062127_1.jpg,rastrelliger faughni,2,Not Fresh
data\mendeley\Oreochromis Niloticus - Highly Fresh\IMG_20191110_062116_1.jpg,oreochromis niloticus,0,Highly Fresh
data\mendeley\Oreochromis Mossambicus - Not Fresh\IMG_20191115_060356_3.jpg,oreochromis mossambicus,2,Not Fresh
data\mendeley\Johnius Trachycephalus - Highly Fresh\IMG_20191015_065821.jpg,johnius trachycephalus,0,Highly Fresh
data\mendeley\Johnius Trachycephalus - Fresh\IMG_20191017_065022.jpg,johnius trachycephalus,1,Fresh
data\mendeley\Oreochromis Mossambicus - Highly Fresh\IMG_20191110_080139_1.jpg,oreochromis mossambicus,0,Highly Fresh
data\mendeley\Rastrelliger Faughni - Not Fresh\IMG_20191019_061343.jpg,rastrelliger faughni,2,Not Fresh
data\mendeley\Johnius Trachycephalus - Fresh\IMG_20191017_070643.jpg,johnius trachycephalus,1,Fresh
data\mendeley\Rastrelliger Faughni - Highly Fresh\IMG_20191110_055549_4.jpg,rastrelliger faughni,0,Highly Fresh
data\mendeley\Oreochromis Mossambicus - Fresh\IMG_20191113_055042_2.jpg,oreochromis mossambicus,1,Fresh
data\mendeley\Eleutheronema Tetradactylum - Fresh\IMG_20191017_071504.jpg,eleutheronema tetradactylum,1,Fresh
data\mendeley\Chanos Chanos - Not Fresh\IMG_20191005_071905.jpg,chanos chanos,2,Not Fresh
data\mendeley\Chanos Chanos - Fresh\IMG_20191002_062803.jpg,chanos chanos,1,Fresh
data\mendeley\Chanos Chanos - Highly Fresh\IMG_20191110_060728.jpg,chanos chanos,0,Highly Fresh
data\mendeley\Johnius Trachycephalus - Not Fresh\IMG_20191019_062449.jpg,johnius trachycephalus,2,Not Fresh
data\mendeley\Chanos Chanos - Highly Fresh\IMG_20190930_071124.jpg,chanos chanos,0,Highly Fresh
data\mendeley\Oreochromis Niloticus - Highly Fresh\IMG_20191110_062133_3.jpg,oreochromis niloticus,0,Highly Fresh
data\mendeley\Rastrelliger Faughni - Not Fresh\IMG_20191115_060924.jpg,rastrelliger faughni,2,Not Fresh
data\mendeley\Oreochromis Niloticus - Not Fresh\IMG_20191114_055917_3.jpg,oreochromis niloticus,2,Not Fresh
data\mendeley\Eleutheronema Tetradactylum - Fresh\IMG_20191016_071712.jpg,eleutheronema tetradactylum,1,Fresh
data\mendeley\Upeneus Moluccensis - Fresh\IMG_20191112_055858_2.jpg,upeneus moluccensis,1,Fresh
data\mendeley\Oreochromis Mossambicus - Fresh\IMG_20191112_055123_3.jpg,oreochromis mossambicus,1,Fresh
data\mendeley\Upeneus Moluccensis - Not Fresh\IMG_20191115_062946.jpg,upeneus moluccensis,2,Not Fresh
data\mendeley\Rastrelliger Faughni - Highly Fresh\IMG_20191015_064326.jpg,rastrelliger faughni,0,Highly Fresh
data\mendeley\Nibea Albiflora - Not Fresh\IMG_20191114_062728_1.jpg,nibea albiflora,2,Not Fresh
data\mendeley\Upeneus Moluccensis - Highly Fresh\IMG_20191111_060736.jpg,upeneus moluccensis,0,Highly Fresh
data\mendeley\Oreochromis Mossambicus - Highly Fresh\IMG_20191110_055235_13.jpg,oreochromis mossambicus,0,Highly Fresh
data\mendeley\Oreochromis Niloticus - Not Fresh\IMG_20191004_064737.jpg,oreochromis niloticus,2,Not Fresh
data\mendeley\Oreochromis Niloticus - Highly Fresh\IMG_20191111_054156_2.jpg,oreochromis niloticus,0,Highly Fresh
data\mendeley\Upeneus Moluccensis - Fresh\IMG_20191113_061850_3.jpg,upeneus moluccensis,1,Fresh
data\mendeley\Eleutheronema Tetradactylum - Not Fresh\IMG_20191019_064244.jpg,eleutheronema tetradactylum,2,Not Fresh
data\mendeley\Nibea Albiflora -  Highly Fresh\IMG_20191110_080522.jpg,nibea albiflora,0,Highly Fresh
data\mendeley\Upeneus Moluccensis - Fresh\IMG_20191017_061948.jpg,upeneus moluccensis,1,Fresh
data\mendeley\Chanos Chanos - Fresh\IMG_20191003_064956.jpg,chanos chanos,1,Fresh
data\mendeley\Oreochromis Niloticus - Highly Fresh\IMG_20191110_072616.jpg,oreochromis niloticus,0,Highly Fresh
data\mendeley\Oreochromis Niloticus - Fresh\IMG_20191002_064343.jpg,oreochromis niloticus,1,Fresh
data\mendeley\Oreochromis Niloticus - Highly Fresh\IMG_20191110_072801_3.jpg,oreochromis niloticus,0,Highly Fresh
data\mendeley\Nibea Albiflora -  Highly Fresh\IMG_20191110_080626.jpg,nibea albiflora,0,Highly Fresh
data\mendeley\Oreochromis Mossambicus - Highly Fresh\IMG_20191110_055124_6.jpg,oreochromis mossambicus,0,Highly Fresh
data\mendeley\Rastrelliger Faughni - Not Fresh\IMG_20191114_061809.jpg,rastrelliger faughni,2,Not Fresh
data\mendeley\Upeneus Moluccensis - Highly Fresh\IMG_20191015_062603.jpg,upeneus moluccensis,0,Highly Fresh
data\mendeley\Upeneus Moluccensis - Highly Fresh\IMG_20191111_061316_2.jpg,upeneus moluccensis,0,Highly Fresh
data\mendeley\Rastrelliger Faughni - Not Fresh\IMG_20191114_061237.jpg,rastrelliger faughni,2,Not Fresh
data\mendeley\Oreochromis Niloticus - Highly Fresh\IMG_20190930_072410.jpg,oreochromis niloticus,0,Highly Fresh
data\mendeley\Upeneus Moluccensis - Not Fresh\IMG_20191114_063947_1.jpg,upeneus moluccensis,2,Not Fresh
data\mendeley\Rastrelliger Faughni - Fresh\IMG_20191113_055933_1.jpg,rastrelliger faughni,1,Fresh
data\mendeley\Rastrelliger Faughni - Not Fresh\IMG_20191114_062019.jpg,rastrelliger faughni,2,Not Fresh
data\mendeley\Rastrelliger Faughni - Highly Fresh\IMG_20191110_074958_5.jpg,rastrelliger faughni,0,Highly Fresh
data\mendeley\Oreochromis Mossambicus - Highly Fresh\IMG_20191111_055158.jpg,oreochromis mossambicus,0,Highly Fresh
data\mendeley\Oreochromis Mossambicus - Fresh\IMG_20191113_054723_3.jpg,oreochromis mossambicus,1,Fresh
data\mendeley\Rastrelliger Faughni - Not Fresh\IMG_20191018_055133.jpg,rastrelliger faughni,2,Not Fresh
data\mendeley\Oreochromis Mossambicus - Highly Fresh\IMG_20191110_055135.jpg,oreochromis mossambicus,0,Highly Fresh
data\mendeley\Chanos Chanos - Not Fresh\IMG_20191004_063436.jpg,chanos chanos,2,Not Fresh
data\mendeley\Chanos Chanos - Highly Fresh\IMG_20190930_071022.jpg,chanos chanos,0,Highly Fresh
data\mendeley\Oreochromis Niloticus - Highly Fresh\IMG_20191001_064904.jpg,oreochromis niloticus,0,Highly Fresh
data\mendeley\Oreochromis Mossambicus - Highly Fresh\IMG_20191111_055419_2.jpg,oreochromis mossambicus,0,Highly Fresh
data\mendeley\Upeneus Moluccensis - Not Fresh\IMG_20191115_063219_2.jpg,upeneus moluccensis,2,Not Fresh
data\mendeley\Upeneus Moluccensis - Fresh\IMG_20191112_060442_2.jpg,upeneus moluccensis,1,Fresh
data\mendeley\Chanos Chanos - Fresh\IMG_20191113_052039.jpg,chanos chanos,1,Fresh
data\mendeley\Oreochromis Niloticus - Highly Fresh\IMG_20190930_072236.jpg,oreochromis niloticus,0,Highly Fresh
data\mendeley\Oreochromis Mossambicus - Not Fresh\IMG_20191114_060658_2.jpg,oreochromis mossambicus,2,Not Fresh
data\mendeley\Eleutheronema Tetradactylum - Fresh\IMG_20191016_070958.jpg,eleutheronema tetradactylum,1,Fresh
data\mendeley\Oreochromis Niloticus - Fresh\IMG_20191112_053932_3.jpg,oreochromis niloticus,1,Fresh
data\mendeley\Oreochromis Mossambicus - Highly Fresh\IMG_20191111_055827_1.jpg,oreochromis mossambicus,0,Highly Fresh
data\mendeley\Oreochromis Mossambicus - Highly Fresh\IMG_20191110_080124.jpg,oreochromis mossambicus,0,Highly Fresh
data\mendeley\Rastrelliger Faughni - Fresh\IMG_20191016_064702.jpg,rastrelliger faughni,1,Fresh
data\mendeley\Rastrelliger Faughni - Not Fresh\IMG_20191114_061728.jpg,rastrelliger faughni,2,Not Fresh
data\mendeley\Rastrelliger Faughni - Highly Fresh\IMG_20191015_063615.jpg,rastrelliger faughni,0,Highly Fresh
data\mendeley\Upeneus Moluccensis - Not Fresh\IMG_20191115_064007_3.jpg,upeneus moluccensis,2,Not Fresh
data\mendeley\Upeneus Moluccensis - Not Fresh\IMG_20191114_064004_3.jpg,upeneus moluccensis,2,Not Fresh
data\mendeley\Upeneus Moluccensis - Highly Fresh\IMG_20191111_061303_7.jpg,upeneus moluccensis,0,Highly Fresh
data\mendeley\Nibea Albiflora - Not Fresh\IMG_20191114_062434.jpg,nibea albiflora,2,Not Fresh
data\mendeley\Oreochromis Niloticus - Not Fresh\IMG_20191115_054514_1.jpg,oreochromis niloticus,2,Not Fresh
data\mendeley\Nibea Albiflora -  Highly Fresh\IMG_20191111_063222.jpg,nibea albiflora,0,Highly Fresh
data\mendeley\Rastrelliger Faughni - Fresh\IMG_20191017_064755.jpg,rastrelliger faughni,1,Fresh
data\mendeley\Upeneus Moluccensis - Highly Fresh\IMG_20191110_073411.jpg,upeneus moluccensis,0,Highly Fresh
data\mendeley\Nibea Albiflora -  Highly Fresh\IMG_20191111_063309.jpg,nibea albiflora,0,Highly Fresh
data\mendeley\Oreochromis Mossambicus - Highly Fresh\IMG_20191110_080218_3.jpg,oreochromis mossambicus,0,Highly Fresh
data\mendeley\Rastrelliger Faughni - Fresh\IMG_20191112_062447.jpg,rastrelliger faughni,1,Fresh
data\mendeley\Rastrelliger Faughni - Highly Fresh\IMG_20191111_061646.jpg,rastrelliger faughni,0,Highly Fresh
data\mendeley\Oreochromis Niloticus - Not Fresh\IMG_20191004_064221.jpg,oreochromis niloticus,2,Not Fresh
data\mendeley\Rastrelliger Faughni - Fresh\IMG_20191112_062551.jpg,rastrelliger faughni,1,Fresh
data\mendeley\Oreochromis Niloticus - Not Fresh\IMG_20191115_054457_2.jpg,oreochromis niloticus,2,Not Fresh
data\mendeley\Oreochromis Niloticus - Highly Fresh\IMG_20191110_072725_!.jpg,oreochromis niloticus,0,Highly Fresh
data\mendeley\Oreochromis Niloticus - Fresh\IMG_20191113_054024_1.jpg,oreochromis niloticus,1,Fresh
data\mendeley\Nibea Albiflora - Fresh\IMG_20191113_061110.jpg,nibea albiflora,1,Fresh
data\mendeley\Upeneus Moluccensis - Fresh\IMG_20191112_055919_2.jpg,upeneus moluccensis,1,Fresh
data\mendeley\Oreochromis Mossambicus - Fresh\IMG_20191113_054732_3.jpg,oreochromis mossambicus,1,Fresh
data\mendeley\Nibea Albiflora -  Highly Fresh\IMG_20191111_063422_2.jpg,nibea albiflora,0,Highly Fresh
data\mendeley\Chanos Chanos - Fresh\IMG_20191003_064736.jpg,chanos chanos,1,Fresh
data\mendeley\Rastrelliger Faughni - Highly Fresh\IMG_20191110_055549_2.jpg,rastrelliger faughni,0,Highly Fresh
data\mendeley\Rastrelliger Faughni - Not Fresh\IMG_20191115_061522_3.jpg,rastrelliger faughni,2,Not Fresh
data\mendeley\Nibea Albiflora - Not Fresh\IMG_20191115_061649.jpg,nibea albiflora,2,Not Fresh
data\mendeley\Oreochromis Niloticus - Fresh\IMG_20191113_054024.jpg,oreochromis niloticus,1,Fresh
data\mendeley\Upeneus Moluccensis - Not Fresh\IMG_20191115_062936.jpg,upeneus moluccensis,2,Not Fresh
data\mendeley\Oreochromis Niloticus - Not Fresh\IMG_20191115_055149.jpg,oreochromis niloticus,2,Not Fresh
data\mendeley\Chanos Chanos - Not Fresh\IMG_20191114_054501.jpg,chanos chanos,2,Not Fresh
data\mendeley\Upeneus Moluccensis - Not Fresh\IMG_20191114_063643.jpg,upeneus moluccensis,2,Not Fresh
data\mendeley\Upeneus Moluccensis - Not Fresh\IMG_20191115_063812.jpg,upeneus moluccensis,2,Not Fresh
data\mendeley\Upeneus Moluccensis - Fresh\IMG_20191112_060253.jpg,upeneus moluccensis,1,Fresh
data\mendeley\Upeneus Moluccensis - Highly Fresh\IMG_20191111_061038_4.jpg,upeneus moluccensis,0,Highly Fresh
data\mendeley\Chanos Chanos - Fresh\IMG_20191002_063139.jpg,chanos chanos,1,Fresh
data\mendeley\Oreochromis Mossambicus - Not Fresh\IMG_20191114_060912_3.jpg,oreochromis mossambicus,2,Not Fresh
data\mendeley\Johnius Trachycephalus - Highly Fresh\IMG_20191014_071711.jpg,johnius trachycephalus,0,Highly Fresh
data\mendeley\Chanos Chanos - Fresh\IMG_20191112_052626.jpg,chanos chanos,1,Fresh
data\mendeley\Oreochromis Mossambicus - Fresh\IMG_20191112_054224.jpg,oreochromis mossambicus,1,Fresh
data\mendeley\Chanos Chanos - Fresh\IMG_20191002_062711.jpg,chanos chanos,1,Fresh
data\mendeley\Chanos Chanos - Highly Fresh\IMG_20191111_052939.jpg,chanos chanos,0,Highly Fresh
data\mendeley\Oreochromis Niloticus - Highly Fresh\IMG_20191110_072736_5.jpg,oreochromis niloticus,0,Highly Fresh
data\mendeley\Johnius Trachycephalus - Fresh\IMG_20191017_065600.jpg,johnius trachycephalus,1,Fresh
data\mendeley\Johnius Trachycephalus - Highly Fresh\IMG_20191014_071209.jpg,johnius trachycephalus,0,Highly Fresh
data\mendeley\Upeneus Moluccensis - Highly Fresh\IMG_20191111_061316_4.jpg,upeneus moluccensis,0,Highly Fresh
data\mendeley\Eleutheronema Tetradactylum - Highly Fresh\IMG_20191015_072033.jpg,eleutheronema tetradactylum,0,Highly Fresh
data\mendeley\Upeneus Moluccensis - Fresh\IMG_20191016_063607.jpg,upeneus moluccensis,1,Fresh
data\mendeley\Upeneus Moluccensis - Not Fresh\IMG_20191018_054146.jpg,upeneus moluccensis,2,Not Fresh
data\mendeley\Oreochromis Niloticus - Fresh\IMG_20191113_053829.jpg,oreochromis niloticus,1,Fresh
data\mendeley\Oreochromis Mossambicus - Highly Fresh\IMG_20191111_055119_1.jpg,oreochromis mossambicus,0,Highly Fresh
data\mendeley\Rastrelliger Faughni - Not Fresh\IMG_20191115_061400_1.jpg,rastrelliger faughni,2,Not Fresh
data\mendeley\Oreochromis Niloticus - Fresh\IMG_20191002_064421.jpg,oreochromis niloticus,1,Fresh
data\mendeley\Nibea Albiflora -  Highly Fresh\IMG_20191111_063523_1.jpg,nibea albiflora,0,Highly Fresh
data\mendeley\Oreochromis Niloticus - Highly Fresh\IMG_20191111_054634_1.jpg,oreochromis niloticus,0,Highly Fresh
data\mendeley\Upeneus Moluccensis - Not Fresh\IMG_20191115_063007.jpg,upeneus moluccensis,2,Not Fresh
data\mendeley\Chanos Chanos - Fresh\IMG_20191003_064817.jpg,chanos chanos,1,Fresh
data\mendeley\Nibea Albiflora -  Highly Fresh\IMG_20191110_080424.jpg,nibea albiflora,0,Highly Fresh
data\mendeley\Rastrelliger Faughni - Highly Fresh\IMG_20191110_075141.jpg,rastrelliger faughni,0,Highly Fresh
data\mendeley\Upeneus Moluccensis - Fresh\IMG_20191016_062825.jpg,upeneus moluccensis,1,Fresh
data\mendeley\Oreochromis Niloticus - Highly Fresh\IMG_20191111_054516.jpg,oreochromis niloticus,0,Highly Fresh
data\mendeley\Rastrelliger Faughni - Fresh\IMG_20191112_063807_2.jpg,rastrelliger faughni,1,Fresh
data\mendeley\Oreochromis Niloticus - Highly Fresh\IMG_20191110_062047_4.jpg,oreochromis niloticus,0,Highly Fresh
data\mendeley\Oreochromis Mossambicus - Fresh\IMG_20191112_054217.jpg,oreochromis mossambicus,1,Fresh
data\mendeley\Nibea Albiflora - Fresh\IMG_20191113_060403.jpg,nibea albiflora,1,Fresh
data\mendeley\Rastrelliger Faughni - Fresh\IMG_20191113_055553_2.jpg,rastrelliger faughni,1,Fresh
data\mendeley\Oreochromis Niloticus - Highly Fresh\IMG_20191001_064643.jpg,oreochromis niloticus,0,Highly Fresh
data\mendeley\Johnius Trachycephalus - Not Fresh\IMG_20191019_063009.jpg,johnius trachycephalus,2,Not Fresh
data\mendeley\Rastrelliger Faughni - Not Fresh\IMG_20191018_055759.jpg,rastrelliger faughni,2,Not Fresh
data\mendeley\Rastrelliger Faughni - Fresh\IMG_20191112_062526.jpg,rastrelliger faughni,1,Fresh
data\mendeley\Johnius Trachycephalus - Not Fresh\IMG_20191018_060805.jpg,johnius trachycephalus,2,Not Fresh
data\mendeley\Rastrelliger Faughni - Not Fresh\IMG_20191018_055552.jpg,rastrelliger faughni,2,Not Fresh
data\mendeley\Nibea Albiflora -  Highly Fresh\IMG_20191110_080719.jpg,nibea albiflora,0,Highly Fresh
data\mendeley\Chanos Chanos - Not Fresh\IMG_20191114_053811.jpg,chanos chanos,2,Not Fresh
data\mendeley\Eleutheronema Tetradactylum - Highly Fresh\IMG_20191015_071745.jpg,eleutheronema tetradactylum,0,Highly Fresh
data\mendeley\Oreochromis Niloticus - Not Fresh\IMG_20191115_055110.jpg,oreochromis niloticus,2,Not Fresh
data\mendeley\Oreochromis Mossambicus - Fresh\IMG_20191113_054704_2.jpg,oreochromis mossambicus,1,Fresh
data\mendeley\Oreochromis Mossambicus - Highly Fresh\IMG_20191111_054857.jpg,oreochromis mossambicus,0,Highly Fresh
data\mendeley\Rastrelliger Faughni - Fresh\IMG_20191017_063837.jpg,rastrelliger faughni,1,Fresh
data\mendeley\Oreochromis Niloticus - Not Fresh\IMG_20191004_064406.jpg,oreochromis niloticus,2,Not Fresh
data\mendeley\Oreochromis Mossambicus - Not Fresh\IMG_20191114_060912_4.jpg,oreochromis mossambicus,2,Not Fresh
data\mendeley\Rastrelliger Faughni - Not Fresh\IMG_20191018_055820.jpg,rastrelliger faughni,2,Not Fresh
data\mendeley\Oreochromis Mossambicus - Highly Fresh\IMG_20191110_075758.jpg,oreochromis mossambicus,0,Highly Fresh
data\mendeley\Oreochromis Mossambicus - Fresh\IMG_20191113_055144_1.jpg,oreochromis mossambicus,1,Fresh
data\mendeley\Nibea Albiflora - Fresh\IMG_20191113_061004_2.jpg,nibea albiflora,1,Fresh
data\mendeley\Upeneus Moluccensis - Not Fresh\IMG_20191115_063806.jpg,upeneus moluccensis,2,Not Fresh
data\mendeley\Oreochromis Niloticus - Not Fresh\IMG_20191115_054739.jpg,oreochromis niloticus,2,Not Fresh
data\mendeley\Oreochromis Mossambicus - Not Fresh\IMG_20191115_055740.jpg,oreochromis mossambicus,2,Not Fresh
data\mendeley\Oreochromis Niloticus - Highly Fresh\IMG_20191111_053546.jpg,oreochromis niloticus,0,Highly Fresh
data\mendeley\Rastrelliger Faughni - Highly Fresh\IMG_20191014_065903.jpg,rastrelliger faughni,0,Highly Fresh
data\mendeley\Chanos Chanos - Not Fresh\IMG_20191114_053824.jpg,chanos chanos,2,Not Fresh
data\mendeley\Oreochromis Niloticus - Not Fresh\IMG_20191114_055937_1.jpg,oreochromis niloticus,2,Not Fresh
data\mendeley\Oreochromis Niloticus - Not Fresh\IMG_20191115_054533.jpg,oreochromis niloticus,2,Not Fresh
data\mendeley\Upeneus Moluccensis - Highly Fresh\IMG_20191014_065456.jpg,upeneus moluccensis,0,Highly Fresh
data\mendeley\Oreochromis Mossambicus - Highly Fresh\IMG_20191111_060000_1.jpg,oreochromis mossambicus,0,Highly Fresh
data\mendeley\Upeneus Moluccensis - Highly Fresh\IMG_20191110_074302_2.jpg,upeneus moluccensis,0,Highly Fresh
data\mendeley\Oreochromis Niloticus - Highly Fresh\IMG_20191111_053751.jpg,oreochromis niloticus,0,Highly Fresh
data\mendeley\Nibea Albiflora -  Highly Fresh\IMG_20191110_080800_2.jpg,nibea albiflora,0,Highly Fresh
data\mendeley\Oreochromis Mossambicus - Fresh\IMG_20191112_054427_2.jpg,oreochromis mossambicus,1,Fresh
data\mendeley\Upeneus Moluccensis - Fresh\IMG_20191112_060321.jpg,upeneus moluccensis,1,Fresh
data\mendeley\Oreochromis Niloticus - Highly Fresh\IMG_20191110_072355_1.jpg,oreochromis niloticus,0,Highly Fresh
data\mendeley\Chanos Chanos - Not Fresh\IMG_20191115_053530.jpg,chanos chanos,2,Not Fresh
data\mendeley\Rastrelliger Faughni - Not Fresh\IMG_20191114_061334.jpg,rastrelliger faughni,2,Not Fresh
data\mendeley\Rastrelliger Faughni - Fresh\IMG_20191113_060130.jpg,rastrelliger faughni,1,Fresh
data\mendeley\Johnius Trachycephalus - Fresh\IMG_20191016_065851.jpg,johnius trachycephalus,1,Fresh
data\mendeley\Eleutheronema Tetradactylum - Not Fresh\IMG_20191018_061231.jpg,eleutheronema tetradactylum,2,Not Fresh
data\mendeley\Upeneus Moluccensis - Not Fresh\IMG_20191018_054007_3.jpg,upeneus moluccensis,2,Not Fresh
data\mendeley\Upeneus Moluccensis - Not Fresh\IMG_20191115_063656_1.jpg,upeneus moluccensis,2,Not Fresh
data\mendeley\Oreochromis Mossambicus - Highly Fresh\IMG_20191111_055720.jpg,oreochromis mossambicus,0,Highly Fresh
data\mendeley\Rastrelliger Faughni - Not Fresh\IMG_20191115_060610.jpg,rastrelliger faughni,2,Not Fresh
data\mendeley\Upeneus Moluccensis - Highly Fresh\IMG_20191111_061244_4.jpg,upeneus moluccensis,0,Highly Fresh
data\mendeley\Oreochromis Mossambicus - Highly Fresh\IMG_20191110_055223_8.jpg,oreochromis mossambicus,0,Highly Fresh
data\mendeley\Oreochromis Mossambicus - Highly Fresh\IMG_20191111_055445_5.jpg,oreochromis mossambicus,0,Highly Fresh
data\mendeley\Oreochromis Niloticus - Highly Fresh\IMG_20191110_072528.jpg,oreochromis niloticus,0,Highly Fresh
data\mendeley\Oreochromis Niloticus - Highly Fresh\IMG_20191110_071342.jpg,oreochromis niloticus,0,Highly Fresh
data\mendeley\Rastrelliger Faughni - Highly Fresh\IMG_20191110_074823.jpg,rastrelliger faughni,0,Highly Fresh
data\mendeley\Oreochromis Mossambicus - Highly Fresh\IMG_20191110_055132.jpg,oreochromis mossambicus,0,Highly Fresh
data\mendeley\Rastrelliger Faughni - Not Fresh\IMG_20191018_055515.jpg,rastrelliger faughni,2,Not Fresh
data\mendeley\Eleutheronema Tetradactylum - Not Fresh\IMG_20191018_062148.jpg,eleutheronema tetradactylum,2,Not Fresh
data\mendeley\Oreochromis Niloticus - Fresh\IMG_20191002_064612.jpg,oreochromis niloticus,1,Fresh
data\mendeley\Johnius Trachycephalus - Fresh\IMG_20191017_065842.jpg,johnius trachycephalus,1,Fresh
data\mendeley\Rastrelliger Faughni - Fresh\IMG_20191016_064539.jpg,rastrelliger faughni,1,Fresh
data\mendeley\Upeneus Moluccensis - Highly Fresh\IMG_20191110_073542.jpg,upeneus moluccensis,0,Highly Fresh
data\mendeley\Chanos Chanos - Highly Fresh\IMG_20190930_070924.jpg,chanos chanos,0,Highly Fresh
data\mendeley\Upeneus Moluccensis - Highly Fresh\IMG_20191110_073843_1.jpg,upeneus moluccensis,0,Highly Fresh
data\mendeley\Oreochromis Mossambicus - Not Fresh\IMG_20191114_060614.jpg,oreochromis mossambicus,2,Not Fresh
data\mendeley\Oreochromis Mossambicus - Highly Fresh\IMG_20191111_055457_6.jpg,oreochromis mossambicus,0,Highly Fresh
data\mendeley\Chanos Chanos - Not Fresh\IMG_20191004_063428.jpg,chanos chanos,2,Not Fresh
data\mendeley\Upeneus Moluccensis - Fresh\IMG_20191112_060714_3.jpg,upeneus moluccensis,1,Fresh
data\mendeley\Rastrelliger Faughni - Not Fresh\IMG_20191115_061423_2.jpg,rastrelliger faughni,2,Not Fresh
data\mendeley\Upeneus Moluccensis - Highly Fresh\IMG_20191110_074049.jpg,upeneus moluccensis,0,Highly Fresh
data\mendeley\Eleutheronema Tetradactylum - Fresh\IMG_20191016_071227.jpg,eleutheronema tetradactylum,1,Fresh
data\mendeley\Chanos Chanos - Highly Fresh\IMG_20191111_052901.jpg,chanos chanos,0,Highly Fresh
data\mendeley\Rastrelliger Faughni - Highly Fresh\IMG_20191110_075113.jpg,rastrelliger faughni,0,Highly Fresh
data\mendeley\Oreochromis Niloticus - Highly Fresh\IMG_20191110_072725_2.jpg,oreochromis niloticus,0,Highly Fresh
data\mendeley\Oreochromis Niloticus - Highly Fresh\IMG_20191111_054442.jpg,oreochromis niloticus,0,Highly Fresh
data\mendeley\Nibea Albiflora - Not Fresh\IMG_20191115_061638.jpg,nibea albiflora,2,Not Fresh
data\mendeley\Oreochromis Mossambicus - Highly Fresh\IMG_20191110_055235_6.jpg,oreochromis mossambicus,0,Highly Fresh
data\mendeley\Oreochromis Niloticus - Highly Fresh\IMG_20191110_062058_1.jpg,oreochromis niloticus,0,Highly Fresh
data\mendeley\Rastrelliger Faughni - Highly Fresh\IMG_20191111_062147.jpg,rastrelliger faughni,0,Highly Fresh
data\mendeley\Oreochromis Mossambicus - Highly Fresh\IMG_20191110_055129.jpg,oreochromis mossambicus,0,Highly Fresh
data\mendeley\Rastrelliger Faughni - Highly Fresh\IMG_20191014_070229.jpg,rastrelliger faughni,0,Highly Fresh
data\mendeley\Rastrelliger Faughni - Highly Fresh\IMG_20191015_063954.jpg,rastrelliger faughni,0,Highly Fresh
data\mendeley\Rastrelliger Faughni - Fresh\IMG_20191017_064000.jpg,rastrelliger faughni,1,Fresh
data\mendeley\Nibea Albiflora - Not Fresh\IMG_20191115_062016_2.jpg,nibea albiflora,2,Not Fresh
data\mendeley\Rastrelliger Faughni - Not Fresh\IMG_20191114_061829_3.jpg,rastrelliger faughni,2,Not Fresh
data\mendeley\Upeneus Moluccensis - Highly Fresh\IMG_20191111_061038_3.jpg,upeneus moluccensis,0,Highly Fresh
data\mendeley\Oreochromis Niloticus - Fresh\IMG_20191112_053448_4.jpg,oreochromis niloticus,1,Fresh
data\mendeley\Johnius Trachycephalus - Highly Fresh\IMG_20191015_065354.jpg,johnius trachycephalus,0,Highly Fresh
data\mendeley\Rastrelliger Faughni - Highly Fresh\IMG_20191110_075422_3.jpg,rastrelliger faughni,0,Highly Fresh
data\mendeley\Nibea Albiflora - Not Fresh\IMG_20191114_062450.jpg,nibea albiflora,2,Not Fresh
data\mendeley\Nibea Albiflora -  Highly Fresh\IMG_20191110_080704.jpg,nibea albiflora,0,Highly Fresh
data\mendeley\Rastrelliger Faughni - Fresh\IMG_20191113_055933_2.jpg,rastrelliger faughni,1,Fresh
data\mendeley\Rastrelliger Faughni - Not Fresh\IMG_20191114_061536_3.jpg,rastrelliger faughni,2,Not Fresh
data\mendeley\Oreochromis Niloticus - Fresh\IMG_20191112_053256.jpg,oreochromis niloticus,1,Fresh
data\mendeley\Oreochromis Mossambicus - Highly Fresh\IMG_20191110_055223_9.jpg,oreochromis mossambicus,0,Highly Fresh
data\mendeley\Nibea Albiflora - Not Fresh\IMG_20191115_062245.jpg,nibea albiflora,2,Not Fresh
data\mendeley\Oreochromis Niloticus - Highly Fresh\IMG_20191111_054019_1.jpg,oreochromis niloticus,0,Highly Fresh
data\mendeley\Oreochromis Mossambicus - Not Fresh\IMG_20191114_060543.jpg,oreochromis mossambicus,2,Not Fresh
data\mendeley\Chanos Chanos - Fresh\IMG_20191002_062836.jpg,chanos chanos,1,Fresh
data\mendeley\Upeneus Moluccensis - Highly Fresh\IMG_20191110_061116_2.jpg,upeneus moluccensis,0,Highly Fresh
data\mendeley\Oreochromis Niloticus - Fresh\IMG_20191112_064253_2.jpg,oreochromis niloticus,1,Fresh
data\mendeley\Rastrelliger Faughni - Highly Fresh\IMG_20191111_061750.jpg,rastrelliger faughni,0,Highly Fresh
data\mendeley\Oreochromis Mossambicus - Fresh\IMG_20191113_055111_5.jpg,oreochromis mossambicus,1,Fresh
data\mendeley\Johnius Trachycephalus - Not Fresh\IMG_20191019_063039.jpg,johnius trachycephalus,2,Not Fresh
data\mendeley\Oreochromis Mossambicus - Highly Fresh\IMG_20191110_075851.jpg,oreochromis mossambicus,0,Highly Fresh
data\mendeley\Chanos Chanos - Not Fresh\IMG_20191114_054251.jpg,chanos chanos,2,Not Fresh
data\mendeley\Upeneus Moluccensis - Fresh\IMG_20191016_062610.jpg,upeneus moluccensis,1,Fresh
data\mendeley\Upeneus Moluccensis - Highly Fresh\IMG_20191111_060625.jpg,upeneus moluccensis,0,Highly Fresh
data\mendeley\Chanos Chanos - Not Fresh\IMG_20191114_054215.jpg,chanos chanos,2,Not Fresh
data\mendeley\Chanos Chanos - Highly Fresh\IMG_20190930_070337.jpg,chanos chanos,0,Highly Fresh
data\mendeley\Johnius Trachycephalus - Fresh\IMG_20191017_065858.jpg,johnius trachycephalus,1,Fresh
data\mendeley\Chanos Chanos - Highly Fresh\IMG_20191110_081440.jpg,chanos chanos,0,Highly Fresh
data\mendeley\Rastrelliger Faughni - Fresh\IMG_20191017_063619.jpg,rastrelliger faughni,1,Fresh
data\mendeley\Upeneus Moluccensis - Highly Fresh\IMG_20191110_061134_5.jpg,upeneus moluccensis,0,Highly Fresh
data\mendeley\Oreochromis Niloticus - Highly Fresh\IMG_20191001_064513.jpg,oreochromis niloticus,0,Highly Fresh
data\mendeley\Chanos Chanos - Fresh\IMG_20191113_052113.jpg,chanos chanos,1,Fresh
data\mendeley\Oreochromis Niloticus - Highly Fresh\IMG_20191111_054425.jpg,oreochromis niloticus,0,Highly Fresh
data\mendeley\Rastrelliger Faughni - Highly Fresh\IMG_20191110_075152.jpg,rastrelliger faughni,0,Highly Fresh
data\mendeley\Upeneus Moluccensis - Not Fresh\IMG_20191114_063344.jpg,upeneus moluccensis,2,Not Fresh
data\mendeley\Nibea Albiflora -  Highly Fresh\IMG_20191111_063753_5.jpg,nibea albiflora,0,Highly Fresh
data\mendeley\Oreochromis Mossambicus - Not Fresh\IMG_20191115_055443.jpg,oreochromis mossambicus,2,Not Fresh
data\mendeley\Oreochromis Niloticus - Fresh\IMG_20191002_064606.jpg,oreochromis niloticus,1,Fresh
data\mendeley\Chanos Chanos - Fresh\IMG_20191002_063425.jpg,chanos chanos,1,Fresh
data\mendeley\Rastrelliger Faughni - Fresh\IMG_20191112_063742_1.jpg,rastrelliger faughni,1,Fresh
data\mendeley\Oreochromis Mossambicus - Fresh\IMG_20191112_054527_1.jpg,oreochromis mossambicus,1,Fresh
data\mendeley\Oreochromis Niloticus - Highly Fresh\IMG_20191110_071401.jpg,oreochromis niloticus,0,Highly Fresh
data\mendeley\Rastrelliger Faughni - Fresh\IMG_20191112_062751_1.jpg,rastrelliger faughni,1,Fresh
data\mendeley\Oreochromis Mossambicus - Highly Fresh\IMG_20191110_075924_1.jpg,oreochromis mossambicus,0,Highly Fresh
data\mendeley\Rastrelliger Faughni - Highly Fresh\IMG_20191015_064258.jpg,rastrelliger faughni,0,Highly Fresh
data\mendeley\Rastrelliger Faughni - Highly Fresh\IMG_20191110_075351_4.jpg,rastrelliger faughni,0,Highly Fresh
data\mendeley\Upeneus Moluccensis - Not Fresh\IMG_20191115_063606.jpg,upeneus moluccensis,2,Not Fresh
data\mendeley\Oreochromis Niloticus - Highly Fresh\IMG_20191110_072417_2.jpg,oreochromis niloticus,0,Highly Fresh
data\mendeley\Upeneus Moluccensis - Highly Fresh\IMG_20191014_065442.jpg,upeneus moluccensis,0,Highly Fresh
data\mendeley\Rastrelliger Faughni - Highly Fresh\IMG_20191014_070118.jpg,rastrelliger faughni,0,Highly Fresh
data\mendeley\Oreochromis Mossambicus - Highly Fresh\IMG_20191110_055204_3.jpg,oreochromis mossambicus,0,Highly Fresh
data\mendeley\Oreochromis Niloticus - Highly Fresh\IMG_20191110_073128_4.jpg,oreochromis niloticus,0,Highly Fresh
data\mendeley\Rastrelliger Faughni - Not Fresh\IMG_20191018_055246.jpg,rastrelliger faughni,2,Not Fresh
data\mendeley\Upeneus Moluccensis - Fresh\IMG_20191113_061955.jpg,upeneus moluccensis,1,Fresh
data\mendeley\Oreochromis Niloticus - Fresh\IMG_20191112_053431_1.jpg,oreochromis niloticus,1,Fresh
data\mendeley\Johnius Trachycephalus - Highly Fresh\IMG_20191015_065525.jpg,johnius trachycephalus,0,Highly Fresh
data\mendeley\Chanos Chanos - Fresh\IMG_20191002_062812.jpg,chanos chanos,1,Fresh
data\mendeley\Oreochromis Niloticus - Highly Fresh\IMG_20191110_072955.jpg,oreochromis niloticus,0,Highly Fresh
data\mendeley\Nibea Albiflora - Fresh\IMG_20191113_061004_1.jpg,nibea albiflora,1,Fresh
data\mendeley\Oreochromis Mossambicus - Highly Fresh\IMG_20191111_055414_1.jpg,oreochromis mossambicus,0,Highly Fresh
data\mendeley\Oreochromis Mossambicus - Highly Fresh\IMG_20191111_060000_3.jpg,oreochromis mossambicus,0,Highly Fresh
data\mendeley\Rastrelliger Faughni - Highly Fresh\IMG_20191110_074426.jpg,rastrelliger faughni,0,Highly Fresh
data\mendeley\Oreochromis Mossambicus - Fresh\IMG_20191113_054828.jpg,oreochromis mossambicus,1,Fresh
data\mendeley\Upeneus Moluccensis - Fresh\IMG_20191112_060648_2.jpg,upeneus moluccensis,1,Fresh
data\mendeley\Oreochromis Niloticus - Fresh\IMG_20191002_064454.jpg,oreochromis niloticus,1,Fresh
data\mendeley\Oreochromis Niloticus - Not Fresh\IMG_20191005_071357.jpg,oreochromis niloticus,2,Not Fresh
data\mendeley\Rastrelliger Faughni - Not Fresh\IMG_20191018_055127.jpg,rastrelliger faughni,2,Not Fresh
data\mendeley\Eleutheronema Tetradactylum - Highly Fresh\IMG_20191014_072348.jpg,eleutheronema tetradactylum,0,Highly Fresh
data\mendeley\Chanos Chanos - Not Fresh\IMG_20191004_063930.jpg,chanos chanos,2,Not Fresh
data\mendeley\Oreochromis Niloticus - Not Fresh\IMG_20191114_055448.jpg,oreochromis niloticus,2,Not Fresh
data\mendeley\Oreochromis Niloticus - Not Fresh\IMG_20191114_055504.jpg,oreochromis niloticus,2,Not Fresh
data\mendeley\Oreochromis Niloticus - Fresh\IMG_20191113_053907.jpg,oreochromis niloticus,1,Fresh
data\mendeley\Rastrelliger Faughni - Fresh\IMG_20191113_055622_1.jpg,rastrelliger faughni,1,Fresh
data\mendeley\Oreochromis Mossambicus - Highly Fresh\IMG_20191110_055124_5.jpg,oreochromis mossambicus,0,Highly Fresh
data\mendeley\Oreochromis Mossambicus - Fresh\IMG_20191112_055032_3.jpg,oreochromis mossambicus,1,Fresh
data\mendeley\Oreochromis Mossambicus - Highly Fresh\IMG_20191110_075811.jpg,oreochromis mossambicus,0,Highly Fresh
data\mendeley\Rastrelliger Faughni - Fresh\IMG_20191113_055953_1.jpg,rastrelliger faughni,1,Fresh
data\mendeley\Oreochromis Niloticus - Highly Fresh\IMG_20190930_072429.jpg,oreochromis niloticus,0,Highly Fresh
data\mendeley\Upeneus Moluccensis - Fresh\IMG_20191017_062033.jpg,upeneus moluccensis,1,Fresh
data\mendeley\Eleutheronema Tetradactylum - Not Fresh\IMG_20191018_062044.jpg,eleutheronema tetradactylum,2,Not Fresh
data\mendeley\Upeneus Moluccensis - Not Fresh\IMG_20191018_054901.jpg,upeneus moluccensis,2,Not Fresh
data\mendeley\Eleutheronema Tetradactylum - Fresh\IMG_20191017_070934.jpg,eleutheronema tetradactylum,1,Fresh
data\mendeley\Upeneus Moluccensis - Not Fresh\IMG_20191019_060127.jpg,upeneus moluccensis,2,Not Fresh
data\mendeley\Oreochromis Niloticus - Highly Fresh\IMG_20191111_054634_4.jpg,oreochromis niloticus,0,Highly Fresh
data\mendeley\Eleutheronema Tetradactylum - Not Fresh\IMG_20191018_061933.jpg,eleutheronema tetradactylum,2,Not Fresh
data\mendeley\Oreochromis Niloticus - Highly Fresh\IMG_20191111_054019_5.jpg,oreochromis niloticus,0,Highly Fresh
data\mendeley\Johnius Trachycephalus - Highly Fresh\IMG_20191015_070256.jpg,johnius trachycephalus,0,Highly Fresh
data\mendeley\Nibea Albiflora -  Highly Fresh\IMG_20191111_064057_2.jpg,nibea albiflora,0,Highly Fresh
data\mendeley\Rastrelliger Faughni - Highly Fresh\IMG_20191111_061848.jpg,rastrelliger faughni,0,Highly Fresh
data\mendeley\Rastrelliger Faughni - Highly Fresh\IMG_20191014_070743.jpg,rastrelliger faughni,0,Highly Fresh
data\mendeley\Rastrelliger Faughni - Not Fresh\IMG_20191114_061247.jpg,rastrelliger faughni,2,Not Fresh
data\mendeley\Oreochromis Mossambicus - Highly Fresh\IMG_20191111_055119_3.jpg,oreochromis mossambicus,0,Highly Fresh
data\mendeley\Oreochromis Niloticus - Not Fresh\IMG_20191114_055710.jpg,oreochromis niloticus,2,Not Fresh
data\mendeley\Upeneus Moluccensis - Fresh\IMG_20191112_060433_2.jpg,upeneus moluccensis,1,Fresh
data\mendeley\Oreochromis Mossambicus - Fresh\IMG_20191113_054723_2.jpg,oreochromis mossambicus,1,Fresh
data\mendeley\Oreochromis Mossambicus - Highly Fresh\IMG_20191110_075602.jpg,oreochromis mossambicus,0,Highly Fresh
data\mendeley\Oreochromis Mossambicus - Highly Fresh\IMG_20191110_055132_3.jpg,oreochromis mossambicus,0,Highly Fresh
data\mendeley\Rastrelliger Faughni - Highly Fresh\IMG_20191014_070022.jpg,rastrelliger faughni,0,Highly Fresh
data\mendeley\Upeneus Moluccensis - Fresh\IMG_20191112_055841_1.jpg,upeneus moluccensis,1,Fresh
data\mendeley\Upeneus Moluccensis - Fresh\IMG_20191112_055919_4.jpg,upeneus moluccensis,1,Fresh
data\mendeley\Nibea Albiflora -  Highly Fresh\IMG_20191111_063134_1.jpg,nibea albiflora,0,Highly Fresh
data\mendeley\Rastrelliger Faughni - Not Fresh\IMG_20191115_061020.jpg,rastrelliger faughni,2,Not Fresh
data\mendeley\Johnius Trachycephalus - Not Fresh\IMG_20191018_060821.jpg,johnius trachycephalus,2,Not Fresh
data\mendeley\Oreochromis Niloticus - Highly Fresh\IMG_20191110_073015.jpg,oreochromis niloticus,0,Highly Fresh
data\mendeley\Oreochromis Niloticus - Highly Fresh\IMG_20191110_072725_5.jpg,oreochromis niloticus,0,Highly Fresh
data\mendeley\Upeneus Moluccensis - Not Fresh\IMG_20191019_055859.jpg,upeneus moluccensis,2,Not Fresh
data\mendeley\Nibea Albiflora -  Highly Fresh\IMG_20191110_080914.jpg,nibea albiflora,0,Highly Fresh
data\mendeley\Rastrelliger Faughni - Fresh\IMG_20191112_063810_2.jpg,rastrelliger faughni,1,Fresh
data\mendeley\Upeneus Moluccensis - Highly Fresh\IMG_20191110_073343.jpg,upeneus moluccensis,0,Highly Fresh
data\mendeley\Chanos Chanos - Not Fresh\IMG_20191005_071740.jpg,chanos chanos,2,Not Fresh
data\mendeley\Oreochromis Niloticus - Highly Fresh\IMG_20191110_072417_3.jpg,oreochromis niloticus,0,Highly Fresh
data\mendeley\Johnius Trachycephalus - Highly Fresh\IMG_20191015_065432.jpg,johnius trachycephalus,0,Highly Fresh
data\mendeley\Upeneus Moluccensis - Not Fresh\IMG_20191019_055415.jpg,upeneus moluccensis,2,Not Fresh
data\mendeley\Upeneus Moluccensis - Not Fresh\IMG_20191115_062830.jpg,upeneus moluccensis,2,Not Fresh
data\mendeley\Johnius Trachycephalus - Not Fresh\IMG_20191019_063106.jpg,johnius trachycephalus,2,Not Fresh
data\mendeley\Nibea Albiflora - Not Fresh\IMG_20191115_062016_3.jpg,nibea albiflora,2,Not Fresh
data\mendeley\Chanos Chanos - Fresh\IMG_20191003_064516.jpg,chanos chanos,1,Fresh
data\mendeley\Nibea Albiflora - Not Fresh\IMG_20191114_062656.jpg,nibea albiflora,2,Not Fresh
data\mendeley\Oreochromis Mossambicus - Highly Fresh\IMG_20191110_075636.jpg,oreochromis mossambicus,0,Highly Fresh
data\mendeley\Rastrelliger Faughni - Not Fresh\IMG_20191115_061522_5.jpg,rastrelliger faughni,2,Not Fresh
data\mendeley\Oreochromis Mossambicus - Not Fresh\IMG_20191114_060350_3.jpg,oreochromis mossambicus,2,Not Fresh
data\mendeley\Oreochromis Mossambicus - Fresh\IMG_20191113_054509.jpg,oreochromis mossambicus,1,Fresh
data\mendeley\Oreochromis Niloticus - Highly Fresh\IMG_20191111_054215_!.jpg,oreochromis niloticus,0,Highly Fresh
data\mendeley\Rastrelliger Faughni - Fresh\IMG_20191016_063907.jpg,rastrelliger faughni,1,Fresh
data\mendeley\Rastrelliger Faughni - Highly Fresh\IMG_20191110_055554_8.jpg,rastrelliger faughni,0,Highly Fresh
data\mendeley\Rastrelliger Faughni - Highly Fresh\IMG_20191014_070112.jpg,rastrelliger faughni,0,Highly Fresh
data\mendeley\Rastrelliger Faughni - Highly Fresh\IMG_20191111_062758_1.jpg,rastrelliger faughni,0,Highly Fresh
data\mendeley\Nibea Albiflora - Fresh\IMG_20191112_061403.jpg,nibea albiflora,1,Fresh
data\mendeley\Oreochromis Niloticus - Fresh\IMG_20191002_064643.jpg,oreochromis niloticus,1,Fresh
data\mendeley\Upeneus Moluccensis - Highly Fresh\IMG_20191110_061419_6.jpg,upeneus moluccensis,0,Highly Fresh
data\mendeley\Johnius Trachycephalus - Not Fresh\IMG_20191018_061103.jpg,johnius trachycephalus,2,Not Fresh
data\mendeley\Oreochromis Niloticus - Not Fresh\IMG_20191005_070600.jpg,oreochromis niloticus,2,Not Fresh
data\mendeley\Oreochromis Niloticus - Not Fresh\IMG_20191114_055507_2.jpg,oreochromis niloticus,2,Not Fresh
data\mendeley\Johnius Trachycephalus - Fresh\IMG_20191017_070354.jpg,johnius trachycephalus,1,Fresh
data\mendeley\Oreochromis Mossambicus - Highly Fresh\IMG_20191110_055209_5.jpg,oreochromis mossambicus,0,Highly Fresh
data\mendeley\Oreochromis Niloticus - Not Fresh\IMG_20191004_064600.jpg,oreochromis niloticus,2,Not Fresh
data\mendeley\Nibea Albiflora -  Highly Fresh\IMG_20191111_063121_3.jpg,nibea albiflora,0,Highly Fresh
data\mendeley\Chanos Chanos - Fresh\IMG_20191113_052945.jpg,chanos chanos,1,Fresh
data\mendeley\Rastrelliger Faughni - Highly Fresh\IMG_20191015_064637.jpg,rastrelliger faughni,0,Highly Fresh
data\mendeley\Oreochromis Niloticus - Fresh\IMG_20191002_063939.jpg,oreochromis niloticus,1,Fresh
data\mendeley\Upeneus Moluccensis - Highly Fresh\IMG_20191110_073933_3.jpg,upeneus moluccensis,0,Highly Fresh
data\mendeley\Chanos Chanos - Highly Fresh\IMG_20190930_071342.jpg,chanos chanos,0,Highly Fresh
data\mendeley\Oreochromis Niloticus - Highly Fresh\IMG_20191110_061959_4.jpg,oreochromis niloticus,0,Highly Fresh
data\mendeley\Rastrelliger Faughni - Not Fresh\IMG_20191114_061707.jpg,rastrelliger faughni,2,Not Fresh
data\mendeley\Rastrelliger Faughni - Highly Fresh\IMG_20191111_062411.jpg,rastrelliger faughni,0,Highly Fresh
data\mendeley\Oreochromis Mossambicus - Highly Fresh\IMG_20191111_055250.jpg,oreochromis mossambicus,0,Highly Fresh
data\mendeley\Oreochromis Niloticus - Highly Fresh\IMG_20191110_062015_7.jpg,oreochromis niloticus,0,Highly Fresh
data\mendeley\Oreochromis Niloticus - Not Fresh\IMG_20191004_064613.jpg,oreochromis niloticus,2,Not Fresh
data\mendeley\Upeneus Moluccensis - Highly Fresh\IMG_20191111_061234_4.jpg,upeneus moluccensis,0,Highly Fresh
data\mendeley\Rastrelliger Faughni - Highly Fresh\IMG_20191015_063807.jpg,rastrelliger faughni,0,Highly Fresh
data\mendeley\Oreochromis Mossambicus - Fresh\IMG_20191112_054346.jpg,oreochromis mossambicus,1,Fresh
data\mendeley\Oreochromis Mossambicus - Fresh\IMG_20191113_054723_4.jpg,oreochromis mossambicus,1,Fresh
data\mendeley\Nibea Albiflora - Fresh\IMG_20191112_061419.jpg,nibea albiflora,1,Fresh
data\mendeley\Oreochromis Mossambicus - Highly Fresh\IMG_20191111_054919.jpg,oreochromis mossambicus,0,Highly Fresh
data\mendeley\Rastrelliger Faughni - Not Fresh\IMG_20191115_060941.jpg,rastrelliger faughni,2,Not Fresh
data\mendeley\Eleutheronema Tetradactylum - Not Fresh\IMG_20191019_063800.jpg,eleutheronema tetradactylum,2,Not Fresh
data\mendeley\Upeneus Moluccensis - Not Fresh\IMG_20191115_063524.jpg,upeneus moluccensis,2,Not Fresh
data\mendeley\Upeneus Moluccensis - Not Fresh\IMG_20191018_054755.jpg,upeneus moluccensis,2,Not Fresh
data\mendeley\Oreochromis Mossambicus - Fresh\IMG_20191112_054709.jpg,oreochromis mossambicus,1,Fresh
data\mendeley\Johnius Trachycephalus - Fresh\IMG_20191017_065308.jpg,johnius trachycephalus,1,Fresh
data\mendeley\Oreochromis Niloticus - Highly Fresh\IMG_20191110_062139_1.jpg,oreochromis niloticus,0,Highly Fresh
data\mendeley\Oreochromis Mossambicus - Not Fresh\IMG_20191114_060814.jpg,oreochromis mossambicus,2,Not Fresh
data\mendeley\Oreochromis Mossambicus - Fresh\IMG_20191113_055039_1.jpg,oreochromis mossambicus,1,Fresh
data\mendeley\Oreochromis Niloticus - Not Fresh\IMG_20191114_055255.jpg,oreochromis niloticus,2,Not Fresh
data\mendeley\Oreochromis Niloticus - Fresh\IMG_20191003_063650.jpg,oreochromis niloticus,1,Fresh
data\mendeley\Johnius Trachycephalus - Fresh\IMG_20191016_070300.jpg,johnius trachycephalus,1,Fresh
data\mendeley\Rastrelliger Faughni - Fresh\IMG_20191113_055412.jpg,rastrelliger faughni,1,Fresh
data\mendeley\Upeneus Moluccensis - Fresh\IMG_20191016_063058.jpg,upeneus moluccensis,1,Fresh
data\mendeley\Nibea Albiflora - Not Fresh\IMG_20191115_062509.jpg,nibea albiflora,2,Not Fresh
data\mendeley\Oreochromis Mossambicus - Not Fresh\IMG_20191115_060057.jpg,oreochromis mossambicus,2,Not Fresh
data\mendeley\Eleutheronema Tetradactylum - Highly Fresh\IMG_20191015_070852.jpg,eleutheronema tetradactylum,0,Highly Fresh
data\mendeley\Oreochromis Mossambicus - Fresh\IMG_20191112_055005_1.jpg,oreochromis mossambicus,1,Fresh
data\mendeley\Chanos Chanos - Not Fresh\IMG_20191005_071750.jpg,chanos chanos,2,Not Fresh
data\mendeley\Rastrelliger Faughni - Highly Fresh\IMG_20191111_062611_2.jpg,rastrelliger faughni,0,Highly Fresh
data\mendeley\Chanos Chanos - Not Fresh\IMG_20191115_053608.jpg,chanos chanos,2,Not Fresh
data\mendeley\Rastrelliger Faughni - Highly Fresh\IMG_20191015_064556.jpg,rastrelliger faughni,0,Highly Fresh
data\mendeley\Oreochromis Niloticus - Highly Fresh\IMG_20191111_054505.jpg,oreochromis niloticus,0,Highly Fresh
data\mendeley\Oreochromis Mossambicus - Highly Fresh\IMG_20191110_075842.jpg,oreochromis mossambicus,0,Highly Fresh
data\mendeley\Rastrelliger Faughni - Not Fresh\IMG_20191114_061934.jpg,rastrelliger faughni,2,Not Fresh
data\mendeley\Oreochromis Mossambicus - Highly Fresh\IMG_20191110_055209_4.jpg,oreochromis mossambicus,0,Highly Fresh
data\mendeley\Nibea Albiflora - Fresh\IMG_20191112_061218_3.jpg,nibea albiflora,1,Fresh
data\mendeley\Rastrelliger Faughni - Highly Fresh\IMG_20191110_074726.jpg,rastrelliger faughni,0,Highly Fresh
data\mendeley\Rastrelliger Faughni - Not Fresh\IMG_20191114_062127_4.jpg,rastrelliger faughni,2,Not Fresh
data\mendeley\Oreochromis Mossambicus - Fresh\IMG_20191112_054158.jpg,oreochromis mossambicus,1,Fresh
data\mendeley\Eleutheronema Tetradactylum - Fresh\IMG_20191017_071530.jpg,eleutheronema tetradactylum,1,Fresh
data\mendeley\Johnius Trachycephalus - Not Fresh\IMG_20191019_062119.jpg,johnius trachycephalus,2,Not Fresh
data\mendeley\Rastrelliger Faughni - Highly Fresh\IMG_20191015_063944.jpg,rastrelliger faughni,0,Highly Fresh
data\mendeley\Oreochromis Niloticus - Highly Fresh\IMG_20191110_072417_4.jpg,oreochromis niloticus,0,Highly Fresh
data\mendeley\Oreochromis Niloticus - Fresh\IMG_20191003_063623.jpg,oreochromis niloticus,1,Fresh
data\mendeley\Chanos Chanos - Not Fresh\IMG_20191115_053331.jpg,chanos chanos,2,Not Fresh
data\mendeley\Oreochromis Niloticus - Highly Fresh\IMG_20191110_072355_3.jpg,oreochromis niloticus,0,Highly Fresh
data\mendeley\Rastrelliger Faughni - Highly Fresh\IMG_20191111_062306_3.jpg,rastrelliger faughni,0,Highly Fresh
data\mendeley\Chanos Chanos - Highly Fresh\IMG_20191110_081624.jpg,chanos chanos,0,Highly Fresh
data\mendeley\Chanos Chanos - Highly Fresh\IMG_20191111_052646.jpg,chanos chanos,0,Highly Fresh
data\mendeley\Upeneus Moluccensis - Not Fresh\IMG_20191115_063051.jpg,upeneus moluccensis,2,Not Fresh
data\mendeley\Nibea Albiflora -  Highly Fresh\IMG_20191110_080850.jpg,nibea albiflora,0,Highly Fresh
data\mendeley\Rastrelliger Faughni - Highly Fresh\IMG_20191110_055538_5.jpg,rastrelliger faughni,0,Highly Fresh
data\mendeley\Oreochromis Mossambicus - Highly Fresh\IMG_20191110_075806.jpg,oreochromis mossambicus,0,Highly Fresh
data\mendeley\Upeneus Moluccensis - Fresh\IMG_20191016_063136.jpg,upeneus moluccensis,1,Fresh
data\mendeley\Upeneus Moluccensis - Not Fresh\IMG_20191114_063617_1.jpg,upeneus moluccensis,2,Not Fresh
data\mendeley\Oreochromis Mossambicus - Highly Fresh\IMG_20191110_055235_5.jpg,oreochromis mossambicus,0,Highly Fresh
data\mendeley\Eleutheronema Tetradactylum - Highly Fresh\IMG_20191015_072200.jpg,eleutheronema tetradactylum,0,Highly Fresh
data\mendeley\Oreochromis Niloticus - Not Fresh\IMG_20191004_064330.jpg,oreochromis niloticus,2,Not Fresh
data\mendeley\Chanos Chanos - Not Fresh\IMG_20191114_054413.jpg,chanos chanos,2,Not Fresh
data\mendeley\Oreochromis Niloticus - Fresh\IMG_20191113_053223.jpg,oreochromis niloticus,1,Fresh
data\mendeley\Chanos Chanos - Highly Fresh\IMG_20191111_052521.jpg,chanos chanos,0,Highly Fresh
data\mendeley\Chanos Chanos - Highly Fresh\IMG_20191111_053126.jpg,chanos chanos,0,Highly Fresh
data\mendeley\Oreochromis Niloticus - Highly Fresh\IMG_20191110_071504.jpg,oreochromis niloticus,0,Highly Fresh
data\mendeley\Eleutheronema Tetradactylum - Fresh\IMG_20191016_071751.jpg,eleutheronema tetradactylum,1,Fresh
data\mendeley\Nibea Albiflora -  Highly Fresh\IMG_20191111_063024.jpg,nibea albiflora,0,Highly Fresh
data\mendeley\Upeneus Moluccensis - Highly Fresh\IMG_20191111_060850_1.jpg,upeneus moluccensis,0,Highly Fresh
data\mendeley\Oreochromis Niloticus - Not Fresh\IMG_20191004_064622.jpg,oreochromis niloticus,2,Not Fresh
data\mendeley\Oreochromis Niloticus - Not Fresh\IMG_20191115_054949.jpg,oreochromis niloticus,2,Not Fresh
data\mendeley\Johnius Trachycephalus - Not Fresh\IMG_20191018_060325.jpg,johnius trachycephalus,2,Not Fresh
data\mendeley\Oreochromis Niloticus - Not Fresh\IMG_20191004_064930.jpg,oreochromis niloticus,2,Not Fresh
data\mendeley\Oreochromis Mossambicus - Fresh\IMG_20191112_054602_2.jpg,oreochromis mossambicus,1,Fresh
data\mendeley\Rastrelliger Faughni - Highly Fresh\IMG_20191111_062758_3.jpg,rastrelliger faughni,0,Highly Fresh
data\mendeley\Rastrelliger Faughni - Highly Fresh\IMG_20191110_075320_4.jpg,rastrelliger faughni,0,Highly Fresh
data\mendeley\Oreochromis Niloticus - Fresh\IMG_20191003_063457.jpg,oreochromis niloticus,1,Fresh
data\mendeley\Eleutheronema Tetradactylum - Highly Fresh\IMG_20191014_072316.jpg,eleutheronema tetradactylum,0,Highly Fresh
data\mendeley\Oreochromis Niloticus - Fresh\IMG_20191112_05410_41.jpg,oreochromis niloticus,1,Fresh
data\mendeley\Nibea Albiflora - Not Fresh\IMG_20191115_062301_1.jpg,nibea albiflora,2,Not Fresh
data\mendeley\Upeneus Moluccensis - Highly Fresh\IMG_20191014_065006.jpg,upeneus moluccensis,0,Highly Fresh
data\mendeley\Oreochromis Niloticus - Highly Fresh\IMG_20190930_072249.jpg,oreochromis niloticus,0,Highly Fresh
data\mendeley\Chanos Chanos - Highly Fresh\IMG_20191111_052615.jpg,chanos chanos,0,Highly Fresh
data\mendeley\Nibea Albiflora - Not Fresh\IMG_20191115_062001_3.jpg,nibea albiflora,2,Not Fresh
data\mendeley\Oreochromis Niloticus - Not Fresh\IMG_20191115_054804_1.jpg,oreochromis niloticus,2,Not Fresh
data\mendeley\Johnius Trachycephalus - Not Fresh\IMG_20191019_062024.jpg,johnius trachycephalus,2,Not Fresh
data\mendeley\Oreochromis Mossambicus - Fresh\IMG_20191112_054545_3.jpg,oreochromis mossambicus,1,Fresh
data\mendeley\Oreochromis Mossambicus - Fresh\IMG_20191112_054941_2.jpg,oreochromis mossambicus,1,Fresh
data\mendeley\Rastrelliger Faughni - Fresh\IMG_20191017_063933.jpg,rastrelliger faughni,1,Fresh
data\mendeley\Rastrelliger Faughni - Highly Fresh\IMG_20191110_055538_4.jpg,rastrelliger faughni,0,Highly Fresh
data\mendeley\Oreochromis Niloticus - Highly Fresh\IMG_20191111_054650_!.jpg,oreochromis niloticus,0,Highly Fresh
data\mendeley\Rastrelliger Faughni - Fresh\IMG_20191017_063813.jpg,rastrelliger faughni,1,Fresh
data\mendeley\Rastrelliger Faughni - Highly Fresh\IMG_20191110_055518_3.jpg,rastrelliger faughni,0,Highly Fresh
data\mendeley\Oreochromis Mossambicus - Not Fresh\IMG_20191114_060850.jpg,oreochromis mossambicus,2,Not Fresh
data\mendeley\Chanos Chanos - Highly Fresh\IMG_20191110_081522.jpg,chanos chanos,0,Highly Fresh
data\mendeley\Rastrelliger Faughni - Not Fresh\IMG_20191115_061423_1.jpg,rastrelliger faughni,2,Not Fresh
data\mendeley\Nibea Albiflora - Fresh\IMG_20191112_061410.jpg,nibea albiflora,1,Fresh
data\mendeley\Oreochromis Niloticus - Highly Fresh\IMG_20190930_072358.jpg,oreochromis niloticus,0,Highly Fresh
data\mendeley\Upeneus Moluccensis - Not Fresh\IMG_20191018_054240.jpg,upeneus moluccensis,2,Not Fresh
data\mendeley\Chanos Chanos - Highly Fresh\IMG_20191110_081621.jpg,chanos chanos,0,Highly Fresh
data\mendeley\Rastrelliger Faughni - Highly Fresh\IMG_20191110_075026_4.jpg,rastrelliger faughni,0,Highly Fresh
data\mendeley\Upeneus Moluccensis - Highly Fresh\IMG_20191014_064819.jpg,upeneus moluccensis,0,Highly Fresh
data\mendeley\Upeneus Moluccensis - Fresh\IMG_20191112_060442_1.jpg,upeneus moluccensis,1,Fresh
data\mendeley\Oreochromis Niloticus - Not Fresh\IMG_20191004_064255.jpg,oreochromis niloticus,2,Not Fresh
data\mendeley\Oreochromis Mossambicus - Fresh\IMG_20191112_054413_1.jpg,oreochromis mossambicus,1,Fresh
data\mendeley\Rastrelliger Faughni - Highly Fresh\IMG_20191110_074435.jpg,rastrelliger faughni,0,Highly Fresh
data\mendeley\Johnius Trachycephalus - Highly Fresh\IMG_20191015_065115.jpg,johnius trachycephalus,0,Highly Fresh
data\mendeley\Eleutheronema Tetradactylum - Not Fresh\IMG_20191019_063909.jpg,eleutheronema tetradactylum,2,Not Fresh
data\mendeley\Upeneus Moluccensis - Not Fresh\IMG_20191114_063530.jpg,upeneus moluccensis,2,Not Fresh
data\mendeley\Oreochromis Mossambicus - Highly Fresh\IMG_20191111_055419_!.jpg,oreochromis mossambicus,0,Highly Fresh
data\mendeley\Oreochromis Niloticus - Highly Fresh\IMG_20191111_053915.jpg,oreochromis niloticus,0,Highly Fresh
data\mendeley\Johnius Trachycephalus - Not Fresh\IMG_20191019_061911.jpg,johnius trachycephalus,2,Not Fresh
data\mendeley\Rastrelliger Faughni - Highly Fresh\IMG_20191110_055533_3.jpg,rastrelliger faughni,0,Highly Fresh
data\mendeley\Rastrelliger Faughni - Not Fresh\IMG_20191115_060709.jpg,rastrelliger faughni,2,Not Fresh
data\mendeley\Oreochromis Niloticus - Not Fresh\IMG_20191114_054907.jpg,oreochromis niloticus,2,Not Fresh
data\mendeley\Chanos Chanos - Not Fresh\IMG_20191114_054102.jpg,chanos chanos,2,Not Fresh
data\mendeley\Rastrelliger Faughni - Highly Fresh\IMG_20191110_055608_2.jpg,rastrelliger faughni,0,Highly Fresh
data\mendeley\Oreochromis Niloticus - Highly Fresh\IMG_20191110_072633.jpg,oreochromis niloticus,0,Highly Fresh
data\mendeley\Oreochromis Niloticus - Highly Fresh\IMG_20191001_064507.jpg,oreochromis niloticus,0,Highly Fresh
data\mendeley\Chanos Chanos - Highly Fresh\IMG_20191110_081607.jpg,chanos chanos,0,Highly Fresh
data\mendeley\Chanos Chanos - Highly Fresh\IMG_20191001_063227.jpg,chanos chanos,0,Highly Fresh
data\mendeley\Rastrelliger Faughni - Fresh\IMG_20191112_062702_2.jpg,rastrelliger faughni,1,Fresh
data\mendeley\Johnius Trachycephalus - Fresh\IMG_20191016_065817.jpg,johnius trachycephalus,1,Fresh
data\mendeley\Rastrelliger Faughni - Fresh\IMG_20191017_064850.jpg,rastrelliger faughni,1,Fresh
data\mendeley\Upeneus Moluccensis - Not Fresh\IMG_20191115_063337_2.jpg,upeneus moluccensis,2,Not Fresh
data\mendeley\Rastrelliger Faughni - Highly Fresh\IMG_20191111_061829.jpg,rastrelliger faughni,0,Highly Fresh
data\mendeley\Chanos Chanos - Fresh\IMG_20191003_064525.jpg,chanos chanos,1,Fresh
data\mendeley\Nibea Albiflora - Not Fresh\IMG_20191114_062726_1.jpg,nibea albiflora,2,Not Fresh
data\mendeley\Chanos Chanos - Fresh\IMG_20191112_052353.jpg,chanos chanos,1,Fresh
data\mendeley\Eleutheronema Tetradactylum - Fresh\IMG_20191017_071858.jpg,eleutheronema tetradactylum,1,Fresh
data\mendeley\Oreochromis Niloticus - Not Fresh\IMG_20191114_054809.jpg,oreochromis niloticus,2,Not Fresh
data\mendeley\Upeneus Moluccensis - Not Fresh\IMG_20191018_054343.jpg,upeneus moluccensis,2,Not Fresh
data\mendeley\Rastrelliger Faughni - Highly Fresh\IMG_20191110_055628_1.jpg,rastrelliger faughni,0,Highly Fresh
data\mendeley\Chanos Chanos - Not Fresh\IMG_20191115_053538.jpg,chanos chanos,2,Not Fresh
data\mendeley\Upeneus Moluccensis - Highly Fresh\IMG_20191111_061038_2.jpg,upeneus moluccensis,0,Highly Fresh
data\mendeley\Chanos Chanos - Fresh\IMG_20191113_052003.jpg,chanos chanos,1,Fresh
data\mendeley\Oreochromis Mossambicus - Not Fresh\IMG_20191114_060859_2.jpg,oreochromis mossambicus,2,Not Fresh
data\mendeley\Oreochromis Mossambicus - Highly Fresh\IMG_20191111_055354_2.jpg,oreochromis mossambicus,0,Highly Fresh
data\mendeley\Oreochromis Niloticus - Highly Fresh\IMG_20191110_071409.jpg,oreochromis niloticus,0,Highly Fresh
data\mendeley\Upeneus Moluccensis - Not Fresh\IMG_20191114_063705.jpg,upeneus moluccensis,2,Not Fresh
data\mendeley\Rastrelliger Faughni - Highly Fresh\IMG_20191110_055648_1.jpg,rastrelliger faughni,0,Highly Fresh
data\mendeley\Nibea Albiflora -  Highly Fresh\IMG_20191110_080739_3.jpg,nibea albiflora,0,Highly Fresh
data\mendeley\Oreochromis Mossambicus - Fresh\IMG_20191112_055232_2.jpg,oreochromis mossambicus,1,Fresh
data\mendeley\Oreochromis Niloticus - Not Fresh\IMG_20191004_064539.jpg,oreochromis niloticus,2,Not Fresh
data\mendeley\Oreochromis Niloticus - Fresh\IMG_20191113_054331.jpg,oreochromis niloticus,1,Fresh
data\mendeley\Rastrelliger Faughni - Highly Fresh\IMG_20191111_062255_1.jpg,rastrelliger faughni,0,Highly Fresh
data\mendeley\Oreochromis Niloticus - Fresh\IMG_20191112_053701.jpg,oreochromis niloticus,1,Fresh
data\mendeley\Upeneus Moluccensis - Highly Fresh\IMG_20191110_061419_2.jpg,upeneus moluccensis,0,Highly Fresh
data\mendeley\Oreochromis Niloticus - Not Fresh\IMG_20191114_055347.jpg,oreochromis niloticus,2,Not Fresh
data\mendeley\Oreochromis Mossambicus - Fresh\IMG_20191112_054654.jpg,oreochromis mossambicus,1,Fresh
data\mendeley\Johnius Trachycephalus - Not Fresh\IMG_20191018_060839.jpg,johnius trachycephalus,2,Not Fresh
data\mendeley\Rastrelliger Faughni - Highly Fresh\IMG_20191111_062053.jpg,rastrelliger faughni,0,Highly Fresh
data\mendeley\Nibea Albiflora -  Highly Fresh\IMG_20191111_063753_4.jpg,nibea albiflora,0,Highly Fresh
data\mendeley\Upeneus Moluccensis - Not Fresh\IMG_20191114_063223.jpg,upeneus moluccensis,2,Not Fresh
data\mendeley\Chanos Chanos - Not Fresh\IMG_20191114_054359.jpg,chanos chanos,2,Not Fresh
data\mendeley\Chanos Chanos - Highly Fresh\IMG_20191111_052627.jpg,chanos chanos,0,Highly Fresh
data\mendeley\Eleutheronema Tetradactylum - Highly Fresh\IMG_20191015_071103.jpg,eleutheronema tetradactylum,0,Highly Fresh
data\mendeley\Oreochromis Mossambicus - Not Fresh\IMG_20191115_055732.jpg,oreochromis mossambicus,2,Not Fresh
data\mendeley\Johnius Trachycephalus - Highly Fresh\IMG_20191014_071020.jpg,johnius trachycephalus,0,Highly Fresh
data\mendeley\Upeneus Moluccensis - Fresh\IMG_20191016_063458.jpg,upeneus moluccensis,1,Fresh
data\mendeley\Oreochromis Niloticus - Not Fresh\IMG_20191114_055731.jpg,oreochromis niloticus,2,Not Fresh
data\mendeley\Upeneus Moluccensis - Highly Fresh\IMG_20191015_062913.jpg,upeneus moluccensis,0,Highly Fresh
data\mendeley\Nibea Albiflora - Not Fresh\IMG_20191115_061923_2.jpg,nibea albiflora,2,Not Fresh
data\mendeley\Nibea Albiflora -  Highly Fresh\IMG_20191110_080848.jpg,nibea albiflora,0,Highly Fresh
data\mendeley\Eleutheronema Tetradactylum - Not Fresh\IMG_20191019_063309.jpg,eleutheronema tetradactylum,2,Not Fresh
data\mendeley\Rastrelliger Faughni - Fresh\IMG_20191113_055929_1.jpg,rastrelliger faughni,1,Fresh
data\mendeley\Chanos Chanos - Fresh\IMG_20191112_052556.jpg,chanos chanos,1,Fresh
data\mendeley\Nibea Albiflora - Not Fresh\IMG_20191114_062617.jpg,nibea albiflora,2,Not Fresh
data\mendeley\Eleutheronema Tetradactylum - Fresh\IMG_20191017_070813.jpg,eleutheronema tetradactylum,1,Fresh
data\mendeley\Oreochromis Niloticus - Not Fresh\IMG_20191114_054732.jpg,oreochromis niloticus,2,Not Fresh
data\mendeley\Nibea Albiflora -  Highly Fresh\IMG_20191110_055936_1.jpg,nibea albiflora,0,Highly Fresh
data\mendeley\Rastrelliger Faughni - Not Fresh\IMG_20191019_060536.jpg,rastrelliger faughni,2,Not Fresh
data\mendeley\Oreochromis Mossambicus - Highly Fresh\IMG_20191111_055912_2.jpg,oreochromis mossambicus,0,Highly Fresh
data\mendeley\Oreochromis Mossambicus - Not Fresh\IMG_20191114_060847_3.jpg,oreochromis mossambicus,2,Not Fresh
data\mendeley\Rastrelliger Faughni - Fresh\IMG_20191112_063934_2.jpg,rastrelliger faughni,1,Fresh
data\mendeley\Upeneus Moluccensis - Not Fresh\IMG_20191114_063300.jpg,upeneus moluccensis,2,Not Fresh
data\mendeley\Rastrelliger Faughni - Highly Fresh\IMG_20191110_055620_3.jpg,rastrelliger faughni,0,Highly Fresh
data\mendeley\Eleutheronema Tetradactylum - Highly Fresh\IMG_20191015_071231.jpg,eleutheronema tetradactylum,0,Highly Fresh
data\mendeley\Oreochromis Niloticus - Not Fresh\IMG_20191115_055143.jpg,oreochromis niloticus,2,Not Fresh
data\mendeley\Chanos Chanos - Fresh\IMG_20191113_052750.jpg,chanos chanos,1,Fresh
data\mendeley\Upeneus Moluccensis - Fresh\IMG_20191112_060029_1.jpg,upeneus moluccensis,1,Fresh
data\mendeley\Oreochromis Mossambicus - Not Fresh\IMG_20191115_060215.jpg,oreochromis mossambicus,2,Not Fresh
data\mendeley\Upeneus Moluccensis - Not Fresh\IMG_20191019_055949.jpg,upeneus moluccensis,2,Not Fresh
data\mendeley\Oreochromis Niloticus - Not Fresh\IMG_20191114_055438.jpg,oreochromis niloticus,2,Not Fresh
data\mendeley\Oreochromis Niloticus - Not Fresh\IMG_20191115_054457_1.jpg,oreochromis niloticus,2,Not Fresh
data\mendeley\Rastrelliger Faughni - Highly Fresh\IMG_20191110_075351_5.jpg,rastrelliger faughni,0,Highly Fresh
data\mendeley\Oreochromis Mossambicus - Highly Fresh\IMG_20191111_055445_3.jpg,oreochromis mossambicus,0,Highly Fresh
data\mendeley\Oreochromis Niloticus - Not Fresh\IMG_20191004_064747.jpg,oreochromis niloticus,2,Not Fresh
data\mendeley\Upeneus Moluccensis - Not Fresh\IMG_20191115_063249.jpg,upeneus moluccensis,2,Not Fresh
data\mendeley\Nibea Albiflora -  Highly Fresh\IMG_20191111_063413_1.jpg,nibea albiflora,0,Highly Fresh
data\mendeley\Upeneus Moluccensis - Fresh\IMG_20191016_062900.jpg,upeneus moluccensis,1,Fresh
data\mendeley\Chanos Chanos - Highly Fresh\IMG_20191001_062850.jpg,chanos chanos,0,Highly Fresh
data\mendeley\Rastrelliger Faughni - Fresh\IMG_20191016_065146.jpg,rastrelliger faughni,1,Fresh
data\mendeley\Upeneus Moluccensis - Highly Fresh\IMG_20191110_073933_7.jpg,upeneus moluccensis,0,Highly Fresh
data\mendeley\Rastrelliger Faughni - Highly Fresh\IMG_20191111_061759.jpg,rastrelliger faughni,0,Highly Fresh
data\mendeley\Upeneus Moluccensis - Highly Fresh\IMG_20191110_073843_2.jpg,upeneus moluccensis,0,Highly Fresh
data\mendeley\Oreochromis Niloticus - Highly Fresh\IMG_20191111_054527_1.jpg,oreochromis niloticus,0,Highly Fresh
data\mendeley\Oreochromis Mossambicus - Fresh\IMG_20191112_054829.jpg,oreochromis mossambicus,1,Fresh
data\mendeley\Oreochromis Mossambicus - Fresh\IMG_20191112_055300_3.jpg,oreochromis mossambicus,1,Fresh
data\mendeley\Nibea Albiflora - Fresh\IMG_20191113_060756_3.jpg,nibea albiflora,1,Fresh
data\mendeley\Upeneus Moluccensis - Highly Fresh\IMG_20191111_061105_1.jpg,upeneus moluccensis,0,Highly Fresh
data\mendeley\Oreochromis Niloticus - Highly Fresh\IMG_20191001_064624.jpg,oreochromis niloticus,0,Highly Fresh
data\mendeley\Oreochromis Mossambicus - Highly Fresh\IMG_20191111_055256.jpg,oreochromis mossambicus,0,Highly Fresh
data\mendeley\Oreochromis Niloticus - Not Fresh\IMG_20191115_054638.jpg,oreochromis niloticus,2,Not Fresh
data\mendeley\Rastrelliger Faughni - Highly Fresh\IMG_20191110_075351_1.jpg,rastrelliger faughni,0,Highly Fresh
data\mendeley\Rastrelliger Faughni - Highly Fresh\IMG_20191111_062758_2.jpg,rastrelliger faughni,0,Highly Fresh
data\mendeley\Rastrelliger Faughni - Highly Fresh\IMG_20191110_074449.jpg,rastrelliger faughni,0,Highly Fresh
data\mendeley\Rastrelliger Faughni - Fresh\IMG_20191016_064844.jpg,rastrelliger faughni,1,Fresh
data\mendeley\Oreochromis Mossambicus - Not Fresh\IMG_20191115_060205.jpg,oreochromis mossambicus,2,Not Fresh
data\mendeley\Upeneus Moluccensis - Highly Fresh\IMG_20191110_061134_1.jpg,upeneus moluccensis,0,Highly Fresh
data\mendeley\Johnius Trachycephalus - Not Fresh\IMG_20191018_061048.jpg,johnius trachycephalus,2,Not Fresh
data\mendeley\Chanos Chanos - Not Fresh\IMG_20191004_063846.jpg,chanos chanos,2,Not Fresh
data\mendeley\Oreochromis Niloticus - Highly Fresh\IMG_20191001_064911.jpg,oreochromis niloticus,0,Highly Fresh
data\mendeley\Nibea Albiflora - Fresh\IMG_20191113_060710_2.jpg,nibea albiflora,1,Fresh
data\mendeley\Rastrelliger Faughni - Highly Fresh\IMG_20191110_074905.jpg,rastrelliger faughni,0,Highly Fresh
data\mendeley\Upeneus Moluccensis - Highly Fresh\IMG_20191111_060429.jpg,upeneus moluccensis,0,Highly Fresh
data\mendeley\Upeneus Moluccensis - Not Fresh\IMG_20191114_063217.jpg,upeneus moluccensis,2,Not Fresh
data\mendeley\Rastrelliger Faughni - Highly Fresh\IMG_20191110_055554_2.jpg,rastrelliger faughni,0,Highly Fresh
data\mendeley\Eleutheronema Tetradactylum - Not Fresh\IMG_20191019_063950.jpg,eleutheronema tetradactylum,2,Not Fresh
data\mendeley\Chanos Chanos - Highly Fresh\IMG_20191110_081502.jpg,chanos chanos,0,Highly Fresh
data\mendeley\Oreochromis Niloticus - Fresh\IMG_20191113_054058.jpg,oreochromis niloticus,1,Fresh
data\mendeley\Rastrelliger Faughni - Highly Fresh\IMG_20191110_075312_1.jpg,rastrelliger faughni,0,Highly Fresh
data\mendeley\Rastrelliger Faughni - Highly Fresh\IMG_20191110_075245_1.jpg,rastrelliger faughni,0,Highly Fresh
data\mendeley\Rastrelliger Faughni - Highly Fresh\IMG_20191014_065812.jpg,rastrelliger faughni,0,Highly Fresh
data\mendeley\Upeneus Moluccensis - Highly Fresh\IMG_20191110_073853_6.jpg,upeneus moluccensis,0,Highly Fresh
data\mendeley\Oreochromis Niloticus - Not Fresh\IMG_20191004_064952.jpg,oreochromis niloticus,2,Not Fresh
data\mendeley\Chanos Chanos - Fresh\IMG_20191003_065126.jpg,chanos chanos,1,Fresh
data\mendeley\Oreochromis Niloticus - Fresh\IMG_20191113_053146.jpg,oreochromis niloticus,1,Fresh
data\mendeley\Oreochromis Mossambicus - Not Fresh\IMG_20191114_060547.jpg,oreochromis mossambicus,2,Not Fresh
data\mendeley\Rastrelliger Faughni - Highly Fresh\IMG_20191110_075422_1.jpg,rastrelliger faughni,0,Highly Fresh
data\mendeley\Oreochromis Mossambicus - Highly Fresh\IMG_20191110_075649.jpg,oreochromis mossambicus,0,Highly Fresh
data\mendeley\Oreochromis Niloticus - Fresh\IMG_20191112_053704.jpg,oreochromis niloticus,1,Fresh
data\mendeley\Oreochromis Mossambicus - Not Fresh\IMG_20191114_060714_2.jpg,oreochromis mossambicus,2,Not Fresh
data\mendeley\Eleutheronema Tetradactylum - Not Fresh\IMG_20191018_062245.jpg,eleutheronema tetradactylum,2,Not Fresh
data\mendeley\Oreochromis Niloticus - Highly Fresh\IMG_20191110_062116_8.jpg,oreochromis niloticus,0,Highly Fresh
data\mendeley\Oreochromis Niloticus - Highly Fresh\IMG_20190930_071710.jpg,oreochromis niloticus,0,Highly Fresh
data\mendeley\Rastrelliger Faughni - Highly Fresh\IMG_20191111_062510_2.jpg,rastrelliger faughni,0,Highly Fresh
data\mendeley\Oreochromis Niloticus - Highly Fresh\IMG_20191111_054215_7.jpg,oreochromis niloticus,0,Highly Fresh
data\mendeley\Upeneus Moluccensis - Highly Fresh\IMG_20191111_060645.jpg,upeneus moluccensis,0,Highly Fresh
data\mendeley\Oreochromis Niloticus - Not Fresh\IMG_20191115_054307.jpg,oreochromis niloticus,2,Not Fresh
data\mendeley\Oreochromis Niloticus - Not Fresh\IMG_20191115_054020.jpg,oreochromis niloticus,2,Not Fresh
data\mendeley\Oreochromis Niloticus - Highly Fresh\IMG_20191110_062047_3.jpg,oreochromis niloticus,0,Highly Fresh
data\mendeley\Nibea Albiflora - Fresh\IMG_20191113_060651_1.jpg,nibea albiflora,1,Fresh
data\mendeley\Oreochromis Mossambicus - Highly Fresh\IMG_20191111_055537.jpg,oreochromis mossambicus,0,Highly Fresh
data\mendeley\Upeneus Moluccensis - Highly Fresh\IMG_20191015_062322.jpg,upeneus moluccensis,0,Highly Fresh
data\mendeley\Upeneus Moluccensis - Fresh\IMG_20191113_061703.jpg,upeneus moluccensis,1,Fresh
data\mendeley\Nibea Albiflora -  Highly Fresh\IMG_20191111_063952_3.jpg,nibea albiflora,0,Highly Fresh
data\mendeley\Oreochromis Niloticus - Not Fresh\IMG_20191114_055718.jpg,oreochromis niloticus,2,Not Fresh
data\mendeley\Johnius Trachycephalus - Fresh\IMG_20191017_065722.jpg,johnius trachycephalus,1,Fresh
data\mendeley\Nibea Albiflora - Not Fresh\IMG_20191114_062726_3.jpg,nibea albiflora,2,Not Fresh
data\mendeley\Rastrelliger Faughni - Highly Fresh\IMG_20191110_055554_5.jpg,rastrelliger faughni,0,Highly Fresh
data\mendeley\Chanos Chanos - Highly Fresh\IMG_20191110_060836.jpg,chanos chanos,0,Highly Fresh
data\mendeley\Rastrelliger Faughni - Not Fresh\IMG_20191019_061708.jpg,rastrelliger faughni,2,Not Fresh
data\mendeley\Oreochromis Niloticus - Fresh\IMG_20191113_053041.jpg,oreochromis niloticus,1,Fresh
data\mendeley\Oreochromis Niloticus - Not Fresh\IMG_20191115_054424.jpg,oreochromis niloticus,2,Not Fresh
data\mendeley\Oreochromis Niloticus - Fresh\IMG_20191113_054053.jpg,oreochromis niloticus,1,Fresh
data\mendeley\Rastrelliger Faughni - Highly Fresh\IMG_20191110_055522_3.jpg,rastrelliger faughni,0,Highly Fresh
data\mendeley\Rastrelliger Faughni - Highly Fresh\IMG_20191111_062345_4.jpg,rastrelliger faughni,0,Highly Fresh
data\mendeley\Oreochromis Niloticus - Not Fresh\IMG_20191115_055105.jpg,oreochromis niloticus,2,Not Fresh
data\mendeley\Chanos Chanos - Highly Fresh\IMG_20191001_063014.jpg,chanos chanos,0,Highly Fresh
data\mendeley\Rastrelliger Faughni - Fresh\IMG_20191017_064257.jpg,rastrelliger faughni,1,Fresh
data\mendeley\Oreochromis Niloticus - Highly Fresh\IMG_20191110_072801_2.jpg,oreochromis niloticus,0,Highly Fresh
data\mendeley\Nibea Albiflora -  Highly Fresh\IMG_20191110_055950_1.jpg,nibea albiflora,0,Highly Fresh
data\mendeley\Upeneus Moluccensis - Not Fresh\IMG_20191115_063656_2.jpg,upeneus moluccensis,2,Not Fresh
data\mendeley\Johnius Trachycephalus - Not Fresh\IMG_20191018_060706.jpg,johnius trachycephalus,2,Not Fresh
data\mendeley\Rastrelliger Faughni - Highly Fresh\IMG_20191015_065005.jpg,rastrelliger faughni,0,Highly Fresh
data\mendeley\Upeneus Moluccensis - Highly Fresh\IMG_20191014_065639.jpg,upeneus moluccensis,0,Highly Fresh
data\mendeley\Rastrelliger Faughni - Highly Fresh\IMG_20191110_075351_2.jpg,rastrelliger faughni,0,Highly Fresh
data\mendeley\Upeneus Moluccensis - Fresh\IMG_20191017_062823.jpg,upeneus moluccensis,1,Fresh
data\mendeley\Oreochromis Niloticus - Highly Fresh\IMG_20191111_054650_2.jpg,oreochromis niloticus,0,Highly Fresh
data\mendeley\Upeneus Moluccensis - Highly Fresh\IMG_20191110_073904_5.jpg,upeneus moluccensis,0,Highly Fresh
data\mendeley\Upeneus Moluccensis - Not Fresh\IMG_20191018_054007_4.jpg,upeneus moluccensis,2,Not Fresh
data\mendeley\Chanos Chanos - Not Fresh\IMG_20191005_072059.jpg,chanos chanos,2,Not Fresh
data\mendeley\Rastrelliger Faughni - Not Fresh\IMG_20191114_062048_2.jpg,rastrelliger faughni,2,Not Fresh
data\mendeley\Chanos Chanos - Highly Fresh\IMG_20191111_052618.jpg,chanos chanos,0,Highly Fresh
data\mendeley\Oreochromis Niloticus - Highly Fresh\IMG_20191110_073128_1.jpg,oreochromis niloticus,0,Highly Fresh
data\mendeley\Oreochromis Niloticus - Fresh\IMG_20191113_054116_1jpg.jpg,oreochromis niloticus,1,Fresh
data\mendeley\Oreochromis Niloticus - Highly Fresh\IMG_20190930_072420.jpg,oreochromis niloticus,0,Highly Fresh
data\mendeley\Upeneus Moluccensis - Highly Fresh\IMG_20191111_060949_4.jpg,upeneus moluccensis,0,Highly Fresh
data\mendeley\Nibea Albiflora -  Highly Fresh\IMG_20191110_080530.jpg,nibea albiflora,0,Highly Fresh
data\mendeley\Upeneus Moluccensis - Fresh\IMG_20191017_062442.jpg,upeneus moluccensis,1,Fresh
data\mendeley\Upeneus Moluccensis - Highly Fresh\IMG_20191111_060850_2.jpg,upeneus moluccensis,0,Highly Fresh
data\mendeley\Johnius Trachycephalus - Fresh\IMG_20191017_070654.jpg,johnius trachycephalus,1,Fresh
data\mendeley\Oreochromis Niloticus - Highly Fresh\IMG_20191001_063821.jpg,oreochromis niloticus,0,Highly Fresh
data\mendeley\Eleutheronema Tetradactylum - Highly Fresh\IMG_20191015_071357.jpg,eleutheronema tetradactylum,0,Highly Fresh
data\mendeley\Upeneus Moluccensis - Fresh\IMG_20191112_055940_4.jpg,upeneus moluccensis,1,Fresh
data\mendeley\Chanos Chanos - Fresh\IMG_20191113_052021.jpg,chanos chanos,1,Fresh
data\mendeley\Rastrelliger Faughni - Fresh\IMG_20191112_063832_5.jpg,rastrelliger faughni,1,Fresh
data\mendeley\Upeneus Moluccensis - Not Fresh\IMG_20191019_060043.jpg,upeneus moluccensis,2,Not Fresh
data\mendeley\Rastrelliger Faughni - Fresh\IMG_20191017_063741.jpg,rastrelliger faughni,1,Fresh
data\mendeley\Rastrelliger Faughni - Highly Fresh\IMG_20191111_062202.jpg,rastrelliger faughni,0,Highly Fresh
data\mendeley\Upeneus Moluccensis - Fresh\IMG_20191017_063031.jpg,upeneus moluccensis,1,Fresh
data\mendeley\Johnius Trachycephalus - Highly Fresh\IMG_20191015_065145.jpg,johnius trachycephalus,0,Highly Fresh
data\mendeley\Rastrelliger Faughni - Highly Fresh\IMG_20191110_074828.jpg,rastrelliger faughni,0,Highly Fresh
data\mendeley\Upeneus Moluccensis - Fresh\IMG_20191016_063512.jpg,upeneus moluccensis,1,Fresh
data\mendeley\Upeneus Moluccensis - Fresh\IMG_20191112_055610.jpg,upeneus moluccensis,1,Fresh
data\mendeley\Upeneus Moluccensis - Fresh\IMG_20191112_055742.jpg,upeneus moluccensis,1,Fresh
data\mendeley\Oreochromis Niloticus - Fresh\IMG_20191002_063910.jpg,oreochromis niloticus,1,Fresh
data\mendeley\Rastrelliger Faughni - Fresh\IMG_20191113_055953_2.jpg,rastrelliger faughni,1,Fresh
data\mendeley\Oreochromis Niloticus - Highly Fresh\IMG_20190930_072114.jpg,oreochromis niloticus,0,Highly Fresh
data\mendeley\Oreochromis Niloticus - Not Fresh\IMG_20191114_055753_1.jpg,oreochromis niloticus,2,Not Fresh
data\mendeley\Upeneus Moluccensis - Highly Fresh\IMG_20191111_060714.jpg,upeneus moluccensis,0,Highly Fresh
data\mendeley\Johnius Trachycephalus - Highly Fresh\IMG_20191015_065843.jpg,johnius trachycephalus,0,Highly Fresh
data\mendeley\Upeneus Moluccensis - Highly Fresh\IMG_20191014_065707.jpg,upeneus moluccensis,0,Highly Fresh
data\mendeley\Rastrelliger Faughni - Not Fresh\IMG_20191115_061044.jpg,rastrelliger faughni,2,Not Fresh
data\mendeley\Oreochromis Niloticus - Fresh\IMG_20191113_053348.jpg,oreochromis niloticus,1,Fresh
data\mendeley\Oreochromis Mossambicus - Highly Fresh\IMG_20191110_055204.jpg,oreochromis mossambicus,0,Highly Fresh
data\mendeley\Eleutheronema Tetradactylum - Highly Fresh\IMG_20191014_072235.jpg,eleutheronema tetradactylum,0,Highly Fresh
data\mendeley\Rastrelliger Faughni - Highly Fresh\IMG_20191110_075245_2.jpg,rastrelliger faughni,0,Highly Fresh
data\mendeley\Oreochromis Mossambicus - Fresh\IMG_20191113_055111_4.jpg,oreochromis mossambicus,1,Fresh
data\mendeley\Nibea Albiflora -  Highly Fresh\IMG_20191110_080739_4.jpg,nibea albiflora,0,Highly Fresh
data\mendeley\Nibea Albiflora - Not Fresh\IMG_20191115_062534.jpg,nibea albiflora,2,Not Fresh
data\mendeley\Oreochromis Niloticus - Fresh\IMG_20191003_063243.jpg,oreochromis niloticus,1,Fresh
data\mendeley\Oreochromis Niloticus - Fresh\IMG_20191002_064430.jpg,oreochromis niloticus,1,Fresh
data\mendeley\Eleutheronema Tetradactylum - Not Fresh\IMG_20191018_061811.jpg,eleutheronema tetradactylum,2,Not Fresh
data\mendeley\Johnius Trachycephalus - Not Fresh\IMG_20191019_062237.jpg,johnius trachycephalus,2,Not Fresh
data\mendeley\Chanos Chanos - Fresh\IMG_20191003_064242.jpg,chanos chanos,1,Fresh
data\mendeley\Eleutheronema Tetradactylum - Highly Fresh\IMG_20191014_072731.jpg,eleutheronema tetradactylum,0,Highly Fresh
data\mendeley\Chanos Chanos - Highly Fresh\IMG_20191001_062439.jpg,chanos chanos,0,Highly Fresh
data\mendeley\Johnius Trachycephalus - Not Fresh\IMG_20191019_062013.jpg,johnius trachycephalus,2,Not Fresh
data\mendeley\Upeneus Moluccensis - Highly Fresh\IMG_20191111_061316_3.jpg,upeneus moluccensis,0,Highly Fresh
data\mendeley\Nibea Albiflora - Fresh\IMG_20191112_061125_1.jpg,nibea albiflora,1,Fresh
data\mendeley\Nibea Albiflora - Fresh\IMG_20191113_060456.jpg,nibea albiflora,1,Fresh
data\mendeley\Johnius Trachycephalus - Not Fresh\IMG_20191019_063202.jpg,johnius trachycephalus,2,Not Fresh
data\mendeley\Oreochromis Niloticus - Highly Fresh\IMG_20191001_064527.jpg,oreochromis niloticus,0,Highly Fresh
data\mendeley\Oreochromis Niloticus - Not Fresh\IMG_20191114_055504_2.jpg,oreochromis niloticus,2,Not Fresh
data\mendeley\Rastrelliger Faughni - Fresh\IMG_20191017_063450.jpg,rastrelliger faughni,1,Fresh
data\mendeley\Eleutheronema Tetradactylum - Not Fresh\IMG_20191018_062300.jpg,eleutheronema tetradactylum,2,Not Fresh
data\mendeley\Nibea Albiflora -  Highly Fresh\IMG_20191111_063924_1.jpg,nibea albiflora,0,Highly Fresh
data\mendeley\Oreochromis Niloticus - Highly Fresh\IMG_20191110_073116_4.jpg,oreochromis niloticus,0,Highly Fresh
data\mendeley\Oreochromis Mossambicus - Highly Fresh\IMG_20191110_080056.jpg,oreochromis mossambicus,0,Highly Fresh
data\mendeley\Oreochromis Niloticus - Fresh\IMG_20191112_053448_5.jpg,oreochromis niloticus,1,Fresh
data\mendeley\Chanos Chanos - Highly Fresh\IMG_20191001_062602.jpg,chanos chanos,0,Highly Fresh
data\mendeley\Rastrelliger Faughni - Not Fresh\IMG_20191115_060800.jpg,rastrelliger faughni,2,Not Fresh
data\mendeley\Nibea Albiflora - Fresh\IMG_20191113_060620_2.jpg,nibea albiflora,1,Fresh
data\mendeley\Oreochromis Niloticus - Fresh\IMG_20191003_063631.jpg,oreochromis niloticus,1,Fresh
data\mendeley\Upeneus Moluccensis - Fresh\IMG_20191113_062241_1.jpg,upeneus moluccensis,1,Fresh
data\mendeley\Oreochromis Niloticus - Not Fresh\IMG_20191115_054630.jpg,oreochromis niloticus,2,Not Fresh
data\mendeley\Rastrelliger Faughni - Highly Fresh\IMG_20191014_065738.jpg,rastrelliger faughni,0,Highly Fresh
data\mendeley\Upeneus Moluccensis - Highly Fresh\IMG_20191110_061237_2.jpg,upeneus moluccensis,0,Highly Fresh
data\mendeley\Upeneus Moluccensis - Not Fresh\IMG_20191115_063507.jpg,upeneus moluccensis,2,Not Fresh
data\mendeley\Eleutheronema Tetradactylum - Not Fresh\IMG_20191019_064331.jpg,eleutheronema tetradactylum,2,Not Fresh
data\mendeley\Oreochromis Mossambicus - Highly Fresh\IMG_20191110_075924.jpg,oreochromis mossambicus,0,Highly Fresh
data\mendeley\Upeneus Moluccensis - Fresh\IMG_20191112_060519_2.jpg,upeneus moluccensis,1,Fresh
data\mendeley\Upeneus Moluccensis - Not Fresh\IMG_20191114_063444_3.jpg,upeneus moluccensis,2,Not Fresh
data\mendeley\Rastrelliger Faughni - Fresh\IMG_20191112_062732_2.jpg,rastrelliger faughni,1,Fresh
data\mendeley\Eleutheronema Tetradactylum - Fresh\IMG_20191016_071016.jpg,eleutheronema tetradactylum,1,Fresh
data\mendeley\Rastrelliger Faughni - Highly Fresh\IMG_20191015_063633.jpg,rastrelliger faughni,0,Highly Fresh
data\mendeley\Oreochromis Mossambicus - Not Fresh\IMG_20191115_055654_1.jpg,oreochromis mossambicus,2,Not Fresh
data\mendeley\Oreochromis Niloticus - Highly Fresh\IMG_20191111_053537.jpg,oreochromis niloticus,0,Highly Fresh
data\mendeley\Rastrelliger Faughni - Not Fresh\IMG_20191114_061342.jpg,rastrelliger faughni,2,Not Fresh
data\mendeley\Upeneus Moluccensis - Highly Fresh\IMG_20191015_062512.jpg,upeneus moluccensis,0,Highly Fresh
data\mendeley\Upeneus Moluccensis - Not Fresh\IMG_20191114_063155.jpg,upeneus moluccensis,2,Not Fresh
data\mendeley\Oreochromis Niloticus - Not Fresh\IMG_20191115_054437_1.jpg,oreochromis niloticus,2,Not Fresh
data\mendeley\Upeneus Moluccensis - Not Fresh\IMG_20191115_063626.jpg,upeneus moluccensis,2,Not Fresh
data\mendeley\Oreochromis Niloticus - Highly Fresh\IMG_20191111_053352.jpg,oreochromis niloticus,0,Highly Fresh
data\mendeley\Nibea Albiflora -  Highly Fresh\IMG_20191111_063738.jpg,nibea albiflora,0,Highly Fresh
data\mendeley\Nibea Albiflora -  Highly Fresh\IMG_20191111_063134_2.jpg,nibea albiflora,0,Highly Fresh
data\mendeley\Upeneus Moluccensis - Highly Fresh\IMG_20191111_061038_5.jpg,upeneus moluccensis,0,Highly Fresh
data\mendeley\Rastrelliger Faughni - Not Fresh\IMG_20191114_062115_1.jpg,rastrelliger faughni,2,Not Fresh
data\mendeley\Rastrelliger Faughni - Highly Fresh\IMG_20191110_055641_1.jpg,rastrelliger faughni,0,Highly Fresh
data\mendeley\Oreochromis Mossambicus - Fresh\IMG_20191113_054940.jpg,oreochromis mossambicus,1,Fresh
data\mendeley\Oreochromis Niloticus - Fresh\IMG_20191113_053506_2.jpg,oreochromis niloticus,1,Fresh
data\mendeley\Oreochromis Niloticus - Fresh\IMG_20191112_053858_1.jpg,oreochromis niloticus,1,Fresh
data\mendeley\Chanos Chanos - Not Fresh\IMG_20191004_064032.jpg,chanos chanos,2,Not Fresh
data\mendeley\Upeneus Moluccensis - Not Fresh\IMG_20191114_063210.jpg,upeneus moluccensis,2,Not Fresh
data\mendeley\Nibea Albiflora - Not Fresh\IMG_20191114_062924.jpg,nibea albiflora,2,Not Fresh
data\mendeley\Oreochromis Niloticus - Fresh\IMG_20191112_053225.jpg,oreochromis niloticus,1,Fresh
data\mendeley\Rastrelliger Faughni - Not Fresh\IMG_20191018_055951.jpg,rastrelliger faughni,2,Not Fresh
data\mendeley\Upeneus Moluccensis - Not Fresh\IMG_20191115_063634.jpg,upeneus moluccensis,2,Not Fresh
data\mendeley\Upeneus Moluccensis - Not Fresh\IMG_20191115_063822.jpg,upeneus moluccensis,2,Not Fresh
data\mendeley\Oreochromis Niloticus - Not Fresh\IMG_20191004_064422.jpg,oreochromis niloticus,2,Not Fresh
data\mendeley\Upeneus Moluccensis - Highly Fresh\IMG_20191110_073732.jpg,upeneus moluccensis,0,Highly Fresh
data\mendeley\Oreochromis Niloticus - Highly Fresh\IMG_20191111_054420.jpg,oreochromis niloticus,0,Highly Fresh
data\mendeley\Rastrelliger Faughni - Highly Fresh\IMG_20191110_074901.jpg,rastrelliger faughni,0,Highly Fresh
data\mendeley\Johnius Trachycephalus - Highly Fresh\IMG_20191015_070606.jpg,johnius trachycephalus,0,Highly Fresh
data\mendeley\Chanos Chanos - Highly Fresh\IMG_20191111_052336.jpg,chanos chanos,0,Highly Fresh
data\mendeley\Rastrelliger Faughni - Fresh\IMG_20191016_064912.jpg,rastrelliger faughni,1,Fresh
data\mendeley\Oreochromis Mossambicus - Not Fresh\IMG_20191115_060236_1.jpg,oreochromis mossambicus,2,Not Fresh
data\mendeley\Eleutheronema Tetradactylum - Highly Fresh\IMG_20191014_072327.jpg,eleutheronema tetradactylum,0,Highly Fresh
data\mendeley\Upeneus Moluccensis - Not Fresh\IMG_20191115_063132_3.jpg,upeneus moluccensis,2,Not Fresh
data\mendeley\Oreochromis Mossambicus - Highly Fresh\IMG_20191110_080228_1.jpg,oreochromis mossambicus,0,Highly Fresh
data\mendeley\Oreochromis Mossambicus - Highly Fresh\IMG_20191110_075949_1.jpg,oreochromis mossambicus,0,Highly Fresh
data\mendeley\Oreochromis Mossambicus - Fresh\IMG_20191113_055153.jpg,oreochromis mossambicus,1,Fresh
data\mendeley\Upeneus Moluccensis - Fresh\IMG_20191112_055640.jpg,upeneus moluccensis,1,Fresh
data\mendeley\Oreochromis Niloticus - Highly Fresh\IMG_20191111_054512.jpg,oreochromis niloticus,0,Highly Fresh
data\mendeley\Nibea Albiflora - Not Fresh\IMG_20191115_062430.jpg,nibea albiflora,2,Not Fresh
data\mendeley\Nibea Albiflora -  Highly Fresh\IMG_20191110_081040_2.jpg,nibea albiflora,0,Highly Fresh
data\mendeley\Rastrelliger Faughni - Fresh\IMG_20191112_062403.jpg,rastrelliger faughni,1,Fresh
data\mendeley\Rastrelliger Faughni - Highly Fresh\IMG_20191015_063926.jpg,rastrelliger faughni,0,Highly Fresh
data\mendeley\Chanos Chanos - Highly Fresh\IMG_20191110_081408.jpg,chanos chanos,0,Highly Fresh
data\mendeley\Upeneus Moluccensis - Highly Fresh\IMG_20191111_060118.jpg,upeneus moluccensis,0,Highly Fresh
data\mendeley\Oreochromis Niloticus - Not Fresh\IMG_20191004_064727.jpg,oreochromis niloticus,2,Not Fresh
data\mendeley\Oreochromis Niloticus - Not Fresh\IMG_20191115_054825_1.jpg,oreochromis niloticus,2,Not Fresh
data\mendeley\Nibea Albiflora - Fresh\IMG_20191113_061050_5.jpg,nibea albiflora,1,Fresh
data\mendeley\Oreochromis Mossambicus - Fresh\IMG_20191113_054608.jpg,oreochromis mossambicus,1,Fresh
data\mendeley\Nibea Albiflora -  Highly Fresh\IMG_20191110_055940_4.jpg,nibea albiflora,0,Highly Fresh
data\mendeley\Rastrelliger Faughni - Not Fresh\IMG_20191115_060647.jpg,rastrelliger faughni,2,Not Fresh
data\mendeley\Rastrelliger Faughni - Fresh\IMG_20191017_063326.jpg,rastrelliger faughni,1,Fresh
data\mendeley\Oreochromis Niloticus - Highly Fresh\IMG_20190930_072000.jpg,oreochromis niloticus,0,Highly Fresh
data\mendeley\Oreochromis Niloticus - Highly Fresh\IMG_20191001_064820.jpg,oreochromis niloticus,0,Highly Fresh
data\mendeley\Chanos Chanos - Not Fresh\IMG_20191115_053722.jpg,chanos chanos,2,Not Fresh
data\mendeley\Rastrelliger Faughni - Not Fresh\IMG_20191115_060625.jpg,rastrelliger faughni,2,Not Fresh
data\mendeley\Chanos Chanos - Not Fresh\IMG_20191005_071642.jpg,chanos chanos,2,Not Fresh
data\mendeley\Oreochromis Niloticus - Not Fresh\IMG_20191005_070834.jpg,oreochromis niloticus,2,Not Fresh
data\mendeley\Upeneus Moluccensis - Fresh\IMG_20191112_060714_2.jpg,upeneus moluccensis,1,Fresh
data\mendeley\Rastrelliger Faughni - Not Fresh\IMG_20191114_061158.jpg,rastrelliger faughni,2,Not Fresh
data\mendeley\Johnius Trachycephalus - Fresh\IMG_20191016_070443.jpg,johnius trachycephalus,1,Fresh
data\mendeley\Upeneus Moluccensis - Highly Fresh\IMG_20191110_073853_5.jpg,upeneus moluccensis,0,Highly Fresh
data\mendeley\Rastrelliger Faughni - Fresh\IMG_20191113_055949_2.jpg,rastrelliger faughni,1,Fresh
data\mendeley\Chanos Chanos - Not Fresh\IMG_20191115_053541.jpg,chanos chanos,2,Not Fresh
data\mendeley\Chanos Chanos - Not Fresh\IMG_20191114_054439.jpg,chanos chanos,2,Not Fresh
data\mendeley\Oreochromis Mossambicus - Fresh\IMG_20191112_054937_1.jpg,oreochromis mossambicus,1,Fresh
data\mendeley\Nibea Albiflora - Fresh\IMG_20191113_060535.jpg,nibea albiflora,1,Fresh
data\mendeley\Oreochromis Mossambicus - Highly Fresh\IMG_20191110_055124_2.jpg,oreochromis mossambicus,0,Highly Fresh
data\mendeley\Oreochromis Mossambicus - Highly Fresh\IMG_20191110_075520.jpg,oreochromis mossambicus,0,Highly Fresh
data\mendeley\Nibea Albiflora - Fresh\IMG_20191113_060756_1.jpg,nibea albiflora,1,Fresh
data\mendeley\Nibea Albiflora -  Highly Fresh\IMG_20191110_055936_2.jpg,nibea albiflora,0,Highly Fresh
data\mendeley\Oreochromis Niloticus - Fresh\IMG_20191113_053112.jpg,oreochromis niloticus,1,Fresh
data\mendeley\Upeneus Moluccensis - Highly Fresh\IMG_20191110_073707.jpg,upeneus moluccensis,0,Highly Fresh
data\mendeley\Oreochromis Niloticus - Fresh\IMG_20191003_063702.jpg,oreochromis niloticus,1,Fresh
data\mendeley\Johnius Trachycephalus - Highly Fresh\IMG_20191015_070745.jpg,johnius trachycephalus,0,Highly Fresh
data\mendeley\Upeneus Moluccensis - Fresh\IMG_20191112_055648.jpg,upeneus moluccensis,1,Fresh
data\mendeley\Oreochromis Niloticus - Highly Fresh\IMG_20191110_072736_1.jpg,oreochromis niloticus,0,Highly Fresh
data\mendeley\Oreochromis Mossambicus - Fresh\IMG_20191112_054440.jpg,oreochromis mossambicus,1,Fresh
data\mendeley\Upeneus Moluccensis - Highly Fresh\IMG_20191110_073933_5.jpg,upeneus moluccensis,0,Highly Fresh
data\mendeley\Oreochromis Niloticus - Fresh\IMG_20191002_064405.jpg,oreochromis niloticus,1,Fresh
data\mendeley\Eleutheronema Tetradactylum - Fresh\IMG_20191016_071428.jpg,eleutheronema tetradactylum,1,Fresh
data\mendeley\Upeneus Moluccensis - Highly Fresh\IMG_20191014_065137.jpg,upeneus moluccensis,0,Highly Fresh
data\mendeley\Rastrelliger Faughni - Highly Fresh\IMG_20191015_064101.jpg,rastrelliger faughni,0,Highly Fresh
data\mendeley\Eleutheronema Tetradactylum - Highly Fresh\IMG_20191015_071519.jpg,eleutheronema tetradactylum,0,Highly Fresh
data\mendeley\Chanos Chanos - Not Fresh\IMG_20191115_052934.jpg,chanos chanos,2,Not Fresh
data\mendeley\Rastrelliger Faughni - Highly Fresh\IMG_20191110_074746.jpg,rastrelliger faughni,0,Highly Fresh
data\mendeley\Oreochromis Niloticus - Highly Fresh\IMG_20190930_072140.jpg,oreochromis niloticus,0,Highly Fresh
data\mendeley\Rastrelliger Faughni - Fresh\IMG_20191113_055844.jpg,rastrelliger faughni,1,Fresh
data\mendeley\Chanos Chanos - Not Fresh\IMG_20191115_052735.jpg,chanos chanos,2,Not Fresh
data\mendeley\Oreochromis Mossambicus - Highly Fresh\IMG_20191110_055124_3.jpg,oreochromis mossambicus,0,Highly Fresh
data\mendeley\Eleutheronema Tetradactylum - Highly Fresh\IMG_20191014_072226.jpg,eleutheronema tetradactylum,0,Highly Fresh
data\mendeley\Upeneus Moluccensis - Fresh\IMG_20191113_062245_1.jpg,upeneus moluccensis,1,Fresh
data\mendeley\Oreochromis Niloticus - Highly Fresh\IMG_20191001_064648.jpg,oreochromis niloticus,0,Highly Fresh
data\mendeley\Nibea Albiflora -  Highly Fresh\IMG_20191110_080616.jpg,nibea albiflora,0,Highly Fresh
data\mendeley\Chanos Chanos - Fresh\IMG_20191113_052303.jpg,chanos chanos,1,Fresh
data\mendeley\Chanos Chanos - Highly Fresh\IMG_20191001_063515.jpg,chanos chanos,0,Highly Fresh
data\mendeley\Rastrelliger Faughni - Not Fresh\IMG_20191019_061124.jpg,rastrelliger faughni,2,Not Fresh
data\mendeley\Oreochromis Niloticus - Fresh\IMG_20191002_064122.jpg,oreochromis niloticus,1,Fresh
data\mendeley\Oreochromis Mossambicus - Fresh\IMG_20191112_055032_1.jpg,oreochromis mossambicus,1,Fresh
data\mendeley\Upeneus Moluccensis - Fresh\IMG_20191113_062505_5.jpg,upeneus moluccensis,1,Fresh
data\mendeley\Rastrelliger Faughni - Fresh\IMG_20191016_063949.jpg,rastrelliger faughni,1,Fresh
data\mendeley\Oreochromis Niloticus - Not Fresh\IMG_20191005_071145.jpg,oreochromis niloticus,2,Not Fresh
data\mendeley\Nibea Albiflora -  Highly Fresh\IMG_20191111_063114_2.jpg,nibea albiflora,0,Highly Fresh
data\mendeley\Rastrelliger Faughni - Highly Fresh\IMG_20191110_074717.jpg,rastrelliger faughni,0,Highly Fresh
data\mendeley\Oreochromis Niloticus - Fresh\IMG_20191112_054101_3.jpg,oreochromis niloticus,1,Fresh
data\mendeley\Oreochromis Niloticus - Not Fresh\IMG_20191114_055130.jpg,oreochromis niloticus,2,Not Fresh
data\mendeley\Oreochromis Mossambicus - Highly Fresh\IMG_20191111_055431_2.jpg,oreochromis mossambicus,0,Highly Fresh
data\mendeley\Chanos Chanos - Fresh\IMG_20191113_052353.jpg,chanos chanos,1,Fresh
data\mendeley\Chanos Chanos - Highly Fresh\IMG_20191001_063002.jpg,chanos chanos,0,Highly Fresh
data\mendeley\Oreochromis Niloticus - Highly Fresh\IMG_20191110_072711_4.jpg,oreochromis niloticus,0,Highly Fresh
data\mendeley\Oreochromis Niloticus - Highly Fresh\IMG_20191111_054334_1.jpg,oreochromis niloticus,0,Highly Fresh
data\mendeley\Oreochromis Mossambicus - Fresh\IMG_20191112_064241.jpg,oreochromis mossambicus,1,Fresh
data\mendeley\Rastrelliger Faughni - Not Fresh\IMG_20191114_061704.jpg,rastrelliger faughni,2,Not Fresh
data\mendeley\Upeneus Moluccensis - Fresh\IMG_20191016_063625.jpg,upeneus moluccensis,1,Fresh
data\mendeley\Johnius Trachycephalus - Not Fresh\IMG_20191019_062611.jpg,johnius trachycephalus,2,Not Fresh
data\mendeley\Oreochromis Mossambicus - Highly Fresh\IMG_20191111_055541.jpg,oreochromis mossambicus,0,Highly Fresh
data\mendeley\Oreochromis Mossambicus - Fresh\IMG_20191112_064233_1.jpg,oreochromis mossambicus,1,Fresh
data\mendeley\Oreochromis Mossambicus - Not Fresh\IMG_20191115_055518.jpg,oreochromis mossambicus,2,Not Fresh
data\mendeley\Oreochromis Mossambicus - Fresh\IMG_20191113_054741_4.jpg,oreochromis mossambicus,1,Fresh
data\mendeley\Eleutheronema Tetradactylum - Highly Fresh\IMG_20191015_071045.jpg,eleutheronema tetradactylum,0,Highly Fresh
data\mendeley\Chanos Chanos - Fresh\IMG_20191113_052438.jpg,chanos chanos,1,Fresh
data\mendeley\Johnius Trachycephalus - Not Fresh\IMG_20191018_060345.jpg,johnius trachycephalus,2,Not Fresh
data\mendeley\Nibea Albiflora -  Highly Fresh\IMG_20191111_063405_1.jpg,nibea albiflora,0,Highly Fresh
data\mendeley\Eleutheronema Tetradactylum - Highly Fresh\IMG_20191015_071151.jpg,eleutheronema tetradactylum,0,Highly Fresh
data\mendeley\Rastrelliger Faughni - Not Fresh\IMG_20191018_055934.jpg,rastrelliger faughni,2,Not Fresh
data\mendeley\Upeneus Moluccensis - Not Fresh\IMG_20191114_064007_1.jpg,upeneus moluccensis,2,Not Fresh
data\mendeley\Rastrelliger Faughni - Not Fresh\IMG_20191019_061245.jpg,rastrelliger faughni,2,Not Fresh
data\mendeley\Rastrelliger Faughni - Fresh\IMG_20191113_055707_2.jpg,rastrelliger faughni,1,Fresh
data\mendeley\Upeneus Moluccensis - Not Fresh\IMG_20191114_063942_2.jpg,upeneus moluccensis,2,Not Fresh
data\mendeley\Oreochromis Mossambicus - Fresh\IMG_20191112_054934_2.jpg,oreochromis mossambicus,1,Fresh
data\mendeley\Johnius Trachycephalus - Highly Fresh\IMG_20191014_071930.jpg,johnius trachycephalus,0,Highly Fresh
data\mendeley\Johnius Trachycephalus - Fresh\IMG_20191016_065758.jpg,johnius trachycephalus,1,Fresh
data\mendeley\Oreochromis Mossambicus - Fresh\IMG_20191113_054527.jpg,oreochromis mossambicus,1,Fresh
data\mendeley\Oreochromis Mossambicus - Fresh\IMG_20191112_064207_2.jpg,oreochromis mossambicus,1,Fresh
data\mendeley\Chanos Chanos - Not Fresh\IMG_20191114_054521.jpg,chanos chanos,2,Not Fresh
data\mendeley\Upeneus Moluccensis - Not Fresh\IMG_20191018_054808.jpg,upeneus moluccensis,2,Not Fresh
data\mendeley\Upeneus Moluccensis - Not Fresh\IMG_20191115_063511.jpg,upeneus moluccensis,2,Not Fresh
data\mendeley\Oreochromis Mossambicus - Fresh\IMG_20191113_055039_2.jpg,oreochromis mossambicus,1,Fresh
data\mendeley\Nibea Albiflora -  Highly Fresh\IMG_20191111_063952_2.jpg,nibea albiflora,0,Highly Fresh
data\mendeley\Rastrelliger Faughni - Fresh\IMG_20191017_064628.jpg,rastrelliger faughni,1,Fresh
data\mendeley\Upeneus Moluccensis - Not Fresh\IMG_20191019_060250.jpg,upeneus moluccensis,2,Not Fresh
data\mendeley\Chanos Chanos - Highly Fresh\IMG_20191001_062506.jpg,chanos chanos,0,Highly Fresh
data\mendeley\Chanos Chanos - Not Fresh\IMG_20191115_053251.jpg,chanos chanos,2,Not Fresh
data\mendeley\Upeneus Moluccensis - Highly Fresh\IMG_20191111_060949_1.jpg,upeneus moluccensis,0,Highly Fresh
data\mendeley\Oreochromis Niloticus - Highly Fresh\IMG_20191001_064450.jpg,oreochromis niloticus,0,Highly Fresh
data\mendeley\Chanos Chanos - Not Fresh\IMG_20191114_053714.jpg,chanos chanos,2,Not Fresh
data\mendeley\Oreochromis Mossambicus - Not Fresh\IMG_20191115_060240_1.jpg,oreochromis mossambicus,2,Not Fresh
data\mendeley\Oreochromis Mossambicus - Not Fresh\IMG_20191115_055842.jpg,oreochromis mossambicus,2,Not Fresh
data\mendeley\Upeneus Moluccensis - Not Fresh\IMG_20191115_063917.jpg,upeneus moluccensis,2,Not Fresh
data\mendeley\Nibea Albiflora - Not Fresh\IMG_20191115_062211_2.jpg,nibea albiflora,2,Not Fresh
data\mendeley\Nibea Albiflora - Fresh\IMG_20191113_060345.jpg,nibea albiflora,1,Fresh
data\mendeley\Rastrelliger Faughni - Highly Fresh\IMG_20191110_055648_7.jpg,rastrelliger faughni,0,Highly Fresh
data\mendeley\Upeneus Moluccensis - Fresh\IMG_20191113_062131.jpg,upeneus moluccensis,1,Fresh
data\mendeley\Upeneus Moluccensis - Highly Fresh\IMG_20191111_060916_1.jpg,upeneus moluccensis,0,Highly Fresh
data\mendeley\Rastrelliger Faughni - Fresh\IMG_20191113_060119_2.jpg,rastrelliger faughni,1,Fresh
data\mendeley\Rastrelliger Faughni - Highly Fresh\IMG_20191110_075010_3.jpg,rastrelliger faughni,0,Highly Fresh
data\mendeley\Oreochromis Mossambicus - Highly Fresh\IMG_20191111_055445_4.jpg,oreochromis mossambicus,0,Highly Fresh
data\mendeley\Upeneus Moluccensis - Fresh\IMG_20191112_055802.jpg,upeneus moluccensis,1,Fresh
data\mendeley\Chanos Chanos - Not Fresh\IMG_20191114_054053.jpg,chanos chanos,2,Not Fresh
data\mendeley\Chanos Chanos - Not Fresh\IMG_20191114_054300.jpg,chanos chanos,2,Not Fresh
data\mendeley\Oreochromis Mossambicus - Highly Fresh\IMG_20191110_080059.jpg,oreochromis mossambicus,0,Highly Fresh
data\mendeley\Oreochromis Niloticus - Fresh\IMG_20191113_054053_1.jpg,oreochromis niloticus,1,Fresh
data\mendeley\Upeneus Moluccensis - Highly Fresh\IMG_20191110_074320_2.jpg,upeneus moluccensis,0,Highly Fresh
data\mendeley\Chanos Chanos - Highly Fresh\IMG_20191001_063245.jpg,chanos chanos,0,Highly Fresh
data\mendeley\Oreochromis Niloticus - Fresh\IMG_20191002_063927.jpg,oreochromis niloticus,1,Fresh
data\mendeley\Nibea Albiflora - Not Fresh\IMG_20191115_062111.jpg,nibea albiflora,2,Not Fresh
data\mendeley\Oreochromis Niloticus - Fresh\IMG_20191112_053414_1.jpg,oreochromis niloticus,1,Fresh
data\mendeley\Oreochromis Niloticus - Not Fresh\IMG_20191114_055625.jpg,oreochromis niloticus,2,Not Fresh
data\mendeley\Nibea Albiflora -  Highly Fresh\IMG_20191111_063543.jpg,nibea albiflora,0,Highly Fresh
data\mendeley\Rastrelliger Faughni - Highly Fresh\IMG_20191015_063724.jpg,rastrelliger faughni,0,Highly Fresh
data\mendeley\Eleutheronema Tetradactylum - Not Fresh\IMG_20191019_064309.jpg,eleutheronema tetradactylum,2,Not Fresh
data\mendeley\Johnius Trachycephalus - Fresh\IMG_20191016_065355.jpg,johnius trachycephalus,1,Fresh
data\mendeley\Nibea Albiflora - Not Fresh\IMG_20191115_061751.jpg,nibea albiflora,2,Not Fresh
data\mendeley\Eleutheronema Tetradactylum - Not Fresh\IMG_20191018_062002.jpg,eleutheronema tetradactylum,2,Not Fresh
data\mendeley\Oreochromis Niloticus - Highly Fresh\IMG_20191110_072725_3.jpg,oreochromis niloticus,0,Highly Fresh
data\mendeley\Oreochromis Niloticus - Fresh\IMG_20191112_054101_1.jpg,oreochromis niloticus,1,Fresh
data\mendeley\Rastrelliger Faughni - Not Fresh\IMG_20191018_055115.jpg,rastrelliger faughni,2,Not Fresh
data\mendeley\Rastrelliger Faughni - Not Fresh\IMG_20191115_061229.jpg,rastrelliger faughni,2,Not Fresh
data\mendeley\Upeneus Moluccensis - Not Fresh\IMG_20191114_064004_2.jpg,upeneus moluccensis,2,Not Fresh
data\mendeley\Nibea Albiflora - Not Fresh\IMG_20191115_062348_2.jpg,nibea albiflora,2,Not Fresh
data\mendeley\Johnius Trachycephalus - Fresh\IMG_20191016_065441.jpg,johnius trachycephalus,1,Fresh
data\mendeley\Oreochromis Niloticus - Highly Fresh\IMG_20191001_065041.jpg,oreochromis niloticus,0,Highly Fresh
data\mendeley\Oreochromis Niloticus - Fresh\IMG_20191113_053237.jpg,oreochromis niloticus,1,Fresh
data\mendeley\Oreochromis Mossambicus - Fresh\IMG_20191113_055019_4.jpg,oreochromis mossambicus,1,Fresh
data\mendeley\Eleutheronema Tetradactylum - Fresh\IMG_20191016_072032.jpg,eleutheronema tetradactylum,1,Fresh
data\mendeley\Rastrelliger Faughni - Highly Fresh\IMG_20191015_064852.jpg,rastrelliger faughni,0,Highly Fresh
data\mendeley\Nibea Albiflora -  Highly Fresh\IMG_20191111_063031.jpg,nibea albiflora,0,Highly Fresh
data\mendeley\Upeneus Moluccensis - Fresh\IMG_20191016_063355.jpg,upeneus moluccensis,1,Fresh
data\mendeley\Rastrelliger Faughni - Highly Fresh\IMG_20191111_061705.jpg,rastrelliger faughni,0,Highly Fresh
data\mendeley\Rastrelliger Faughni - Highly Fresh\IMG_20191110_074832.jpg,rastrelliger faughni,0,Highly Fresh
data\mendeley\Chanos Chanos - Not Fresh\IMG_20191115_053750.jpg,chanos chanos,2,Not Fresh
data\mendeley\Nibea Albiflora - Not Fresh\IMG_20191115_062531_2.jpg,nibea albiflora,2,Not Fresh
data\mendeley\Oreochromis Mossambicus - Fresh\IMG_20191112_054315.jpg,oreochromis mossambicus,1,Fresh
data\mendeley\Johnius Trachycephalus - Highly Fresh\IMG_20191014_071359.jpg,johnius trachycephalus,0,Highly Fresh
data\mendeley\Oreochromis Niloticus - Not Fresh\IMG_20191114_055611.jpg,oreochromis niloticus,2,Not Fresh
data\mendeley\Oreochromis Niloticus - Highly Fresh\IMG_20191001_064553.jpg,oreochromis niloticus,0,Highly Fresh
data\mendeley\Chanos Chanos - Highly Fresh\IMG_20191001_062732.jpg,chanos chanos,0,Highly Fresh
data\mendeley\Johnius Trachycephalus - Fresh\IMG_20191017_065034.jpg,johnius trachycephalus,1,Fresh
data\mendeley\Rastrelliger Faughni - Highly Fresh\IMG_20191015_064531.jpg,rastrelliger faughni,0,Highly Fresh
data\mendeley\Nibea Albiflora -  Highly Fresh\IMG_20191111_063405_2.jpg,nibea albiflora,0,Highly Fresh
data\mendeley\Upeneus Moluccensis - Highly Fresh\IMG_20191110_074230_2.jpg,upeneus moluccensis,0,Highly Fresh
data\mendeley\Upeneus Moluccensis - Highly Fresh\IMG_20191111_061303_6.jpg,upeneus moluccensis,0,Highly Fresh
data\mendeley\Upeneus Moluccensis - Fresh\IMG_20191112_060438_2.jpg,upeneus moluccensis,1,Fresh
data\mendeley\Nibea Albiflora -  Highly Fresh\IMG_20191110_080800_3.jpg,nibea albiflora,0,Highly Fresh
data\mendeley\Upeneus Moluccensis - Highly Fresh\IMG_20191110_074333_2.jpg,upeneus moluccensis,0,Highly Fresh
data\mendeley\Rastrelliger Faughni - Highly Fresh\IMG_20191014_070443.jpg,rastrelliger faughni,0,Highly Fresh
data\mendeley\Eleutheronema Tetradactylum - Fresh\IMG_20191017_072039.jpg,eleutheronema tetradactylum,1,Fresh
data\mendeley\Nibea Albiflora - Not Fresh\IMG_20191114_062823.jpg,nibea albiflora,2,Not Fresh
data\mendeley\Chanos Chanos - Not Fresh\IMG_20191005_072107.jpg,chanos chanos,2,Not Fresh
data\mendeley\Nibea Albiflora -  Highly Fresh\IMG_20191111_064155.jpg,nibea albiflora,0,Highly Fresh
data\mendeley\Oreochromis Niloticus - Fresh\IMG_20191113_054048.jpg,oreochromis niloticus,1,Fresh
data\mendeley\Rastrelliger Faughni - Highly Fresh\IMG_20191110_055628_8.jpg,rastrelliger faughni,0,Highly Fresh
data\mendeley\Rastrelliger Faughni - Highly Fresh\IMG_20191110_074819.jpg,rastrelliger faughni,0,Highly Fresh
data\mendeley\Rastrelliger Faughni - Highly Fresh\IMG_20191110_055554_6.jpg,rastrelliger faughni,0,Highly Fresh
data\mendeley\Upeneus Moluccensis - Fresh\IMG_20191016_063733.jpg,upeneus moluccensis,1,Fresh
data\mendeley\Oreochromis Niloticus - Highly Fresh\IMG_20191111_053609.jpg,oreochromis niloticus,0,Highly Fresh
data\mendeley\Oreochromis Niloticus - Fresh\IMG_20191113_053858.jpg,oreochromis niloticus,1,Fresh
data\mendeley\Nibea Albiflora - Fresh\IMG_20191112_061537_4.jpg,nibea albiflora,1,Fresh
data\mendeley\Upeneus Moluccensis - Highly Fresh\IMG_20191110_061237_3.jpg,upeneus moluccensis,0,Highly Fresh
data\mendeley\Upeneus Moluccensis - Fresh\IMG_20191016_063150.jpg,upeneus moluccensis,1,Fresh
data\mendeley\Upeneus Moluccensis - Not Fresh\IMG_20191114_063401.jpg,upeneus moluccensis,2,Not Fresh
data\mendeley\Nibea Albiflora - Not Fresh\IMG_20191114_062624.jpg,nibea albiflora,2,Not Fresh
data\mendeley\Oreochromis Niloticus - Highly Fresh\IMG_20191111_054019_4.jpg,oreochromis niloticus,0,Highly Fresh
data\mendeley\Rastrelliger Faughni - Highly Fresh\IMG_20191015_064312.jpg,rastrelliger faughni,0,Highly Fresh
data\mendeley\Oreochromis Niloticus - Highly Fresh\IMG_20191001_064939.jpg,oreochromis niloticus,0,Highly Fresh
data\mendeley\Rastrelliger Faughni - Highly Fresh\IMG_20191111_062131.jpg,rastrelliger faughni,0,Highly Fresh
data\mendeley\Rastrelliger Faughni - Fresh\IMG_20191112_063832_3.jpg,rastrelliger faughni,1,Fresh
data\mendeley\Upeneus Moluccensis - Fresh\IMG_20191017_062137.jpg,upeneus moluccensis,1,Fresh
data\mendeley\Nibea Albiflora - Fresh\IMG_20191113_060637_2.jpg,nibea albiflora,1,Fresh
data\mendeley\Eleutheronema Tetradactylum - Fresh\IMG_20191017_071809.jpg,eleutheronema tetradactylum,1,Fresh
data\mendeley\Nibea Albiflora - Not Fresh\IMG_20191115_061943_2.jpg,nibea albiflora,2,Not Fresh
data\mendeley\Chanos Chanos - Fresh\IMG_20191113_052744.jpg,chanos chanos,1,Fresh
data\mendeley\Oreochromis Niloticus - Fresh\IMG_20191112_053819_1.jpg,oreochromis niloticus,1,Fresh
data\mendeley\Johnius Trachycephalus - Highly Fresh\IMG_20191015_065223.jpg,johnius trachycephalus,0,Highly Fresh
data\mendeley\Upeneus Moluccensis - Fresh\IMG_20191112_060241.jpg,upeneus moluccensis,1,Fresh
data\mendeley\Oreochromis Mossambicus - Highly Fresh\IMG_20191110_075712.jpg,oreochromis mossambicus,0,Highly Fresh
data\mendeley\Rastrelliger Faughni - Fresh\IMG_20191016_064113.jpg,rastrelliger faughni,1,Fresh
data\mendeley\Oreochromis Mossambicus - Highly Fresh\IMG_20191110_075903_2.jpg,oreochromis mossambicus,0,Highly Fresh
data\mendeley\Oreochromis Niloticus - Not Fresh\IMG_20191005_070953.jpg,oreochromis niloticus,2,Not Fresh
data\mendeley\Nibea Albiflora - Not Fresh\IMG_20191115_062220_3.jpg,nibea albiflora,2,Not Fresh
data\mendeley\Upeneus Moluccensis - Fresh\IMG_20191112_060246.jpg,upeneus moluccensis,1,Fresh
data\mendeley\Nibea Albiflora -  Highly Fresh\IMG_20191111_064124.jpg,nibea albiflora,0,Highly Fresh
data\mendeley\Nibea Albiflora - Fresh\IMG_20191113_060841.jpg,nibea albiflora,1,Fresh
data\mendeley\Upeneus Moluccensis - Fresh\IMG_20191112_060029_2.jpg,upeneus moluccensis,1,Fresh
data\mendeley\Chanos Chanos - Highly Fresh\IMG_20191111_053033.jpg,chanos chanos,0,Highly Fresh
data\mendeley\Upeneus Moluccensis - Not Fresh\IMG_20191115_063000.jpg,upeneus moluccensis,2,Not Fresh
data\mendeley\Nibea Albiflora -  Highly Fresh\IMG_20191111_063253.jpg,nibea albiflora,0,Highly Fresh
data\mendeley\Johnius Trachycephalus - Highly Fresh\IMG_20191014_071541.jpg,johnius trachycephalus,0,Highly Fresh
data\mendeley\Chanos Chanos - Highly Fresh\IMG_20190930_070641.jpg,chanos chanos,0,Highly Fresh
data\mendeley\Oreochromis Niloticus - Not Fresh\IMG_20191114_055734.jpg,oreochromis niloticus,2,Not Fresh
data\mendeley\Upeneus Moluccensis - Not Fresh\IMG_20191114_063611_1.jpg,upeneus moluccensis,2,Not Fresh
data\mendeley\Oreochromis Niloticus - Not Fresh\IMG_20191114_055340.jpg,oreochromis niloticus,2,Not Fresh
data\mendeley\Nibea Albiflora - Not Fresh\IMG_20191115_062016_1.jpg,nibea albiflora,2,Not Fresh
data\mendeley\Chanos Chanos - Highly Fresh\IMG_20191111_052738.jpg,chanos chanos,0,Highly Fresh
data\mendeley\Oreochromis Mossambicus - Fresh\IMG_20191113_054712_3.jpg,oreochromis mossambicus,1,Fresh
data\mendeley\Oreochromis Mossambicus - Not Fresh\IMG_20191115_060122.jpg,oreochromis mossambicus,2,Not Fresh
data\mendeley\Oreochromis Mossambicus - Fresh\IMG_20191113_055132.jpg,oreochromis mossambicus,1,Fresh
data\mendeley\Rastrelliger Faughni - Highly Fresh\IMG_20191110_055518_1.jpg,rastrelliger faughni,0,Highly Fresh
data\mendeley\Rastrelliger Faughni - Fresh\IMG_20191017_063342.jpg,rastrelliger faughni,1,Fresh
data\mendeley\Chanos Chanos - Fresh\IMG_20191002_062944.jpg,chanos chanos,1,Fresh
data\mendeley\Oreochromis Niloticus - Fresh\IMG_20191003_063405.jpg,oreochromis niloticus,1,Fresh
data\mendeley\Upeneus Moluccensis - Highly Fresh\IMG_20191014_065424.jpg,upeneus moluccensis,0,Highly Fresh
data\mendeley\Oreochromis Niloticus - Not Fresh\IMG_20191114_055937_6.jpg,oreochromis niloticus,2,Not Fresh
data\mendeley\Oreochromis Mossambicus - Not Fresh\IMG_20191114_060313_2.jpg,oreochromis mossambicus,2,Not Fresh
data\mendeley\Nibea Albiflora - Not Fresh\IMG_20191114_063043_2.jpg,nibea albiflora,2,Not Fresh
data\mendeley\Rastrelliger Faughni - Highly Fresh\IMG_20191110_055522_4.jpg,rastrelliger faughni,0,Highly Fresh
data\mendeley\Oreochromis Niloticus - Highly Fresh\IMG_20191111_054316_2.jpg,oreochromis niloticus,0,Highly Fresh
data\mendeley\Oreochromis Mossambicus - Highly Fresh\IMG_20191111_055756.jpg,oreochromis mossambicus,0,Highly Fresh
data\mendeley\Rastrelliger Faughni - Fresh\IMG_20191112_063832_7.jpg,rastrelliger faughni,1,Fresh
data\mendeley\Oreochromis Mossambicus - Highly Fresh\IMG_20191110_055218_1.jpg,oreochromis mossambicus,0,Highly Fresh
data\mendeley\Oreochromis Mossambicus - Highly Fresh\IMG_20191110_080239_1.jpg,oreochromis mossambicus,0,Highly Fresh
data\mendeley\Oreochromis Mossambicus - Not Fresh\IMG_20191114_060701_1.jpg,oreochromis mossambicus,2,Not Fresh
data\mendeley\Rastrelliger Faughni - Highly Fresh\IMG_20191110_075406_4.jpg,rastrelliger faughni,0,Highly Fresh
data\mendeley\Rastrelliger Faughni - Not Fresh\IMG_20191114_062051_2.jpg,rastrelliger faughni,2,Not Fresh
data\mendeley\Upeneus Moluccensis - Fresh\IMG_20191017_063155.jpg,upeneus moluccensis,1,Fresh
data\mendeley\Oreochromis Niloticus - Fresh\IMG_20191002_064813.jpg,oreochromis niloticus,1,Fresh
data\mendeley\Upeneus Moluccensis - Highly Fresh\IMG_20191111_061255_5.jpg,upeneus moluccensis,0,Highly Fresh
data\mendeley\Rastrelliger Faughni - Highly Fresh\IMG_20191110_055628_11.jpg,rastrelliger faughni,0,Highly Fresh
data\mendeley\Rastrelliger Faughni - Highly Fresh\IMG_20191110_055628_2.jpg,rastrelliger faughni,0,Highly Fresh
data\mendeley\Upeneus Moluccensis - Fresh\IMG_20191112_060506_1.jpg,upeneus moluccensis,1,Fresh
data\mendeley\Oreochromis Mossambicus - Not Fresh\IMG_20191115_060026_1.jpg,oreochromis mossambicus,2,Not Fresh
data\mendeley\Rastrelliger Faughni - Highly Fresh\IMG_20191111_061740.jpg,rastrelliger faughni,0,Highly Fresh
data\mendeley\Rastrelliger Faughni - Not Fresh\IMG_20191115_061049.jpg,rastrelliger faughni,2,Not Fresh
data\mendeley\Johnius Trachycephalus - Highly Fresh\IMG_20191015_070622.jpg,johnius trachycephalus,0,Highly Fresh
data\mendeley\Upeneus Moluccensis - Not Fresh\IMG_20191018_054052.jpg,upeneus moluccensis,2,Not Fresh
data\mendeley\Oreochromis Niloticus - Not Fresh\IMG_20191114_055156_1.jpg,oreochromis niloticus,2,Not Fresh
data\mendeley\Oreochromis Niloticus - Highly Fresh\IMG_20191001_064838.jpg,oreochromis niloticus,0,Highly Fresh
data\mendeley\Oreochromis Niloticus - Fresh\IMG_20191112_053742.jpg,oreochromis niloticus,1,Fresh
data\mendeley\Eleutheronema Tetradactylum - Fresh\IMG_20191017_070728.jpg,eleutheronema tetradactylum,1,Fresh
data\mendeley\Rastrelliger Faughni - Highly Fresh\IMG_20191110_055620_2.jpg,rastrelliger faughni,0,Highly Fresh
data\mendeley\Oreochromis Niloticus - Highly Fresh\IMG_20191110_062021_4.jpg,oreochromis niloticus,0,Highly Fresh
data\mendeley\Oreochromis Niloticus - Highly Fresh\IMG_20191110_071428.jpg,oreochromis niloticus,0,Highly Fresh
data\mendeley\Upeneus Moluccensis - Fresh\IMG_20191016_063753.jpg,upeneus moluccensis,1,Fresh
data\mendeley\Nibea Albiflora -  Highly Fresh\IMG_20191111_063550.jpg,nibea albiflora,0,Highly Fresh
data\mendeley\Upeneus Moluccensis - Fresh\IMG_20191112_060010_1.jpg,upeneus moluccensis,1,Fresh
data\mendeley\Upeneus Moluccensis - Fresh\IMG_20191113_061943.jpg,upeneus moluccensis,1,Fresh
data\mendeley\Upeneus Moluccensis - Fresh\IMG_20191017_062648.jpg,upeneus moluccensis,1,Fresh
data\mendeley\Rastrelliger Faughni - Fresh\IMG_20191016_064744.jpg,rastrelliger faughni,1,Fresh
data\mendeley\Johnius Trachycephalus - Fresh\IMG_20191016_065903.jpg,johnius trachycephalus,1,Fresh
data\mendeley\Eleutheronema Tetradactylum - Not Fresh\IMG_20191019_063330.jpg,eleutheronema tetradactylum,2,Not Fresh
data\mendeley\Rastrelliger Faughni - Fresh\IMG_20191113_060020_3.jpg,rastrelliger faughni,1,Fresh
data\mendeley\Eleutheronema Tetradactylum - Highly Fresh\IMG_20191014_072418.jpg,eleutheronema tetradactylum,0,Highly Fresh
data\mendeley\Oreochromis Niloticus - Not Fresh\IMG_20191114_055353.jpg,oreochromis niloticus,2,Not Fresh
data\mendeley\Oreochromis Mossambicus - Fresh\IMG_20191113_055019_1.jpg,oreochromis mossambicus,1,Fresh
data\mendeley\Oreochromis Mossambicus - Fresh\IMG_20191112_054527_3.jpg,oreochromis mossambicus,1,Fresh
data\mendeley\Oreochromis Mossambicus - Not Fresh\IMG_20191115_055756.jpg,oreochromis mossambicus,2,Not Fresh
data\mendeley\Johnius Trachycephalus - Highly Fresh\IMG_20191015_070402.jpg,johnius trachycephalus,0,Highly Fresh
data\mendeley\Upeneus Moluccensis - Not Fresh\IMG_20191115_063618.jpg,upeneus moluccensis,2,Not Fresh
data\mendeley\Upeneus Moluccensis - Not Fresh\IMG_20191114_063545.jpg,upeneus moluccensis,2,Not Fresh
data\mendeley\Eleutheronema Tetradactylum - Highly Fresh\IMG_20191014_072958.jpg,eleutheronema tetradactylum,0,Highly Fresh
data\mendeley\Oreochromis Mossambicus - Highly Fresh\IMG_20191111_055053_3.jpg,oreochromis mossambicus,0,Highly Fresh
data\mendeley\Eleutheronema Tetradactylum - Fresh\IMG_20191016_070854.jpg,eleutheronema tetradactylum,1,Fresh
data\mendeley\Johnius Trachycephalus - Not Fresh\IMG_20191018_060114.jpg,johnius trachycephalus,2,Not Fresh
data\mendeley\Oreochromis Niloticus - Highly Fresh\IMG_20191110_061959_3.jpg,oreochromis niloticus,0,Highly Fresh
data\mendeley\Johnius Trachycephalus - Fresh\IMG_20191016_065609.jpg,johnius trachycephalus,1,Fresh
data\mendeley\Chanos Chanos - Fresh\IMG_20191003_064609.jpg,chanos chanos,1,Fresh
data\mendeley\Johnius Trachycephalus - Highly Fresh\IMG_20191014_071201.jpg,johnius trachycephalus,0,Highly Fresh
data\mendeley\Oreochromis Niloticus - Not Fresh\IMG_20191115_055053.jpg,oreochromis niloticus,2,Not Fresh
data\mendeley\Rastrelliger Faughni - Not Fresh\IMG_20191114_061749.jpg,rastrelliger faughni,2,Not Fresh
data\mendeley\Rastrelliger Faughni - Fresh\IMG_20191016_064829.jpg,rastrelliger faughni,1,Fresh
data\mendeley\Oreochromis Niloticus - Not Fresh\IMG_20191004_064718.jpg,oreochromis niloticus,2,Not Fresh
data\mendeley\Oreochromis Mossambicus - Not Fresh\IMG_20191115_060244_2.jpg,oreochromis mossambicus,2,Not Fresh
data\mendeley\Oreochromis Niloticus - Fresh\IMG_20191112_054101_7.jpg,oreochromis niloticus,1,Fresh
data\mendeley\Upeneus Moluccensis - Highly Fresh\IMG_20191015_063111.jpg,upeneus moluccensis,0,Highly Fresh
data\mendeley\Upeneus Moluccensis - Not Fresh\IMG_20191018_055000.jpg,upeneus moluccensis,2,Not Fresh
data\mendeley\Upeneus Moluccensis - Highly Fresh\IMG_20191110_074218_1.jpg,upeneus moluccensis,0,Highly Fresh
data\mendeley\Rastrelliger Faughni - Highly Fresh\IMG_20191110_055648_3.jpg,rastrelliger faughni,0,Highly Fresh
data\mendeley\Nibea Albiflora - Not Fresh\IMG_20191114_062526_2.jpg,nibea albiflora,2,Not Fresh
data\mendeley\Upeneus Moluccensis - Fresh\IMG_20191112_060010_3.jpg,upeneus moluccensis,1,Fresh
data\mendeley\Rastrelliger Faughni - Not Fresh\IMG_20191018_055626.jpg,rastrelliger faughni,2,Not Fresh
data\mendeley\Upeneus Moluccensis - Fresh\IMG_20191112_064109_1.jpg,upeneus moluccensis,1,Fresh
data\mendeley\Oreochromis Mossambicus - Not Fresh\IMG_20191114_060825.jpg,oreochromis mossambicus,2,Not Fresh
data\mendeley\Oreochromis Mossambicus - Not Fresh\IMG_20191115_055420.jpg,oreochromis mossambicus,2,Not Fresh
data\mendeley\Oreochromis Niloticus - Not Fresh\IMG_20191005_071033.jpg,oreochromis niloticus,2,Not Fresh
data\mendeley\Eleutheronema Tetradactylum - Highly Fresh\IMG_20191015_071446.jpg,eleutheronema tetradactylum,0,Highly Fresh
data\mendeley\Eleutheronema Tetradactylum - Fresh\IMG_20191016_071507.jpg,eleutheronema tetradactylum,1,Fresh
data\mendeley\Oreochromis Mossambicus - Highly Fresh\IMG_20191110_080228_3.jpg,oreochromis mossambicus,0,Highly Fresh
data\mendeley\Nibea Albiflora -  Highly Fresh\IMG_20191110_080605.jpg,nibea albiflora,0,Highly Fresh
data\mendeley\Oreochromis Mossambicus - Not Fresh\IMG_20191114_060721_2.jpg,oreochromis mossambicus,2,Not Fresh
data\mendeley\Rastrelliger Faughni - Fresh\IMG_20191016_065030.jpg,rastrelliger faughni,1,Fresh
data\mendeley\Oreochromis Mossambicus - Not Fresh\IMG_20191114_060254.jpg,oreochromis mossambicus,2,Not Fresh
data\mendeley\Rastrelliger Faughni - Highly Fresh\IMG_20191110_055526_2.jpg,rastrelliger faughni,0,Highly Fresh
data\mendeley\Rastrelliger Faughni - Fresh\IMG_20191113_055540_2.jpg,rastrelliger faughni,1,Fresh
data\mendeley\Chanos Chanos - Not Fresh\IMG_20191115_053605.jpg,chanos chanos,2,Not Fresh
data\mendeley\Upeneus Moluccensis - Highly Fresh\IMG_20191111_061359_2.jpg,upeneus moluccensis,0,Highly Fresh
data\mendeley\Oreochromis Niloticus - Not Fresh\IMG_20191114_055438_1.jpg,oreochromis niloticus,2,Not Fresh
data\mendeley\Oreochromis Niloticus - Fresh\IMG_20191003_063232.jpg,oreochromis niloticus,1,Fresh
data\mendeley\Rastrelliger Faughni - Fresh\IMG_20191113_055622_2.jpg,rastrelliger faughni,1,Fresh
data\mendeley\Oreochromis Niloticus - Fresh\IMG_20191002_064825.jpg,oreochromis niloticus,1,Fresh
data\mendeley\Upeneus Moluccensis - Not Fresh\IMG_20191114_063617_2.jpg,upeneus moluccensis,2,Not Fresh
data\mendeley\Upeneus Moluccensis - Not Fresh\IMG_20191115_063709_1.jpg,upeneus moluccensis,2,Not Fresh
data\mendeley\Oreochromis Niloticus - Not Fresh\IMG_20191115_055012.jpg,oreochromis niloticus,2,Not Fresh
data\mendeley\Chanos Chanos - Fresh\IMG_20191113_051850.jpg,chanos chanos,1,Fresh
data\mendeley\Nibea Albiflora -  Highly Fresh\IMG_20191110_055950_2.jpg,nibea albiflora,0,Highly Fresh
data\mendeley\Oreochromis Niloticus - Not Fresh\IMG_20191004_064357.jpg,oreochromis niloticus,2,Not Fresh
data\mendeley\Eleutheronema Tetradactylum - Not Fresh\IMG_20191019_063819.jpg,eleutheronema tetradactylum,2,Not Fresh
data\mendeley\Rastrelliger Faughni - Highly Fresh\IMG_20191110_055542_1.jpg,rastrelliger faughni,0,Highly Fresh
data\mendeley\Chanos Chanos - Fresh\IMG_20191112_052516.jpg,chanos chanos,1,Fresh
data\mendeley\Johnius Trachycephalus - Fresh\IMG_20191016_065513.jpg,johnius trachycephalus,1,Fresh
data\mendeley\Rastrelliger Faughni - Highly Fresh\IMG_20191110_055529_1.jpg,rastrelliger faughni,0,Highly Fresh
data\mendeley\Oreochromis Niloticus - Highly Fresh\IMG_20191001_064534.jpg,oreochromis niloticus,0,Highly Fresh
data\mendeley\Upeneus Moluccensis - Not Fresh\IMG_20191115_063700_1.jpg,upeneus moluccensis,2,Not Fresh
data\mendeley\Oreochromis Mossambicus - Highly Fresh\IMG_20191111_055900_2.jpg,oreochromis mossambicus,0,Highly Fresh
data\mendeley\Eleutheronema Tetradactylum - Fresh\IMG_20191017_071136.jpg,eleutheronema tetradactylum,1,Fresh
data\mendeley\Upeneus Moluccensis - Highly Fresh\IMG_20191111_060856_1.jpg,upeneus moluccensis,0,Highly Fresh
data\mendeley\Oreochromis Niloticus - Not Fresh\IMG_20191005_071503.jpg,oreochromis niloticus,2,Not Fresh
data\mendeley\Nibea Albiflora -  Highly Fresh\IMG_20191110_080518.jpg,nibea albiflora,0,Highly Fresh
data\mendeley\Oreochromis Mossambicus - Not Fresh\IMG_20191114_060511.jpg,oreochromis mossambicus,2,Not Fresh
data\mendeley\Oreochromis Niloticus - Highly Fresh\IMG_20190930_072311.jpg,oreochromis niloticus,0,Highly Fresh
data\mendeley\Oreochromis Mossambicus - Fresh\IMG_20191112_055001_1.jpg,oreochromis mossambicus,1,Fresh
data\mendeley\Oreochromis Niloticus - Highly Fresh\IMG_20191110_072549.jpg,oreochromis niloticus,0,Highly Fresh
data\mendeley\Nibea Albiflora - Fresh\IMG_20191112_061019.jpg,nibea albiflora,1,Fresh
data\mendeley\Rastrelliger Faughni - Not Fresh\IMG_20191115_060833.jpg,rastrelliger faughni,2,Not Fresh
data\mendeley\Eleutheronema Tetradactylum - Not Fresh\IMG_20191019_064104.jpg,eleutheronema tetradactylum,2,Not Fresh
data\mendeley\Nibea Albiflora -  Highly Fresh\IMG_20191111_064131.jpg,nibea albiflora,0,Highly Fresh
data\mendeley\Chanos Chanos - Fresh\IMG_20191003_064620.jpg,chanos chanos,1,Fresh
data\mendeley\Chanos Chanos - Not Fresh\IMG_20191114_053743.jpg,chanos chanos,2,Not Fresh
data\mendeley\Oreochromis Niloticus - Fresh\IMG_20191112_053735.jpg,oreochromis niloticus,1,Fresh
data\mendeley\Rastrelliger Faughni - Not Fresh\IMG_20191115_061036.jpg,rastrelliger faughni,2,Not Fresh
data\mendeley\Chanos Chanos - Fresh\IMG_20191112_051739.jpg,chanos chanos,1,Fresh
data\mendeley\Eleutheronema Tetradactylum - Highly Fresh\IMG_20191014_072201.jpg,eleutheronema tetradactylum,0,Highly Fresh
data\mendeley\Upeneus Moluccensis - Fresh\IMG_20191113_062436_2.jpg,upeneus moluccensis,1,Fresh
data\mendeley\Rastrelliger Faughni - Not Fresh\IMG_20191019_061523.jpg,rastrelliger faughni,2,Not Fresh
data\mendeley\Nibea Albiflora - Fresh\IMG_20191113_060850.jpg,nibea albiflora,1,Fresh
data\mendeley\Oreochromis Mossambicus - Highly Fresh\IMG_20191111_055211.jpg,oreochromis mossambicus,0,Highly Fresh
data\mendeley\Oreochromis Niloticus - Highly Fresh\IMG_20191001_064952.jpg,oreochromis niloticus,0,Highly Fresh
data\mendeley\Chanos Chanos - Highly Fresh\IMG_20191110_081405.jpg,chanos chanos,0,Highly Fresh
data\mendeley\Chanos Chanos - Not Fresh\IMG_20191004_063031.jpg,chanos chanos,2,Not Fresh
data\mendeley\Upeneus Moluccensis - Fresh\IMG_20191113_061836_1.jpg,upeneus moluccensis,1,Fresh
data\mendeley\Chanos Chanos - Fresh\IMG_20191003_064447.jpg,chanos chanos,1,Fresh
data\mendeley\Upeneus Moluccensis - Highly Fresh\IMG_20191110_073429.jpg,upeneus moluccensis,0,Highly Fresh
data\mendeley\Chanos Chanos - Highly Fresh\IMG_20191110_081618.jpg,chanos chanos,0,Highly Fresh
data\mendeley\Chanos Chanos - Highly Fresh\IMG_20191110_081856.jpg,chanos chanos,0,Highly Fresh
data\mendeley\Upeneus Moluccensis - Highly Fresh\IMG_20191015_063502.jpg,upeneus moluccensis,0,Highly Fresh
data\mendeley\Upeneus Moluccensis - Highly Fresh\IMG_20191014_064715.jpg,upeneus moluccensis,0,Highly Fresh
data\mendeley\Upeneus Moluccensis - Fresh\IMG_20191017_061848.jpg,upeneus moluccensis,1,Fresh
data\mendeley\Johnius Trachycephalus - Not Fresh\IMG_20191019_061923.jpg,johnius trachycephalus,2,Not Fresh
data\mendeley\Johnius Trachycephalus - Fresh\IMG_20191016_070519.jpg,johnius trachycephalus,1,Fresh
data\mendeley\Upeneus Moluccensis - Highly Fresh\IMG_20191110_073904_4.jpg,upeneus moluccensis,0,Highly Fresh
data\mendeley\Upeneus Moluccensis - Highly Fresh\IMG_20191015_062417.jpg,upeneus moluccensis,0,Highly Fresh
data\mendeley\Nibea Albiflora - Fresh\IMG_20191112_064046_2.jpg,nibea albiflora,1,Fresh
data\mendeley\Nibea Albiflora -  Highly Fresh\IMG_20191111_063114_1.jpg,nibea albiflora,0,Highly Fresh
data\mendeley\Upeneus Moluccensis - Fresh\IMG_20191112_055940_3.jpg,upeneus moluccensis,1,Fresh
data\mendeley\Nibea Albiflora - Not Fresh\IMG_20191114_062537_4.jpg,nibea albiflora,2,Not Fresh
data\mendeley\Eleutheronema Tetradactylum - Fresh\IMG_20191017_072018.jpg,eleutheronema tetradactylum,1,Fresh
data\mendeley\Upeneus Moluccensis - Highly Fresh\IMG_20191110_073904_1.jpg,upeneus moluccensis,0,Highly Fresh
data\mendeley\Eleutheronema Tetradactylum - Not Fresh\IMG_20191018_061337.jpg,eleutheronema tetradactylum,2,Not Fresh
data\mendeley\Oreochromis Mossambicus - Not Fresh\IMG_20191115_055951_3.jpg,oreochromis mossambicus,2,Not Fresh
data\mendeley\Chanos Chanos - Not Fresh\IMG_20191004_063538.jpg,chanos chanos,2,Not Fresh
data\mendeley\Upeneus Moluccensis - Highly Fresh\IMG_20191110_061453_1.jpg,upeneus moluccensis,0,Highly Fresh
data\mendeley\Oreochromis Mossambicus - Highly Fresh\IMG_20191110_080200_6.jpg,oreochromis mossambicus,0,Highly Fresh
data\mendeley\Chanos Chanos - Fresh\IMG_20191003_065101.jpg,chanos chanos,1,Fresh
data\mendeley\Chanos Chanos - Highly Fresh\IMG_20191110_081356.jpg,chanos chanos,0,Highly Fresh
data\mendeley\Nibea Albiflora -  Highly Fresh\IMG_20191111_063016.jpg,nibea albiflora,0,Highly Fresh
data\mendeley\Rastrelliger Faughni - Highly Fresh\IMG_20191110_074946_3.jpg,rastrelliger faughni,0,Highly Fresh
data\mendeley\Nibea Albiflora - Not Fresh\IMG_20191115_062301.jpg,nibea albiflora,2,Not Fresh
data\mendeley\Oreochromis Mossambicus - Not Fresh\IMG_20191114_060335_1.jpg,oreochromis mossambicus,2,Not Fresh
data\mendeley\Chanos Chanos - Highly Fresh\IMG_20190930_071054.jpg,chanos chanos,0,Highly Fresh
data\mendeley\Eleutheronema Tetradactylum - Fresh\IMG_20191017_071144.jpg,eleutheronema tetradactylum,1,Fresh
data\mendeley\Eleutheronema Tetradactylum - Not Fresh\IMG_20191019_064417.jpg,eleutheronema tetradactylum,2,Not Fresh
data\mendeley\Johnius Trachycephalus - Highly Fresh\IMG_20191015_065450.jpg,johnius trachycephalus,0,Highly Fresh
data\mendeley\Chanos Chanos - Fresh\IMG_20191002_063733.jpg,chanos chanos,1,Fresh
data\mendeley\Johnius Trachycephalus - Highly Fresh\IMG_20191015_065926.jpg,johnius trachycephalus,0,Highly Fresh
data\mendeley\Chanos Chanos - Highly Fresh\IMG_20191111_052850.jpg,chanos chanos,0,Highly Fresh
data\mendeley\Upeneus Moluccensis - Highly Fresh\IMG_20191015_062312.jpg,upeneus moluccensis,0,Highly Fresh
data\mendeley\Nibea Albiflora -  Highly Fresh\IMG_20191111_063340_3.jpg,nibea albiflora,0,Highly Fresh
data\mendeley\Oreochromis Niloticus - Highly Fresh\IMG_20191110_062116_2.jpg,oreochromis niloticus,0,Highly Fresh
data\mendeley\Upeneus Moluccensis - Fresh\IMG_20191016_063245.jpg,upeneus moluccensis,1,Fresh
data\mendeley\Oreochromis Mossambicus - Fresh\IMG_20191112_054817.jpg,oreochromis mossambicus,1,Fresh
data\mendeley\Rastrelliger Faughni - Not Fresh\IMG_20191114_061612_1.jpg,rastrelliger faughni,2,Not Fresh
data\mendeley\Upeneus Moluccensis - Highly Fresh\IMG_20191111_061316_7.jpg,upeneus moluccensis,0,Highly Fresh
data\mendeley\Rastrelliger Faughni - Highly Fresh\IMG_20191015_064744.jpg,rastrelliger faughni,0,Highly Fresh
data\mendeley\Oreochromis Niloticus - Fresh\IMG_20191002_064652.jpg,oreochromis niloticus,1,Fresh
data\mendeley\Upeneus Moluccensis - Highly Fresh\IMG_20191111_061255_4.jpg,upeneus moluccensis,0,Highly Fresh
data\mendeley\Eleutheronema Tetradactylum - Highly Fresh\IMG_20191014_072649.jpg,eleutheronema tetradactylum,0,Highly Fresh
data\mendeley\Oreochromis Niloticus - Highly Fresh\IMG_20191111_053740.jpg,oreochromis niloticus,0,Highly Fresh
data\mendeley\Rastrelliger Faughni - Fresh\IMG_20191017_063709.jpg,rastrelliger faughni,1,Fresh
data\mendeley\Upeneus Moluccensis - Highly Fresh\IMG_20191110_073501.jpg,upeneus moluccensis,0,Highly Fresh
data\mendeley\Oreochromis Niloticus - Highly Fresh\IMG_20191001_064546.jpg,oreochromis niloticus,0,Highly Fresh
data\mendeley\Upeneus Moluccensis - Highly Fresh\IMG_20191111_060354.jpg,upeneus moluccensis,0,Highly Fresh
data\mendeley\Upeneus Moluccensis - Fresh\IMG_20191112_060644_1.jpg,upeneus moluccensis,1,Fresh
data\mendeley\Oreochromis Niloticus - Fresh\IMG_20191112_053144.jpg,oreochromis niloticus,1,Fresh
data\mendeley\Rastrelliger Faughni - Not Fresh\IMG_20191114_061504_3.jpg,rastrelliger faughni,2,Not Fresh
data\mendeley\Oreochromis Niloticus - Highly Fresh\IMG_20191111_053951_3.jpg,oreochromis niloticus,0,Highly Fresh
data\mendeley\Oreochromis Niloticus - Not Fresh\IMG_20191115_054437.jpg,oreochromis niloticus,2,Not Fresh
data\mendeley\Rastrelliger Faughni - Highly Fresh\IMG_20191015_064334.jpg,rastrelliger faughni,0,Highly Fresh
data\mendeley\Oreochromis Niloticus - Highly Fresh\IMG_20191110_062139_4.jpg,oreochromis niloticus,0,Highly Fresh
data\mendeley\Oreochromis Niloticus - Highly Fresh\IMG_20191110_072736_4.jpg,oreochromis niloticus,0,Highly Fresh
data\mendeley\Oreochromis Niloticus - Not Fresh\IMG_20191005_071409.jpg,oreochromis niloticus,2,Not Fresh
data\mendeley\Upeneus Moluccensis - Highly Fresh\IMG_20191111_060913_2.jpg,upeneus moluccensis,0,Highly Fresh
data\mendeley\Rastrelliger Faughni - Highly Fresh\IMG_20191110_055526_3.jpg,rastrelliger faughni,0,Highly Fresh
data\mendeley\Oreochromis Mossambicus - Highly Fresh\IMG_20191111_055912_5.jpg,oreochromis mossambicus,0,Highly Fresh
data\mendeley\Chanos Chanos - Fresh\IMG_20191003_064224.jpg,chanos chanos,1,Fresh
data\mendeley\Upeneus Moluccensis - Not Fresh\IMG_20191019_055028.jpg,upeneus moluccensis,2,Not Fresh
data\mendeley\Chanos Chanos - Fresh\IMG_20191003_064945.jpg,chanos chanos,1,Fresh
data\mendeley\Upeneus Moluccensis - Highly Fresh\IMG_20191110_074056.jpg,upeneus moluccensis,0,Highly Fresh
data\mendeley\Chanos Chanos - Fresh\IMG_20191003_064459.jpg,chanos chanos,1,Fresh
data\mendeley\Johnius Trachycephalus - Fresh\IMG_20191016_065329.jpg,johnius trachycephalus,1,Fresh
data\mendeley\Chanos Chanos - Highly Fresh\IMG_20191110_060745.jpg,chanos chanos,0,Highly Fresh
data\mendeley\Oreochromis Mossambicus - Highly Fresh\IMG_20191110_055112_1.jpg,oreochromis mossambicus,0,Highly Fresh
data\mendeley\Nibea Albiflora - Fresh\IMG_20191112_061819_2.jpg,nibea albiflora,1,Fresh
data\mendeley\Eleutheronema Tetradactylum - Fresh\IMG_20191016_071723.jpg,eleutheronema tetradactylum,1,Fresh
data\mendeley\Oreochromis Niloticus - Highly Fresh\IMG_20191110_073121_1.jpg,oreochromis niloticus,0,Highly Fresh
data\mendeley\Johnius Trachycephalus - Highly Fresh\IMG_20191014_071409.jpg,johnius trachycephalus,0,Highly Fresh
data\mendeley\Nibea Albiflora -  Highly Fresh\IMG_20191111_063250.jpg,nibea albiflora,0,Highly Fresh
data\mendeley\Upeneus Moluccensis - Highly Fresh\IMG_20191111_060631.jpg,upeneus moluccensis,0,Highly Fresh
data\mendeley\Rastrelliger Faughni - Fresh\IMG_20191113_055957_2.jpg,rastrelliger faughni,1,Fresh
data\mendeley\Upeneus Moluccensis - Highly Fresh\IMG_20191111_061359_3.jpg,upeneus moluccensis,0,Highly Fresh
data\mendeley\Oreochromis Mossambicus - Highly Fresh\IMG_20191110_055204_5.jpg,oreochromis mossambicus,0,Highly Fresh
data\mendeley\Rastrelliger Faughni - Not Fresh\IMG_20191115_061232.jpg,rastrelliger faughni,2,Not Fresh
data\mendeley\Chanos Chanos - Not Fresh\IMG_20191115_053052.jpg,chanos chanos,2,Not Fresh
data\mendeley\Oreochromis Mossambicus - Fresh\IMG_20191112_055300_1.jpg,oreochromis mossambicus,1,Fresh
data\mendeley\Oreochromis Mossambicus - Fresh\IMG_20191112_055123_4.jpg,oreochromis mossambicus,1,Fresh
data\mendeley\Oreochromis Mossambicus - Highly Fresh\IMG_20191110_055209_2.jpg,oreochromis mossambicus,0,Highly Fresh
data\mendeley\Chanos Chanos - Not Fresh\IMG_20191114_053703.jpg,chanos chanos,2,Not Fresh
data\mendeley\Rastrelliger Faughni - Not Fresh\IMG_20191115_060658.jpg,rastrelliger faughni,2,Not Fresh
data\mendeley\Nibea Albiflora -  Highly Fresh\IMG_20191110_080512.jpg,nibea albiflora,0,Highly Fresh
data\mendeley\Upeneus Moluccensis - Not Fresh\IMG_20191115_064019_1.jpg,upeneus moluccensis,2,Not Fresh
data\mendeley\Upeneus Moluccensis - Highly Fresh\IMG_20191014_065416.jpg,upeneus moluccensis,0,Highly Fresh
data\mendeley\Oreochromis Mossambicus - Highly Fresh\IMG_20191110_080150.jpg,oreochromis mossambicus,0,Highly Fresh
data\mendeley\Nibea Albiflora -  Highly Fresh\IMG_20191111_063205.jpg,nibea albiflora,0,Highly Fresh
data\mendeley\Rastrelliger Faughni - Fresh\IMG_20191112_062712_3.jpg,rastrelliger faughni,1,Fresh
data\mendeley\Oreochromis Niloticus - Highly Fresh\IMG_20191110_072552.jpg,oreochromis niloticus,0,Highly Fresh
data\mendeley\Oreochromis Mossambicus - Highly Fresh\IMG_20191110_080210_2.jpg,oreochromis mossambicus,0,Highly Fresh
data\mendeley\Oreochromis Niloticus - Fresh\IMG_20191003_064015.jpg,oreochromis niloticus,1,Fresh
data\mendeley\Rastrelliger Faughni - Highly Fresh\IMG_20191110_055612_4.jpg,rastrelliger faughni,0,Highly Fresh
data\mendeley\Rastrelliger Faughni - Fresh\IMG_20191017_063501.jpg,rastrelliger faughni,1,Fresh
data\mendeley\Chanos Chanos - Not Fresh\IMG_20191115_053339.jpg,chanos chanos,2,Not Fresh
data\mendeley\Oreochromis Mossambicus - Highly Fresh\IMG_20191111_054948.jpg,oreochromis mossambicus,0,Highly Fresh
data\mendeley\Nibea Albiflora - Fresh\IMG_20191112_061006.jpg,nibea albiflora,1,Fresh
data\mendeley\Nibea Albiflora - Not Fresh\IMG_20191114_062820.jpg,nibea albiflora,2,Not Fresh
data\mendeley\Upeneus Moluccensis - Not Fresh\IMG_20191115_063515.jpg,upeneus moluccensis,2,Not Fresh
data\mendeley\Chanos Chanos - Highly Fresh\IMG_20191110_081846.jpg,chanos chanos,0,Highly Fresh
data\mendeley\Oreochromis Niloticus - Not Fresh\IMG_20191114_054937.jpg,oreochromis niloticus,2,Not Fresh
data\mendeley\Oreochromis Mossambicus - Highly Fresh\IMG_20191110_055112_6.jpg,oreochromis mossambicus,0,Highly Fresh
data\mendeley\Oreochromis Mossambicus - Highly Fresh\IMG_20191111_055431_1.jpg,oreochromis mossambicus,0,Highly Fresh
data\mendeley\Oreochromis Niloticus - Not Fresh\IMG_20191115_054159.jpg,oreochromis niloticus,2,Not Fresh
data\mendeley\Upeneus Moluccensis - Highly Fresh\IMG_20191110_074320_1.jpg,upeneus moluccensis,0,Highly Fresh
data\mendeley\Oreochromis Niloticus - Not Fresh\IMG_20191004_064802.jpg,oreochromis niloticus,2,Not Fresh
data\mendeley\Rastrelliger Faughni - Highly Fresh\IMG_20191110_075312_5.jpg,rastrelliger faughni,0,Highly Fresh
data\mendeley\Upeneus Moluccensis - Fresh\IMG_20191112_060010_2.jpg,upeneus moluccensis,1,Fresh
data\mendeley\Oreochromis Niloticus - Not Fresh\IMG_20191115_054741.jpg,oreochromis niloticus,2,Not Fresh
data\mendeley\Oreochromis Mossambicus - Not Fresh\IMG_20191115_060111.jpg,oreochromis mossambicus,2,Not Fresh
data\mendeley\Nibea Albiflora - Not Fresh\IMG_20191114_062913.jpg,nibea albiflora,2,Not Fresh
data\mendeley\Upeneus Moluccensis - Fresh\IMG_20191017_062725.jpg,upeneus moluccensis,1,Fresh
data\mendeley\Rastrelliger Faughni - Fresh\IMG_20191016_064941.jpg,rastrelliger faughni,1,Fresh
data\mendeley\Rastrelliger Faughni - Fresh\IMG_20191017_064114.jpg,rastrelliger faughni,1,Fresh
data\mendeley\Upeneus Moluccensis - Not Fresh\IMG_20191114_063700.jpg,upeneus moluccensis,2,Not Fresh
data\mendeley\Rastrelliger Faughni - Fresh\IMG_20191112_063812_2.jpg,rastrelliger faughni,1,Fresh
data\mendeley\Johnius Trachycephalus - Fresh\IMG_20191016_070154.jpg,johnius trachycephalus,1,Fresh
data\mendeley\Chanos Chanos - Highly Fresh\IMG_20191110_081306.jpg,chanos chanos,0,Highly Fresh
data\mendeley\Oreochromis Niloticus - Not Fresh\IMG_20191114_055826_2.jpg,oreochromis niloticus,2,Not Fresh
data\mendeley\Upeneus Moluccensis - Not Fresh\IMG_20191114_063335.jpg,upeneus moluccensis,2,Not Fresh
data\mendeley\Upeneus Moluccensis - Fresh\IMG_20191017_063140.jpg,upeneus moluccensis,1,Fresh
data\mendeley\Eleutheronema Tetradactylum - Fresh\IMG_20191016_071628.jpg,eleutheronema tetradactylum,1,Fresh
data\mendeley\Chanos Chanos - Fresh\IMG_20191112_052413.jpg,chanos chanos,1,Fresh
data\mendeley\Upeneus Moluccensis - Fresh\IMG_20191017_062008.jpg,upeneus moluccensis,1,Fresh
data\mendeley\Chanos Chanos - Highly Fresh\IMG_20191110_060705.jpg,chanos chanos,0,Highly Fresh
data\mendeley\Rastrelliger Faughni - Fresh\IMG_20191112_063956.jpg,rastrelliger faughni,1,Fresh
data\mendeley\Oreochromis Mossambicus - Highly Fresh\IMG_20191110_055230_7.jpg,oreochromis mossambicus,0,Highly Fresh
data\mendeley\Nibea Albiflora -  Highly Fresh\IMG_20191110_080954.jpg,nibea albiflora,0,Highly Fresh
data\mendeley\Upeneus Moluccensis - Highly Fresh\IMG_20191111_061025_2.jpg,upeneus moluccensis,0,Highly Fresh
data\mendeley\Oreochromis Niloticus - Not Fresh\IMG_20191004_064810.jpg,oreochromis niloticus,2,Not Fresh
data\mendeley\Chanos Chanos - Fresh\IMG_20191112_052159.jpg,chanos chanos,1,Fresh
data\mendeley\Oreochromis Niloticus - Highly Fresh\IMG_20191111_053735.jpg,oreochromis niloticus,0,Highly Fresh
data\mendeley\Chanos Chanos - Fresh\IMG_20191112_052058.jpg,chanos chanos,1,Fresh
data\mendeley\Oreochromis Mossambicus - Not Fresh\IMG_20191114_060324_2.jpg,oreochromis mossambicus,2,Not Fresh
data\mendeley\Nibea Albiflora - Fresh\IMG_20191113_060942_1.jpg,nibea albiflora,1,Fresh
data\mendeley\Johnius Trachycephalus - Highly Fresh\IMG_20191014_071824.jpg,johnius trachycephalus,0,Highly Fresh
data\mendeley\Rastrelliger Faughni - Fresh\IMG_20191112_062337.jpg,rastrelliger faughni,1,Fresh
data\mendeley\Eleutheronema Tetradactylum - Fresh\IMG_20191017_071425.jpg,eleutheronema tetradactylum,1,Fresh
data\mendeley\Oreochromis Niloticus - Highly Fresh\IMG_20191110_062133_4.jpg,oreochromis niloticus,0,Highly Fresh
data\mendeley\Eleutheronema Tetradactylum - Highly Fresh\IMG_20191015_071702.jpg,eleutheronema tetradactylum,0,Highly Fresh
data\mendeley\Eleutheronema Tetradactylum - Highly Fresh\IMG_20191015_071835.jpg,eleutheronema tetradactylum,0,Highly Fresh
data\mendeley\Oreochromis Mossambicus - Fresh\IMG_20191112_055232_1.jpg,oreochromis mossambicus,1,Fresh
data\mendeley\Eleutheronema Tetradactylum - Highly Fresh\IMG_20191014_072520.jpg,eleutheronema tetradactylum,0,Highly Fresh
data\mendeley\Oreochromis Niloticus - Fresh\IMG_20191002_063821.jpg,oreochromis niloticus,1,Fresh
data\mendeley\Oreochromis Niloticus - Fresh\IMG_20191113_053427_2.jpg,oreochromis niloticus,1,Fresh
data\mendeley\Nibea Albiflora -  Highly Fresh\IMG_20191110_055955_4.jpg,nibea albiflora,0,Highly Fresh
data\mendeley\Rastrelliger Faughni - Highly Fresh\IMG_20191110_074857.jpg,rastrelliger faughni,0,Highly Fresh
data\mendeley\Nibea Albiflora -  Highly Fresh\IMG_20191110_055936_4.jpg,nibea albiflora,0,Highly Fresh
data\mendeley\Rastrelliger Faughni - Highly Fresh\IMG_20191015_064409.jpg,rastrelliger faughni,0,Highly Fresh
data\mendeley\Rastrelliger Faughni - Fresh\IMG_20191112_062712_1.jpg,rastrelliger faughni,1,Fresh
data\mendeley\Oreochromis Mossambicus - Highly Fresh\IMG_20191110_075903.jpg,oreochromis mossambicus,0,Highly Fresh
data\mendeley\Johnius Trachycephalus - Not Fresh\IMG_20191018_060154.jpg,johnius trachycephalus,2,Not Fresh
data\mendeley\Eleutheronema Tetradactylum - Not Fresh\IMG_20191019_064545.jpg,eleutheronema tetradactylum,2,Not Fresh
data\mendeley\Rastrelliger Faughni - Highly Fresh\IMG_20191110_055641_3.jpg,rastrelliger faughni,0,Highly Fresh
data\mendeley\Oreochromis Niloticus - Not Fresh\IMG_20191114_055130_1.jpg,oreochromis niloticus,2,Not Fresh
data\mendeley\Oreochromis Mossambicus - Fresh\IMG_20191113_055013_1.jpg,oreochromis mossambicus,1,Fresh
data\mendeley\Chanos Chanos - Highly Fresh\IMG_20191111_052611.jpg,chanos chanos,0,Highly Fresh
data\mendeley\Oreochromis Mossambicus - Highly Fresh\IMG_20191111_054930.jpg,oreochromis mossambicus,0,Highly Fresh
data\mendeley\Eleutheronema Tetradactylum - Highly Fresh\IMG_20191014_072832.jpg,eleutheronema tetradactylum,0,Highly Fresh
data\mendeley\Upeneus Moluccensis - Fresh\IMG_20191112_060644_3.jpg,upeneus moluccensis,1,Fresh
data\mendeley\Nibea Albiflora - Not Fresh\IMG_20191115_062534_2.jpg,nibea albiflora,2,Not Fresh
data\mendeley\Eleutheronema Tetradactylum - Fresh\IMG_20191016_071329.jpg,eleutheronema tetradactylum,1,Fresh
data\mendeley\Eleutheronema Tetradactylum - Highly Fresh\IMG_20191014_072754.jpg,eleutheronema tetradactylum,0,Highly Fresh
data\mendeley\Oreochromis Niloticus - Not Fresh\IMG_20191005_070730.jpg,oreochromis niloticus,2,Not Fresh
data\mendeley\Rastrelliger Faughni - Highly Fresh\IMG_20191110_055620_6.jpg,rastrelliger faughni,0,Highly Fresh
data\mendeley\Johnius Trachycephalus - Not Fresh\IMG_20191018_060304.jpg,johnius trachycephalus,2,Not Fresh
data\mendeley\Chanos Chanos - Fresh\IMG_20191003_064933.jpg,chanos chanos,1,Fresh
data\mendeley\Upeneus Moluccensis - Fresh\IMG_20191112_055919_1.jpg,upeneus moluccensis,1,Fresh
data\mendeley\Chanos Chanos - Fresh\IMG_20191002_063742.jpg,chanos chanos,1,Fresh
data\mendeley\Upeneus Moluccensis - Fresh\IMG_20191017_062806.jpg,upeneus moluccensis,1,Fresh
data\mendeley\Oreochromis Mossambicus - Not Fresh\IMG_20191114_060228.jpg,oreochromis mossambicus,2,Not Fresh
data\mendeley\Upeneus Moluccensis - Not Fresh\IMG_20191114_063413_1.jpg,upeneus moluccensis,2,Not Fresh
data\mendeley\Rastrelliger Faughni - Not Fresh\IMG_20191018_055541.jpg,rastrelliger faughni,2,Not Fresh
data\mendeley\Upeneus Moluccensis - Not Fresh\IMG_20191018_054309.jpg,upeneus moluccensis,2,Not Fresh
data\mendeley\Oreochromis Mossambicus - Highly Fresh\IMG_20191111_055422_1.jpg,oreochromis mossambicus,0,Highly Fresh
data\mendeley\Chanos Chanos - Highly Fresh\IMG_20191111_052028.jpg,chanos chanos,0,Highly Fresh
data\mendeley\Oreochromis Mossambicus - Fresh\IMG_20191113_054444.jpg,oreochromis mossambicus,1,Fresh
data\mendeley\Nibea Albiflora - Fresh\IMG_20191113_060315.jpg,nibea albiflora,1,Fresh
data\mendeley\Oreochromis Mossambicus - Not Fresh\IMG_20191114_060711_1.jpg,oreochromis mossambicus,2,Not Fresh
data\mendeley\Oreochromis Niloticus - Fresh\IMG_20191112_053653.jpg,oreochromis niloticus,1,Fresh
data\mendeley\Upeneus Moluccensis - Highly Fresh\IMG_20191111_060916_2.jpg,upeneus moluccensis,0,Highly Fresh
data\mendeley\Eleutheronema Tetradactylum - Fresh\IMG_20191017_071215.jpg,eleutheronema tetradactylum,1,Fresh
data\mendeley\Nibea Albiflora -  Highly Fresh\IMG_20191111_063323.jpg,nibea albiflora,0,Highly Fresh
data\mendeley\Oreochromis Niloticus - Highly Fresh\IMG_20191110_062133_5.jpg,oreochromis niloticus,0,Highly Fresh
data\mendeley\Upeneus Moluccensis - Highly Fresh\IMG_20191110_061355_5.jpg,upeneus moluccensis,0,Highly Fresh
data\mendeley\Nibea Albiflora - Not Fresh\IMG_20191114_063051_1.jpg,nibea albiflora,2,Not Fresh
data\mendeley\Oreochromis Mossambicus - Highly Fresh\IMG_20191110_075511.jpg,oreochromis mossambicus,0,Highly Fresh
data\mendeley\Oreochromis Niloticus - Fresh\IMG_20191112_053751.jpg,oreochromis niloticus,1,Fresh
data\mendeley\Rastrelliger Faughni - Fresh\IMG_20191112_062702_1.jpg,rastrelliger faughni,1,Fresh
data\mendeley\Upeneus Moluccensis - Highly Fresh\IMG_20191111_060108.jpg,upeneus moluccensis,0,Highly Fresh
data\mendeley\Rastrelliger Faughni - Highly Fresh\IMG_20191110_055518_4.jpg,rastrelliger faughni,0,Highly Fresh
data\mendeley\Upeneus Moluccensis - Fresh\IMG_20191016_062633.jpg,upeneus moluccensis,1,Fresh
data\mendeley\Johnius Trachycephalus - Highly Fresh\IMG_20191015_065157.jpg,johnius trachycephalus,0,Highly Fresh
data\mendeley\Rastrelliger Faughni - Not Fresh\IMG_20191018_055752.jpg,rastrelliger faughni,2,Not Fresh
data\mendeley\Rastrelliger Faughni - Highly Fresh\IMG_20191110_055554_3.jpg,rastrelliger faughni,0,Highly Fresh
data\mendeley\Chanos Chanos - Not Fresh\IMG_20191005_072507.jpg,chanos chanos,2,Not Fresh
data\mendeley\Nibea Albiflora - Fresh\IMG_20191112_064018_1.jpg,nibea albiflora,1,Fresh
data\mendeley\Chanos Chanos - Highly Fresh\IMG_20191001_062719.jpg,chanos chanos,0,Highly Fresh
data\mendeley\Rastrelliger Faughni - Highly Fresh\IMG_20191110_055554_1.jpg,rastrelliger faughni,0,Highly Fresh
data\mendeley\Oreochromis Mossambicus - Highly Fresh\IMG_20191110_075505.jpg,oreochromis mossambicus,0,Highly Fresh
data\mendeley\Chanos Chanos - Fresh\IMG_20191002_063355.jpg,chanos chanos,1,Fresh
data\mendeley\Rastrelliger Faughni - Highly Fresh\IMG_20191014_070430.jpg,rastrelliger faughni,0,Highly Fresh
data\mendeley\Oreochromis Niloticus - Not Fresh\IMG_20191004_064351.jpg,oreochromis niloticus,2,Not Fresh
data\mendeley\Rastrelliger Faughni - Highly Fresh\IMG_20191015_063824.jpg,rastrelliger faughni,0,Highly Fresh
data\mendeley\Upeneus Moluccensis - Fresh\IMG_20191112_064151_1.jpg,upeneus moluccensis,1,Fresh
data\mendeley\Oreochromis Niloticus - Not Fresh\IMG_20191114_055118_1.jpg,oreochromis niloticus,2,Not Fresh
data\mendeley\Rastrelliger Faughni - Not Fresh\IMG_20191019_061042.jpg,rastrelliger faughni,2,Not Fresh
data\mendeley\Nibea Albiflora -  Highly Fresh\IMG_20191110_080452.jpg,nibea albiflora,0,Highly Fresh
data\mendeley\Upeneus Moluccensis - Fresh\IMG_20191017_062909.jpg,upeneus moluccensis,1,Fresh
data\mendeley\Chanos Chanos - Fresh\IMG_20191002_063452.jpg,chanos chanos,1,Fresh
data\mendeley\Oreochromis Mossambicus - Fresh\IMG_20191113_055019_3.jpg,oreochromis mossambicus,1,Fresh
data\mendeley\Rastrelliger Faughni - Not Fresh\IMG_20191114_061504_1.jpg,rastrelliger faughni,2,Not Fresh
data\mendeley\Rastrelliger Faughni - Fresh\IMG_20191017_063425.jpg,rastrelliger faughni,1,Fresh
data\mendeley\Nibea Albiflora - Not Fresh\IMG_20191114_062909.jpg,nibea albiflora,2,Not Fresh
data\mendeley\Chanos Chanos - Fresh\IMG_20191113_051931.jpg,chanos chanos,1,Fresh
data\mendeley\Rastrelliger Faughni - Highly Fresh\IMG_20191110_075026_1.jpg,rastrelliger faughni,0,Highly Fresh
data\mendeley\Chanos Chanos - Highly Fresh\IMG_20191110_081654.jpg,chanos chanos,0,Highly Fresh
data\mendeley\Oreochromis Niloticus - Highly Fresh\IMG_20191110_062133_2.jpg,oreochromis niloticus,0,Highly Fresh
data\mendeley\Chanos Chanos - Highly Fresh\IMG_20191001_063255.jpg,chanos chanos,0,Highly Fresh
data\mendeley\Oreochromis Niloticus - Fresh\IMG_20191112_054101_2.jpg,oreochromis niloticus,1,Fresh
data\mendeley\Oreochromis Mossambicus - Highly Fresh\IMG_20191110_055230_4.jpg,oreochromis mossambicus,0,Highly Fresh
data\mendeley\Oreochromis Niloticus - Not Fresh\IMG_20191114_055804.jpg,oreochromis niloticus,2,Not Fresh
data\mendeley\Rastrelliger Faughni - Highly Fresh\IMG_20191110_055648_4.jpg,rastrelliger faughni,0,Highly Fresh
data\mendeley\Upeneus Moluccensis - Not Fresh\IMG_20191114_063444_4.jpg,upeneus moluccensis,2,Not Fresh
data\mendeley\Oreochromis Niloticus - Not Fresh\IMG_20191115_054807_1.jpg,oreochromis niloticus,2,Not Fresh
data\mendeley\Johnius Trachycephalus - Highly Fresh\IMG_20191014_070847.jpg,johnius trachycephalus,0,Highly Fresh
data\mendeley\Chanos Chanos - Fresh\IMG_20191003_064634.jpg,chanos chanos,1,Fresh
data\mendeley\Nibea Albiflora - Fresh\IMG_20191112_061455_1.jpg,nibea albiflora,1,Fresh
data\mendeley\Upeneus Moluccensis - Fresh\IMG_20191113_061836_2.jpg,upeneus moluccensis,1,Fresh
data\mendeley\Chanos Chanos - Highly Fresh\IMG_20190930_071413.jpg,chanos chanos,0,Highly Fresh
data\mendeley\Chanos Chanos - Not Fresh\IMG_20191115_053314.jpg,chanos chanos,2,Not Fresh
data\mendeley\Oreochromis Niloticus - Fresh\IMG_20191002_064630.jpg,oreochromis niloticus,1,Fresh
data\mendeley\Nibea Albiflora - Not Fresh\IMG_20191114_062728_2.jpg,nibea albiflora,2,Not Fresh
data\mendeley\Oreochromis Mossambicus - Fresh\IMG_20191112_054527_2.jpg,oreochromis mossambicus,1,Fresh
data\mendeley\Upeneus Moluccensis - Fresh\IMG_20191113_061754_3.jpg,upeneus moluccensis,1,Fresh
data\mendeley\Chanos Chanos - Highly Fresh\IMG_20191111_052535.jpg,chanos chanos,0,Highly Fresh
data\mendeley\Oreochromis Mossambicus - Fresh\IMG_20191112_055102_2.jpg,oreochromis mossambicus,1,Fresh
data\mendeley\Rastrelliger Faughni - Not Fresh\IMG_20191019_061352.jpg,rastrelliger faughni,2,Not Fresh
data\mendeley\Nibea Albiflora - Fresh\IMG_20191113_060939_2.jpg,nibea albiflora,1,Fresh
data\mendeley\Rastrelliger Faughni - Highly Fresh\IMG_20191111_062057.jpg,rastrelliger faughni,0,Highly Fresh
data\mendeley\Upeneus Moluccensis - Not Fresh\IMG_20191018_055015.jpg,upeneus moluccensis,2,Not Fresh
data\mendeley\Chanos Chanos - Fresh\IMG_20191002_063130.jpg,chanos chanos,1,Fresh
data\mendeley\Oreochromis Niloticus - Fresh\IMG_20191002_063853.jpg,oreochromis niloticus,1,Fresh
data\mendeley\Rastrelliger Faughni - Fresh\IMG_20191112_063807_1.jpg,rastrelliger faughni,1,Fresh
data\mendeley\Oreochromis Niloticus - Not Fresh\IMG_20191115_054634.jpg,oreochromis niloticus,2,Not Fresh
data\mendeley\Chanos Chanos - Fresh\IMG_20191002_063530.jpg,chanos chanos,1,Fresh
data\mendeley\Oreochromis Niloticus - Highly Fresh\IMG_20190930_071624.jpg,oreochromis niloticus,0,Highly Fresh
data\mendeley\Nibea Albiflora -  Highly Fresh\IMG_20191110_080819.jpg,nibea albiflora,0,Highly Fresh
data\mendeley\Oreochromis Mossambicus - Not Fresh\IMG_20191115_060213.jpg,oreochromis mossambicus,2,Not Fresh
data\mendeley\Chanos Chanos - Not Fresh\IMG_20191004_064024.jpg,chanos chanos,2,Not Fresh
data\mendeley\Upeneus Moluccensis - Highly Fresh\IMG_20191110_061355_3.jpg,upeneus moluccensis,0,Highly Fresh
data\mendeley\Upeneus Moluccensis - Highly Fresh\IMG_20191110_074131.jpg,upeneus moluccensis,0,Highly Fresh
data\mendeley\Upeneus Moluccensis - Not Fresh\IMG_20191018_054019.jpg,upeneus moluccensis,2,Not Fresh
data\mendeley\Johnius Trachycephalus - Not Fresh\IMG_20191019_062954.jpg,johnius trachycephalus,2,Not Fresh
data\mendeley\Upeneus Moluccensis - Not Fresh\IMG_20191019_055724.jpg,upeneus moluccensis,2,Not Fresh
data\mendeley\Johnius Trachycephalus - Fresh\IMG_20191016_070209.jpg,johnius trachycephalus,1,Fresh
data\mendeley\Upeneus Moluccensis - Highly Fresh\IMG_20191110_073853_1.jpg,upeneus moluccensis,0,Highly Fresh
data\mendeley\Oreochromis Mossambicus - Fresh\IMG_20191112_054832.jpg,oreochromis mossambicus,1,Fresh
data\mendeley\Upeneus Moluccensis - Fresh\IMG_20191016_063520.jpg,upeneus moluccensis,1,Fresh
data\mendeley\Oreochromis Niloticus - Highly Fresh\IMG_20191110_062021_2.jpg,oreochromis niloticus,0,Highly Fresh
data\mendeley\Johnius Trachycephalus - Highly Fresh\IMG_20191014_071032.jpg,johnius trachycephalus,0,Highly Fresh
data\mendeley\Johnius Trachycephalus - Fresh\IMG_20191017_065255.jpg,johnius trachycephalus,1,Fresh
data\mendeley\Oreochromis Niloticus - Highly Fresh\IMG_20190930_072159.jpg,oreochromis niloticus,0,Highly Fresh
data\mendeley\Eleutheronema Tetradactylum - Fresh\IMG_20191016_071420.jpg,eleutheronema tetradactylum,1,Fresh
data\mendeley\Oreochromis Mossambicus - Not Fresh\IMG_20191115_060115.jpg,oreochromis mossambicus,2,Not Fresh
data\mendeley\Oreochromis Niloticus - Not Fresh\IMG_20191115_054807_2.jpg,oreochromis niloticus,2,Not Fresh
data\mendeley\Rastrelliger Faughni - Highly Fresh\IMG_20191110_074537.jpg,rastrelliger faughni,0,Highly Fresh
data\mendeley\Nibea Albiflora - Not Fresh\IMG_20191114_062526_3.jpg,nibea albiflora,2,Not Fresh
data\mendeley\Chanos Chanos - Not Fresh\IMG_20191114_053638.jpg,chanos chanos,2,Not Fresh
data\mendeley\Oreochromis Niloticus - Fresh\IMG_20191112_053110.jpg,oreochromis niloticus,1,Fresh
data\mendeley\Oreochromis Niloticus - Fresh\IMG_20191113_054048_1.jpg,oreochromis niloticus,1,Fresh
data\mendeley\Eleutheronema Tetradactylum - Not Fresh\IMG_20191019_064207.jpg,eleutheronema tetradactylum,2,Not Fresh
data\mendeley\Oreochromis Mossambicus - Not Fresh\IMG_20191114_060108.jpg,oreochromis mossambicus,2,Not Fresh
data\mendeley\Upeneus Moluccensis - Highly Fresh\IMG_20191015_062736.jpg,upeneus moluccensis,0,Highly Fresh
data\mendeley\Oreochromis Mossambicus - Highly Fresh\IMG_20191110_055132_2.jpg,oreochromis mossambicus,0,Highly Fresh
data\mendeley\Rastrelliger Faughni - Fresh\IMG_20191016_064903.jpg,rastrelliger faughni,1,Fresh
data\mendeley\Oreochromis Niloticus - Fresh\IMG_20191003_064003.jpg,oreochromis niloticus,1,Fresh
data\mendeley\Upeneus Moluccensis - Fresh\IMG_20191112_060648_1.jpg,upeneus moluccensis,1,Fresh
data\mendeley\Nibea Albiflora - Fresh\IMG_20191113_060443.jpg,nibea albiflora,1,Fresh
data\mendeley\Rastrelliger Faughni - Fresh\IMG_20191112_063812_1.jpg,rastrelliger faughni,1,Fresh
data\mendeley\Rastrelliger Faughni - Not Fresh\IMG_20191115_061135.jpg,rastrelliger faughni,2,Not Fresh
data\mendeley\Rastrelliger Faughni - Not Fresh\IMG_20191018_055338.jpg,rastrelliger faughni,2,Not Fresh
data\mendeley\Oreochromis Niloticus - Highly Fresh\IMG_20191111_054215_2.jpg,oreochromis niloticus,0,Highly Fresh
data\mendeley\Oreochromis Niloticus - Highly Fresh\IMG_20191111_054634_3.jpg,oreochromis niloticus,0,Highly Fresh
data\mendeley\Oreochromis Niloticus - Fresh\IMG_20191113_053834.jpg,oreochromis niloticus,1,Fresh
data\mendeley\Oreochromis Mossambicus - Highly Fresh\IMG_20191110_055129_2.jpg,oreochromis mossambicus,0,Highly Fresh
data\mendeley\Eleutheronema Tetradactylum - Fresh\IMG_20191016_071446.jpg,eleutheronema tetradactylum,1,Fresh
data\mendeley\Upeneus Moluccensis - Not Fresh\IMG_20191019_060312.jpg,upeneus moluccensis,2,Not Fresh
data\mendeley\Eleutheronema Tetradactylum - Not Fresh\IMG_20191019_064614.jpg,eleutheronema tetradactylum,2,Not Fresh
data\mendeley\Oreochromis Mossambicus - Highly Fresh\IMG_20191110_055209_3.jpg,oreochromis mossambicus,0,Highly Fresh
data\mendeley\Rastrelliger Faughni - Highly Fresh\IMG_20191110_055641_2.jpg,rastrelliger faughni,0,Highly Fresh
data\mendeley\Nibea Albiflora -  Highly Fresh\IMG_20191110_080814_3.jpg,nibea albiflora,0,Highly Fresh
data\mendeley\Rastrelliger Faughni - Not Fresh\IMG_20191115_061522_1.jpg,rastrelliger faughni,2,Not Fresh
data\mendeley\Oreochromis Mossambicus - Fresh\IMG_20191113_054430.jpg,oreochromis mossambicus,1,Fresh
data\mendeley\Chanos Chanos - Not Fresh\IMG_20191115_053245.jpg,chanos chanos,2,Not Fresh
data\mendeley\Rastrelliger Faughni - Highly Fresh\IMG_20191015_064237.jpg,rastrelliger faughni,0,Highly Fresh
data\mendeley\Rastrelliger Faughni - Fresh\IMG_20191017_064803.jpg,rastrelliger faughni,1,Fresh
data\mendeley\Chanos Chanos - Fresh\IMG_20191003_064858.jpg,chanos chanos,1,Fresh
data\mendeley\Chanos Chanos - Highly Fresh\IMG_20190930_071248.jpg,chanos chanos,0,Highly Fresh
data\mendeley\Rastrelliger Faughni - Not Fresh\IMG_20191114_062048_3.jpg,rastrelliger faughni,2,Not Fresh
data\mendeley\Rastrelliger Faughni - Highly Fresh\IMG_20191110_055554_7.jpg,rastrelliger faughni,0,Highly Fresh
data\mendeley\Rastrelliger Faughni - Highly Fresh\IMG_20191110_055641_4.jpg,rastrelliger faughni,0,Highly Fresh
data\mendeley\Oreochromis Niloticus - Highly Fresh\IMG_20191111_054156_1.jpg,oreochromis niloticus,0,Highly Fresh
data\mendeley\Rastrelliger Faughni - Highly Fresh\IMG_20191110_075010_2.jpg,rastrelliger faughni,0,Highly Fresh
data\mendeley\Oreochromis Mossambicus - Highly Fresh\IMG_20191110_075949_2.jpg,oreochromis mossambicus,0,Highly Fresh
data\mendeley\Nibea Albiflora -  Highly Fresh\IMG_20191110_055936_5.jpg,nibea albiflora,0,Highly Fresh
data\mendeley\Rastrelliger Faughni - Fresh\IMG_20191112_062751_3.jpg,rastrelliger faughni,1,Fresh
data\mendeley\Rastrelliger Faughni - Not Fresh\IMG_20191114_061922.jpg,rastrelliger faughni,2,Not Fresh
data\mendeley\Oreochromis Mossambicus - Highly Fresh\IMG_20191111_055431_4.jpg,oreochromis mossambicus,0,Highly Fresh
data\mendeley\Nibea Albiflora - Fresh\IMG_20191112_061239_1.jpg,nibea albiflora,1,Fresh
data\mendeley\Oreochromis Mossambicus - Fresh\IMG_20191112_055212_2.jpg,oreochromis mossambicus,1,Fresh
data\mendeley\Chanos Chanos - Highly Fresh\IMG_20191111_052719.jpg,chanos chanos,0,Highly Fresh
data\mendeley\Rastrelliger Faughni - Fresh\IMG_20191113_055802.jpg,rastrelliger faughni,1,Fresh
data\mendeley\Oreochromis Mossambicus - Highly Fresh\IMG_20191110_055223_4.jpg,oreochromis mossambicus,0,Highly Fresh
data\mendeley\Upeneus Moluccensis - Fresh\IMG_20191016_062915.jpg,upeneus moluccensis,1,Fresh
data\mendeley\Johnius Trachycephalus - Highly Fresh\IMG_20191015_070554.jpg,johnius trachycephalus,0,Highly Fresh
data\mendeley\Oreochromis Niloticus - Not Fresh\IMG_20191005_071341.jpg,oreochromis niloticus,2,Not Fresh
data\mendeley\Nibea Albiflora - Fresh\IMG_20191112_061239_2.jpg,nibea albiflora,1,Fresh
data\mendeley\Upeneus Moluccensis - Fresh\IMG_20191112_060445_1.jpg,upeneus moluccensis,1,Fresh
data\mendeley\Johnius Trachycephalus - Not Fresh\IMG_20191018_060103.jpg,johnius trachycephalus,2,Not Fresh
data\mendeley\Oreochromis Niloticus - Fresh\IMG_20191003_063225.jpg,oreochromis niloticus,1,Fresh
data\mendeley\Upeneus Moluccensis - Fresh\IMG_20191113_061429.jpg,upeneus moluccensis,1,Fresh
data\mendeley\Eleutheronema Tetradactylum - Not Fresh\IMG_20191018_061708.jpg,eleutheronema tetradactylum,2,Not Fresh
data\mendeley\Johnius Trachycephalus - Not Fresh\IMG_20191018_060205.jpg,johnius trachycephalus,2,Not Fresh
data\mendeley\Nibea Albiflora -  Highly Fresh\IMG_20191110_080713.jpg,nibea albiflora,0,Highly Fresh
data\mendeley\Oreochromis Niloticus - Fresh\IMG_20191112_053448_3.jpg,oreochromis niloticus,1,Fresh
data\mendeley\Rastrelliger Faughni - Fresh\IMG_20191016_064350.jpg,rastrelliger faughni,1,Fresh
data\mendeley\Rastrelliger Faughni - Not Fresh\IMG_20191019_060707.jpg,rastrelliger faughni,2,Not Fresh
data\mendeley\Rastrelliger Faughni - Fresh\IMG_20191017_064329.jpg,rastrelliger faughni,1,Fresh
data\mendeley\Chanos Chanos - Highly Fresh\IMG_20190930_070557.jpg,chanos chanos,0,Highly Fresh
data\mendeley\Eleutheronema Tetradactylum - Highly Fresh\IMG_20191014_072806.jpg,eleutheronema tetradactylum,0,Highly Fresh
data\mendeley\Oreochromis Niloticus - Highly Fresh\IMG_20191111_054037_7.jpg,oreochromis niloticus,0,Highly Fresh
data\mendeley\Rastrelliger Faughni - Fresh\IMG_20191113_060119_1.jpg,rastrelliger faughni,1,Fresh
data\mendeley\Upeneus Moluccensis - Highly Fresh\IMG_20191110_061120_1.jpg,upeneus moluccensis,0,Highly Fresh
data\mendeley\Oreochromis Niloticus - Not Fresh\IMG_20191114_055055.jpg,oreochromis niloticus,2,Not Fresh
data\mendeley\Eleutheronema Tetradactylum - Highly Fresh\IMG_20191014_072742.jpg,eleutheronema tetradactylum,0,Highly Fresh
data\mendeley\Upeneus Moluccensis - Highly Fresh\IMG_20191110_073643.jpg,upeneus moluccensis,0,Highly Fresh
data\mendeley\Eleutheronema Tetradactylum - Highly Fresh\IMG_20191014_072720.jpg,eleutheronema tetradactylum,0,Highly Fresh
data\mendeley\Rastrelliger Faughni - Not Fresh\IMG_20191115_060937.jpg,rastrelliger faughni,2,Not Fresh
data\mendeley\Upeneus Moluccensis - Not Fresh\IMG_20191018_054829.jpg,upeneus moluccensis,2,Not Fresh
data\mendeley\Nibea Albiflora - Fresh\IMG_20191112_061359.jpg,nibea albiflora,1,Fresh
data\mendeley\Upeneus Moluccensis - Fresh\IMG_20191016_062728.jpg,upeneus moluccensis,1,Fresh
data\mendeley\Eleutheronema Tetradactylum - Fresh\IMG_20191017_072110.jpg,eleutheronema tetradactylum,1,Fresh
data\mendeley\Rastrelliger Faughni - Highly Fresh\IMG_20191110_075156.jpg,rastrelliger faughni,0,Highly Fresh
data\mendeley\Nibea Albiflora -  Highly Fresh\IMG_20191111_063413_4.jpg,nibea albiflora,0,Highly Fresh
data\mendeley\Upeneus Moluccensis - Highly Fresh\IMG_20191110_061355_2.jpg,upeneus moluccensis,0,Highly Fresh
data\mendeley\Oreochromis Niloticus - Not Fresh\IMG_20191115_054130.jpg,oreochromis niloticus,2,Not Fresh
data\mendeley\Upeneus Moluccensis - Not Fresh\IMG_20191019_055659.jpg,upeneus moluccensis,2,Not Fresh
data\mendeley\Oreochromis Niloticus - Highly Fresh\IMG_20191110_072801_4.jpg,oreochromis niloticus,0,Highly Fresh
data\mendeley\Nibea Albiflora - Fresh\IMG_20191112_060928.jpg,nibea albiflora,1,Fresh
data\mendeley\Oreochromis Niloticus - Highly Fresh\IMG_20191110_061959_1.jpg,oreochromis niloticus,0,Highly Fresh
data\mendeley\Rastrelliger Faughni - Not Fresh\IMG_20191114_062127_5.jpg,rastrelliger faughni,2,Not Fresh
data\mendeley\Chanos Chanos - Not Fresh\IMG_20191005_072258.jpg,chanos chanos,2,Not Fresh
data\mendeley\Nibea Albiflora -  Highly Fresh\IMG_20191110_060244_2.jpg,nibea albiflora,0,Highly Fresh
data\mendeley\Chanos Chanos - Not Fresh\IMG_20191115_053502.jpg,chanos chanos,2,Not Fresh
data\mendeley\Upeneus Moluccensis - Fresh\IMG_20191113_062505_2.jpg,upeneus moluccensis,1,Fresh
data\mendeley\Upeneus Moluccensis - Highly Fresh\IMG_20191111_060648.jpg,upeneus moluccensis,0,Highly Fresh
data\mendeley\Oreochromis Niloticus - Not Fresh\IMG_20191114_055826_1.jpg,oreochromis niloticus,2,Not Fresh
data\mendeley\Oreochromis Mossambicus - Not Fresh\IMG_20191115_060209.jpg,oreochromis mossambicus,2,Not Fresh
data\mendeley\Upeneus Moluccensis - Fresh\IMG_20191017_061914.jpg,upeneus moluccensis,1,Fresh
data\mendeley\Rastrelliger Faughni - Highly Fresh\IMG_20191110_055549_5.jpg,rastrelliger faughni,0,Highly Fresh
data\mendeley\Upeneus Moluccensis - Highly Fresh\IMG_20191015_062755.jpg,upeneus moluccensis,0,Highly Fresh
data\mendeley\Oreochromis Niloticus - Not Fresh\IMG_20191114_055504_!.jpg,oreochromis niloticus,2,Not Fresh
data\mendeley\Nibea Albiflora - Fresh\IMG_20191112_061715_2.jpg,nibea albiflora,1,Fresh
data\mendeley\Upeneus Moluccensis - Fresh\IMG_20191113_061824_1.jpg,upeneus moluccensis,1,Fresh
data\mendeley\Oreochromis Mossambicus - Highly Fresh\IMG_20191110_055235_4.jpg,oreochromis mossambicus,0,Highly Fresh
data\mendeley\Nibea Albiflora -  Highly Fresh\IMG_20191110_080459.jpg,nibea albiflora,0,Highly Fresh
data\mendeley\Chanos Chanos - Highly Fresh\IMG_20191001_062756.jpg,chanos chanos,0,Highly Fresh
data\mendeley\Eleutheronema Tetradactylum - Highly Fresh\IMG_20191014_072038.jpg,eleutheronema tetradactylum,0,Highly Fresh
data\mendeley\Oreochromis Mossambicus - Fresh\IMG_20191113_054732_2.jpg,oreochromis mossambicus,1,Fresh
data\mendeley\Rastrelliger Faughni - Highly Fresh\IMG_20191111_062043.jpg,rastrelliger faughni,0,Highly Fresh
data\mendeley\Rastrelliger Faughni - Not Fresh\IMG_20191114_061416_2.jpg,rastrelliger faughni,2,Not Fresh
data\mendeley\Upeneus Moluccensis - Highly Fresh\IMG_20191111_060920_4.jpg,upeneus moluccensis,0,Highly Fresh
data\mendeley\Upeneus Moluccensis - Not Fresh\IMG_20191019_055647.jpg,upeneus moluccensis,2,Not Fresh
data\mendeley\Johnius Trachycephalus - Highly Fresh\IMG_20191014_071325.jpg,johnius trachycephalus,0,Highly Fresh
data\mendeley\Rastrelliger Faughni - Not Fresh\IMG_20191114_061832_2.jpg,rastrelliger faughni,2,Not Fresh
data\mendeley\Oreochromis Mossambicus - Not Fresh\IMG_20191115_060244_3.jpg,oreochromis mossambicus,2,Not Fresh
data\mendeley\Oreochromis Niloticus - Not Fresh\IMG_20191115_055120.jpg,oreochromis niloticus,2,Not Fresh
data\mendeley\Oreochromis Mossambicus - Highly Fresh\IMG_20191110_075912.jpg,oreochromis mossambicus,0,Highly Fresh
data\mendeley\Eleutheronema Tetradactylum - Fresh\IMG_20191016_071058.jpg,eleutheronema tetradactylum,1,Fresh
data\mendeley\Rastrelliger Faughni - Highly Fresh\IMG_20191014_070318.jpg,rastrelliger faughni,0,Highly Fresh
data\mendeley\Oreochromis Mossambicus - Not Fresh\IMG_20191114_060350_1.jpg,oreochromis mossambicus,2,Not Fresh
data\mendeley\Rastrelliger Faughni - Fresh\IMG_20191016_064153.jpg,rastrelliger faughni,1,Fresh
data\mendeley\Eleutheronema Tetradactylum - Not Fresh\IMG_20191018_062229.jpg,eleutheronema tetradactylum,2,Not Fresh
data\mendeley\Oreochromis Mossambicus - Highly Fresh\IMG_20191110_055209_1.jpg,oreochromis mossambicus,0,Highly Fresh
data\mendeley\Rastrelliger Faughni - Fresh\IMG_20191113_055815.jpg,rastrelliger faughni,1,Fresh
data\mendeley\Oreochromis Mossambicus - Fresh\IMG_20191113_054823.jpg,oreochromis mossambicus,1,Fresh
data\mendeley\Rastrelliger Faughni - Not Fresh\IMG_20191018_055310.jpg,rastrelliger faughni,2,Not Fresh
data\mendeley\Oreochromis Mossambicus - Highly Fresh\IMG_20191110_055059_3.jpg,oreochromis mossambicus,0,Highly Fresh
data\mendeley\Nibea Albiflora - Not Fresh\IMG_20191115_062211_1.jpg,nibea albiflora,2,Not Fresh
data\mendeley\Upeneus Moluccensis - Highly Fresh\IMG_20191014_065648.jpg,upeneus moluccensis,0,Highly Fresh
data\mendeley\Oreochromis Mossambicus - Not Fresh\IMG_20191115_055333.jpg,oreochromis mossambicus,2,Not Fresh
data\mendeley\Upeneus Moluccensis - Highly Fresh\IMG_20191110_061419_3.jpg,upeneus moluccensis,0,Highly Fresh
data\mendeley\Oreochromis Niloticus - Not Fresh\IMG_20191115_054533_2.jpg,oreochromis niloticus,2,Not Fresh
data\mendeley\Upeneus Moluccensis - Fresh\IMG_20191112_060514_2.jpg,upeneus moluccensis,1,Fresh
data\mendeley\Oreochromis Mossambicus - Not Fresh\IMG_20191114_060847_1.jpg,oreochromis mossambicus,2,Not Fresh
data\mendeley\Upeneus Moluccensis - Highly Fresh\IMG_20191111_060405.jpg,upeneus moluccensis,0,Highly Fresh
data\mendeley\Rastrelliger Faughni - Not Fresh\IMG_20191114_062007.jpg,rastrelliger faughni,2,Not Fresh
data\mendeley\Upeneus Moluccensis - Highly Fresh\IMG_20191110_073655.jpg,upeneus moluccensis,0,Highly Fresh
data\mendeley\Oreochromis Mossambicus - Fresh\IMG_20191112_054500_1.jpg,oreochromis mossambicus,1,Fresh
data\mendeley\Eleutheronema Tetradactylum - Fresh\IMG_20191017_071230.jpg,eleutheronema tetradactylum,1,Fresh
data\mendeley\Rastrelliger Faughni - Highly Fresh\IMG_20191111_062049.jpg,rastrelliger faughni,0,Highly Fresh
data\mendeley\Upeneus Moluccensis - Highly Fresh\IMG_20191110_074320_3.jpg,upeneus moluccensis,0,Highly Fresh
data\mendeley\Oreochromis Niloticus - Highly Fresh\IMG_20191110_062021_3.jpg,oreochromis niloticus,0,Highly Fresh
data\mendeley\Oreochromis Niloticus - Fresh\IMG_20191113_054226_3.jpg,oreochromis niloticus,1,Fresh
data\mendeley\Oreochromis Mossambicus - Highly Fresh\IMG_20191110_055059_5.jpg,oreochromis mossambicus,0,Highly Fresh
data\mendeley\Oreochromis Niloticus - Highly Fresh\IMG_20190930_072104.jpg,oreochromis niloticus,0,Highly Fresh
data\mendeley\Oreochromis Niloticus - Highly Fresh\IMG_20190930_072024.jpg,oreochromis niloticus,0,Highly Fresh
data\mendeley\Oreochromis Mossambicus - Highly Fresh\IMG_20191110_055059.jpg,oreochromis mossambicus,0,Highly Fresh
data\mendeley\Upeneus Moluccensis - Highly Fresh\IMG_20191111_060730.jpg,upeneus moluccensis,0,Highly Fresh
data\mendeley\Upeneus Moluccensis - Not Fresh\IMG_20191114_063430_2.jpg,upeneus moluccensis,2,Not Fresh
data\mendeley\Upeneus Moluccensis - Not Fresh\IMG_20191115_062820.jpg,upeneus moluccensis,2,Not Fresh
data\mendeley\Upeneus Moluccensis - Fresh\IMG_20191113_061824_2.jpg,upeneus moluccensis,1,Fresh
data\mendeley\Chanos Chanos - Fresh\IMG_20191113_052639.jpg,chanos chanos,1,Fresh
data\mendeley\Nibea Albiflora - Fresh\IMG_20191113_060620_1.jpg,nibea albiflora,1,Fresh
data\mendeley\Oreochromis Niloticus - Highly Fresh\IMG_20191111_054156_7.jpg,oreochromis niloticus,0,Highly Fresh
data\mendeley\Nibea Albiflora - Fresh\IMG_20191112_061809_1.jpg,nibea albiflora,1,Fresh
data\mendeley\Nibea Albiflora - Fresh\IMG_20191113_060710_1.jpg,nibea albiflora,1,Fresh
data\mendeley\Chanos Chanos - Fresh\IMG_20191112_052254.jpg,chanos chanos,1,Fresh
data\mendeley\Oreochromis Niloticus - Fresh\IMG_20191112_064302_2.jpg,oreochromis niloticus,1,Fresh
data\mendeley\Oreochromis Niloticus - Highly Fresh\IMG_20191111_054215_5.jpg,oreochromis niloticus,0,Highly Fresh
data\mendeley\Oreochromis Mossambicus - Highly Fresh\IMG_20191111_055614.jpg,oreochromis mossambicus,0,Highly Fresh
data\mendeley\Johnius Trachycephalus - Fresh\IMG_20191016_065640.jpg,johnius trachycephalus,1,Fresh
data\mendeley\Upeneus Moluccensis - Fresh\IMG_20191017_062555.jpg,upeneus moluccensis,1,Fresh
data\mendeley\Rastrelliger Faughni - Not Fresh\IMG_20191019_061445.jpg,rastrelliger faughni,2,Not Fresh
data\mendeley\Rastrelliger Faughni - Fresh\IMG_20191112_063443.jpg,rastrelliger faughni,1,Fresh
data\mendeley\Oreochromis Niloticus - Fresh\IMG_20191113_054029.jpg,oreochromis niloticus,1,Fresh
data\mendeley\Chanos Chanos - Fresh\IMG_20191002_063014.jpg,chanos chanos,1,Fresh
data\mendeley\Johnius Trachycephalus - Highly Fresh\IMG_20191014_071611.jpg,johnius trachycephalus,0,Highly Fresh
data\mendeley\Upeneus Moluccensis - Not Fresh\IMG_20191115_063611.jpg,upeneus moluccensis,2,Not Fresh
data\mendeley\Eleutheronema Tetradactylum - Not Fresh\IMG_20191018_061605.jpg,eleutheronema tetradactylum,2,Not Fresh
data\mendeley\Oreochromis Niloticus - Highly Fresh\IMG_20191001_063912.jpg,oreochromis niloticus,0,Highly Fresh
data\mendeley\Upeneus Moluccensis - Highly Fresh\IMG_20191110_074302_3.jpg,upeneus moluccensis,0,Highly Fresh
data\mendeley\Upeneus Moluccensis - Not Fresh\IMG_20191018_054542.jpg,upeneus moluccensis,2,Not Fresh
data\mendeley\Oreochromis Niloticus - Fresh\IMG_20191113_054226_4.jpg,oreochromis niloticus,1,Fresh
data\mendeley\Nibea Albiflora - Fresh\IMG_20191112_061500_2.jpg,nibea albiflora,1,Fresh
data\mendeley\Eleutheronema Tetradactylum - Highly Fresh\IMG_20191014_072529.jpg,eleutheronema tetradactylum,0,Highly Fresh
data\mendeley\Chanos Chanos - Not Fresh\IMG_20191115_053307.jpg,chanos chanos,2,Not Fresh
data\mendeley\Upeneus Moluccensis - Highly Fresh\IMG_20191111_060949_6.jpg,upeneus moluccensis,0,Highly Fresh
data\mendeley\Oreochromis Mossambicus - Highly Fresh\IMG_20191110_080228_4.jpg,oreochromis mossambicus,0,Highly Fresh
data\mendeley\Chanos Chanos - Not Fresh\IMG_20191115_053443.jpg,chanos chanos,2,Not Fresh
data\mendeley\Eleutheronema Tetradactylum - Fresh\IMG_20191016_072022.jpg,eleutheronema tetradactylum,1,Fresh
data\mendeley\Chanos Chanos - Fresh\IMG_20191003_064235.jpg,chanos chanos,1,Fresh
data\mendeley\Upeneus Moluccensis - Highly Fresh\IMG_20191110_074149.jpg,upeneus moluccensis,0,Highly Fresh
data\mendeley\Oreochromis Mossambicus - Highly Fresh\IMG_20191110_055132_4.jpg,oreochromis mossambicus,0,Highly Fresh
data\mendeley\Oreochromis Niloticus - Not Fresh\IMG_20191114_055140_2.jpg,oreochromis niloticus,2,Not Fresh
data\mendeley\Johnius Trachycephalus - Not Fresh\IMG_20191019_063145.jpg,johnius trachycephalus,2,Not Fresh
data\mendeley\Oreochromis Niloticus - Not Fresh\IMG_20191004_064553.jpg,oreochromis niloticus,2,Not Fresh
data\mendeley\Rastrelliger Faughni - Fresh\IMG_20191016_064654.jpg,rastrelliger faughni,1,Fresh
data\mendeley\Upeneus Moluccensis - Highly Fresh\IMG_20191014_065556.jpg,upeneus moluccensis,0,Highly Fresh
data\mendeley\Upeneus Moluccensis - Highly Fresh\IMG_20191110_073742.jpg,upeneus moluccensis,0,Highly Fresh
data\mendeley\Oreochromis Niloticus - Highly Fresh\IMG_20191111_054650_6.jpg,oreochromis niloticus,0,Highly Fresh
data\mendeley\Upeneus Moluccensis - Highly Fresh\IMG_20191111_061025_5.jpg,upeneus moluccensis,0,Highly Fresh
data\mendeley\Upeneus Moluccensis - Highly Fresh\IMG_20191111_060846_2.jpg,upeneus moluccensis,0,Highly Fresh
data\mendeley\Upeneus Moluccensis - Highly Fresh\IMG_20191111_060650.jpg,upeneus moluccensis,0,Highly Fresh
data\mendeley\Upeneus Moluccensis - Fresh\IMG_20191112_060040_2.jpg,upeneus moluccensis,1,Fresh
data\mendeley\Upeneus Moluccensis - Fresh\IMG_20191113_062357.jpg,upeneus moluccensis,1,Fresh
data\mendeley\Rastrelliger Faughni - Fresh\IMG_20191017_064015.jpg,rastrelliger faughni,1,Fresh
data\mendeley\Upeneus Moluccensis - Fresh\IMG_20191016_062848.jpg,upeneus moluccensis,1,Fresh
data\mendeley\Rastrelliger Faughni - Highly Fresh\IMG_20191014_070421.jpg,rastrelliger faughni,0,Highly Fresh
data\mendeley\Oreochromis Niloticus - Fresh\IMG_20191112_053921_3.jpg,oreochromis niloticus,1,Fresh
data\mendeley\Johnius Trachycephalus - Not Fresh\IMG_20191018_060542.jpg,johnius trachycephalus,2,Not Fresh
data\mendeley\Upeneus Moluccensis - Highly Fresh\IMG_20191014_064806.jpg,upeneus moluccensis,0,Highly Fresh
data\mendeley\Rastrelliger Faughni - Highly Fresh\IMG_20191110_055648_6.jpg,rastrelliger faughni,0,Highly Fresh
data\mendeley\Oreochromis Mossambicus - Not Fresh\IMG_20191114_060350_5.jpg,oreochromis mossambicus,2,Not Fresh
data\mendeley\Oreochromis Mossambicus - Fresh\IMG_20191113_055016g_1.jpg,oreochromis mossambicus,1,Fresh
data\mendeley\Chanos Chanos - Fresh\IMG_20191113_051741.jpg,chanos chanos,1,Fresh
data\mendeley\Eleutheronema Tetradactylum - Fresh\IMG_20191016_071306.jpg,eleutheronema tetradactylum,1,Fresh
data\mendeley\Oreochromis Mossambicus - Highly Fresh\IMG_20191110_055112_2.jpg,oreochromis mossambicus,0,Highly Fresh
data\mendeley\Upeneus Moluccensis - Highly Fresh\IMG_20191110_074302_1.jpg,upeneus moluccensis,0,Highly Fresh
data\mendeley\Rastrelliger Faughni - Fresh\IMG_20191113_055848.jpg,rastrelliger faughni,1,Fresh
data\mendeley\Chanos Chanos - Highly Fresh\IMG_20191111_053103.jpg,chanos chanos,0,Highly Fresh
data\mendeley\Rastrelliger Faughni - Highly Fresh\IMG_20191111_061939_3.jpg,rastrelliger faughni,0,Highly Fresh
data\mendeley\Oreochromis Niloticus - Highly Fresh\IMG_20191111_054037_1.jpg,oreochromis niloticus,0,Highly Fresh
data\mendeley\Johnius Trachycephalus - Not Fresh\IMG_20191019_062543.jpg,johnius trachycephalus,2,Not Fresh
data\mendeley\Rastrelliger Faughni - Highly Fresh\IMG_20191110_075026_2.jpg,rastrelliger faughni,0,Highly Fresh
data\mendeley\Johnius Trachycephalus - Fresh\IMG_20191017_065424.jpg,johnius trachycephalus,1,Fresh
data\mendeley\Upeneus Moluccensis - Fresh\IMG_20191112_060519_1.jpg,upeneus moluccensis,1,Fresh
data\mendeley\Nibea Albiflora -  Highly Fresh\IMG_20191110_080710.jpg,nibea albiflora,0,Highly Fresh
data\mendeley\Eleutheronema Tetradactylum - Fresh\IMG_20191016_070822.jpg,eleutheronema tetradactylum,1,Fresh
data\mendeley\Eleutheronema Tetradactylum - Highly Fresh\IMG_20191014_072841.jpg,eleutheronema tetradactylum,0,Highly Fresh
data\mendeley\Rastrelliger Faughni - Fresh\IMG_20191112_062741_4.jpg,rastrelliger faughni,1,Fresh
data\mendeley\Rastrelliger Faughni - Not Fresh\IMG_20191018_055900.jpg,rastrelliger faughni,2,Not Fresh
data\mendeley\Rastrelliger Faughni - Fresh\IMG_20191016_064247.jpg,rastrelliger faughni,1,Fresh
data\mendeley\Rastrelliger Faughni - Highly Fresh\IMG_20191110_055648_8.jpg,rastrelliger faughni,0,Highly Fresh
data\mendeley\Rastrelliger Faughni - Not Fresh\IMG_20191115_061404_2.jpg,rastrelliger faughni,2,Not Fresh
data\mendeley\Oreochromis Mossambicus - Not Fresh\IMG_20191114_060617.jpg,oreochromis mossambicus,2,Not Fresh
data\mendeley\Nibea Albiflora -  Highly Fresh\IMG_20191111_064057_1.jpg,nibea albiflora,0,Highly Fresh
data\mendeley\Chanos Chanos - Fresh\IMG_20191003_064138.jpg,chanos chanos,1,Fresh
data\mendeley\Rastrelliger Faughni - Fresh\IMG_20191112_063832_2.jpg,rastrelliger faughni,1,Fresh
data\mendeley\Upeneus Moluccensis - Highly Fresh\IMG_20191110_073827_4.jpg,upeneus moluccensis,0,Highly Fresh
data\mendeley\Oreochromis Niloticus - Not Fresh\IMG_20191115_054807.jpg,oreochromis niloticus,2,Not Fresh
data\mendeley\Chanos Chanos - Highly Fresh\IMG_20190930_070724.jpg,chanos chanos,0,Highly Fresh
data\mendeley\Oreochromis Niloticus - Highly Fresh\IMG_20191111_053834.jpg,oreochromis niloticus,0,Highly Fresh
data\mendeley\Chanos Chanos - Fresh\IMG_20191002_063520.jpg,chanos chanos,1,Fresh
data\mendeley\Oreochromis Mossambicus - Highly Fresh\IMG_20191110_080239_2.jpg,oreochromis mossambicus,0,Highly Fresh
data\mendeley\Oreochromis Mossambicus - Highly Fresh\IMG_20191111_055259.jpg,oreochromis mossambicus,0,Highly Fresh
data\mendeley\Johnius Trachycephalus - Fresh\IMG_20191016_070634.jpg,johnius trachycephalus,1,Fresh
data\mendeley\Oreochromis Mossambicus - Fresh\IMG_20191112_054806.jpg,oreochromis mossambicus,1,Fresh
data\mendeley\Oreochromis Mossambicus - Not Fresh\IMG_20191114_060721_3.jpg,oreochromis mossambicus,2,Not Fresh
data\mendeley\Rastrelliger Faughni - Not Fresh\IMG_20191019_060430.jpg,rastrelliger faughni,2,Not Fresh
data\mendeley\Nibea Albiflora -  Highly Fresh\IMG_20191111_063348_2.jpg,nibea albiflora,0,Highly Fresh
data\mendeley\Oreochromis Niloticus - Highly Fresh\IMG_20191110_073121_#.jpg,oreochromis niloticus,0,Highly Fresh
data\mendeley\Rastrelliger Faughni - Highly Fresh\IMG_20191015_064832.jpg,rastrelliger faughni,0,Highly Fresh
data\mendeley\Oreochromis Mossambicus - Highly Fresh\IMG_20191110_055235_11.jpg,oreochromis mossambicus,0,Highly Fresh
data\mendeley\Johnius Trachycephalus - Not Fresh\IMG_20191018_060715.jpg,johnius trachycephalus,2,Not Fresh
data\mendeley\Nibea Albiflora -  Highly Fresh\IMG_20191110_055940_1.jpg,nibea albiflora,0,Highly Fresh
data\mendeley\Eleutheronema Tetradactylum - Fresh\IMG_20191016_070812.jpg,eleutheronema tetradactylum,1,Fresh
data\mendeley\Chanos Chanos - Fresh\IMG_20191112_051709.jpg,chanos chanos,1,Fresh
data\mendeley\Upeneus Moluccensis - Not Fresh\IMG_20191115_063709_3.jpg,upeneus moluccensis,2,Not Fresh
data\mendeley\Nibea Albiflora - Not Fresh\IMG_20191114_062859.jpg,nibea albiflora,2,Not Fresh
data\mendeley\Upeneus Moluccensis - Fresh\IMG_20191113_062003.jpg,upeneus moluccensis,1,Fresh
data\mendeley\Oreochromis Niloticus - Not Fresh\IMG_20191115_054621.jpg,oreochromis niloticus,2,Not Fresh
data\mendeley\Oreochromis Niloticus - Fresh\IMG_20191112_053952_5.jpg,oreochromis niloticus,1,Fresh
data\mendeley\Oreochromis Mossambicus - Highly Fresh\IMG_20191110_055230_5.jpg,oreochromis mossambicus,0,Highly Fresh
data\mendeley\Rastrelliger Faughni - Not Fresh\IMG_20191114_061832_3.jpg,rastrelliger faughni,2,Not Fresh
data\mendeley\Upeneus Moluccensis - Not Fresh\IMG_20191114_063800.jpg,upeneus moluccensis,2,Not Fresh
data\mendeley\Upeneus Moluccensis - Highly Fresh\IMG_20191111_060920_2.jpg,upeneus moluccensis,0,Highly Fresh
data\mendeley\Rastrelliger Faughni - Not Fresh\IMG_20191114_061948.jpg,rastrelliger faughni,2,Not Fresh
data\mendeley\Oreochromis Niloticus - Not Fresh\IMG_20191115_054724.jpg,oreochromis niloticus,2,Not Fresh
data\mendeley\Johnius Trachycephalus - Not Fresh\IMG_20191018_060609.jpg,johnius trachycephalus,2,Not Fresh
data\mendeley\Rastrelliger Faughni - Highly Fresh\IMG_20191111_061718.jpg,rastrelliger faughni,0,Highly Fresh
data\mendeley\Rastrelliger Faughni - Fresh\IMG_20191113_055610_2.jpg,rastrelliger faughni,1,Fresh
data\mendeley\Eleutheronema Tetradactylum - Not Fresh\IMG_20191019_063257.jpg,eleutheronema tetradactylum,2,Not Fresh
data\mendeley\Nibea Albiflora - Fresh\IMG_20191113_060604_1.jpg,nibea albiflora,1,Fresh
data\mendeley\Johnius Trachycephalus - Highly Fresh\IMG_20191015_065536.jpg,johnius trachycephalus,0,Highly Fresh
data\mendeley\Oreochromis Niloticus - Highly Fresh\IMG_20191111_053720.jpg,oreochromis niloticus,0,Highly Fresh
data\mendeley\Oreochromis Niloticus - Highly Fresh\IMG_20191001_064757.jpg,oreochromis niloticus,0,Highly Fresh
data\mendeley\Oreochromis Mossambicus - Not Fresh\IMG_20191115_060219.jpg,oreochromis mossambicus,2,Not Fresh
data\mendeley\Chanos Chanos - Not Fresh\IMG_20191115_052841.jpg,chanos chanos,2,Not Fresh
data\mendeley\Eleutheronema Tetradactylum - Highly Fresh\IMG_20191014_072400.jpg,eleutheronema tetradactylum,0,Highly Fresh
data\mendeley\Chanos Chanos - Highly Fresh\IMG_20191110_081820.jpg,chanos chanos,0,Highly Fresh
data\mendeley\Eleutheronema Tetradactylum - Fresh\IMG_20191016_071958.jpg,eleutheronema tetradactylum,1,Fresh
data\mendeley\Rastrelliger Faughni - Fresh\IMG_20191113_055927_1.jpg,rastrelliger faughni,1,Fresh
data\mendeley\Upeneus Moluccensis - Fresh\IMG_20191016_063712.jpg,upeneus moluccensis,1,Fresh
data\mendeley\Oreochromis Niloticus - Highly Fresh\IMG_20191110_062015_4.jpg,oreochromis niloticus,0,Highly Fresh
data\mendeley\Upeneus Moluccensis - Fresh\IMG_20191113_062446.jpg,upeneus moluccensis,1,Fresh
data\mendeley\Johnius Trachycephalus - Fresh\IMG_20191017_070431.jpg,johnius trachycephalus,1,Fresh
data\mendeley\Rastrelliger Faughni - Not Fresh\IMG_20191018_055103.jpg,rastrelliger faughni,2,Not Fresh
data\mendeley\Upeneus Moluccensis - Highly Fresh\IMG_20191111_060324.jpg,upeneus moluccensis,0,Highly Fresh
data\mendeley\Rastrelliger Faughni - Highly Fresh\IMG_20191111_062623_3.jpg,rastrelliger faughni,0,Highly Fresh
data\mendeley\Upeneus Moluccensis - Highly Fresh\IMG_20191110_061116_3.jpg,upeneus moluccensis,0,Highly Fresh
data\mendeley\Upeneus Moluccensis - Fresh\IMG_20191113_062249_1.jpg,upeneus moluccensis,1,Fresh
data\mendeley\Rastrelliger Faughni - Fresh\IMG_20191016_064031.jpg,rastrelliger faughni,1,Fresh
data\mendeley\Eleutheronema Tetradactylum - Fresh\IMG_20191016_070930.jpg,eleutheronema tetradactylum,1,Fresh
data\mendeley\Oreochromis Mossambicus - Not Fresh\IMG_20191115_055948_2.jpg,oreochromis mossambicus,2,Not Fresh
data\mendeley\Upeneus Moluccensis - Not Fresh\IMG_20191114_063444_2.jpg,upeneus moluccensis,2,Not Fresh
data\mendeley\Rastrelliger Faughni - Fresh\IMG_20191016_064756.jpg,rastrelliger faughni,1,Fresh
data\mendeley\Johnius Trachycephalus - Fresh\IMG_20191016_065708.jpg,johnius trachycephalus,1,Fresh
data\mendeley\Oreochromis Niloticus - Not Fresh\IMG_20191115_055015.jpg,oreochromis niloticus,2,Not Fresh
data\mendeley\Rastrelliger Faughni - Highly Fresh\IMG_20191111_062153.jpg,rastrelliger faughni,0,Highly Fresh
data\mendeley\Rastrelliger Faughni - Not Fresh\IMG_20191019_061602.jpg,rastrelliger faughni,2,Not Fresh
data\mendeley\Oreochromis Mossambicus - Highly Fresh\IMG_20191111_054849.jpg,oreochromis mossambicus,0,Highly Fresh
data\mendeley\Chanos Chanos - Fresh\IMG_20191003_065031.jpg,chanos chanos,1,Fresh
data\mendeley\Oreochromis Mossambicus - Fresh\IMG_20191112_054545_2.jpg,oreochromis mossambicus,1,Fresh
data\mendeley\Oreochromis Niloticus - Highly Fresh\IMG_20191001_063852.jpg,oreochromis niloticus,0,Highly Fresh
data\mendeley\Rastrelliger Faughni - Fresh\IMG_20191113_055333.jpg,rastrelliger faughni,1,Fresh
data\mendeley\Eleutheronema Tetradactylum - Highly Fresh\IMG_20191015_071510.jpg,eleutheronema tetradactylum,0,Highly Fresh
data\mendeley\Oreochromis Mossambicus - Not Fresh\IMG_20191114_060903_3.jpg,oreochromis mossambicus,2,Not Fresh
data\mendeley\Nibea Albiflora -  Highly Fresh\IMG_20191111_063924_3.jpg,nibea albiflora,0,Highly Fresh
data\mendeley\Chanos Chanos - Highly Fresh\IMG_20191001_063107.jpg,chanos chanos,0,Highly Fresh
data\mendeley\Chanos Chanos - Highly Fresh\IMG_20191111_052245.jpg,chanos chanos,0,Highly Fresh
data\mendeley\Upeneus Moluccensis - Highly Fresh\IMG_20191111_061316_5.jpg,upeneus moluccensis,0,Highly Fresh
data\mendeley\Rastrelliger Faughni - Not Fresh\IMG_20191114_062048_1.jpg,rastrelliger faughni,2,Not Fresh
data\mendeley\Oreochromis Niloticus - Not Fresh\IMG_20191005_070611.jpg,oreochromis niloticus,2,Not Fresh
data\mendeley\Johnius Trachycephalus - Highly Fresh\IMG_20191015_065858.jpg,johnius trachycephalus,0,Highly Fresh
data\mendeley\Johnius Trachycephalus - Not Fresh\IMG_20191019_062458.jpg,johnius trachycephalus,2,Not Fresh
data\mendeley\Oreochromis Niloticus - Highly Fresh\IMG_20191110_073027.jpg,oreochromis niloticus,0,Highly Fresh
data\mendeley\Chanos Chanos - Fresh\IMG_20191002_063507.jpg,chanos chanos,1,Fresh
data\mendeley\Upeneus Moluccensis - Fresh\IMG_20191113_061613.jpg,upeneus moluccensis,1,Fresh
data\mendeley\Oreochromis Mossambicus - Highly Fresh\IMG_20191111_055221.jpg,oreochromis mossambicus,0,Highly Fresh
data\mendeley\Johnius Trachycephalus - Not Fresh\IMG_20191018_060518.jpg,johnius trachycephalus,2,Not Fresh
data\mendeley\Oreochromis Niloticus - Highly Fresh\IMG_20191110_071514.jpg,oreochromis niloticus,0,Highly Fresh
data\mendeley\Oreochromis Mossambicus - Highly Fresh\IMG_20191110_080210.jpg,oreochromis mossambicus,0,Highly Fresh
data\mendeley\Oreochromis Niloticus - Not Fresh\IMG_20191114_055826_4.jpg,oreochromis niloticus,2,Not Fresh
data\mendeley\Rastrelliger Faughni - Highly Fresh\IMG_20191014_070254.jpg,rastrelliger faughni,0,Highly Fresh
data\mendeley\Oreochromis Mossambicus - Highly Fresh\IMG_20191110_075903_1.jpg,oreochromis mossambicus,0,Highly Fresh
data\mendeley\Oreochromis Niloticus - Not Fresh\IMG_20191005_071510.jpg,oreochromis niloticus,2,Not Fresh
data\mendeley\Chanos Chanos - Highly Fresh\IMG_20191110_081311.jpg,chanos chanos,0,Highly Fresh
data\mendeley\Upeneus Moluccensis - Highly Fresh\IMG_20191014_064544.jpg,upeneus moluccensis,0,Highly Fresh
data\mendeley\Upeneus Moluccensis - Not Fresh\IMG_20191114_063325.jpg,upeneus moluccensis,2,Not Fresh
data\mendeley\Johnius Trachycephalus - Highly Fresh\IMG_20191014_071548.jpg,johnius trachycephalus,0,Highly Fresh
data\mendeley\Rastrelliger Faughni - Highly Fresh\IMG_20191110_075111.jpg,rastrelliger faughni,0,Highly Fresh
data\mendeley\Nibea Albiflora -  Highly Fresh\IMG_20191111_063523_3.jpg,nibea albiflora,0,Highly Fresh
data\mendeley\Chanos Chanos - Fresh\IMG_20191113_051711.jpg,chanos chanos,1,Fresh
data\mendeley\Rastrelliger Faughni - Highly Fresh\IMG_20191110_074854.jpg,rastrelliger faughni,0,Highly Fresh
data\mendeley\Oreochromis Mossambicus - Fresh\IMG_20191112_055300_6.jpg,oreochromis mossambicus,1,Fresh
data\mendeley\Oreochromis Niloticus - Fresh\IMG_20191113_053941.jpg,oreochromis niloticus,1,Fresh
data\mendeley\Rastrelliger Faughni - Highly Fresh\IMG_20191111_062306_1.jpg,rastrelliger faughni,0,Highly Fresh
data\mendeley\Chanos Chanos - Not Fresh\IMG_20191005_072022.jpg,chanos chanos,2,Not Fresh
data\mendeley\Rastrelliger Faughni - Fresh\IMG_20191017_063521.jpg,rastrelliger faughni,1,Fresh
data\mendeley\Oreochromis Niloticus - Highly Fresh\IMG_20191110_062116_7.jpg,oreochromis niloticus,0,Highly Fresh
data\mendeley\Upeneus Moluccensis - Highly Fresh\IMG_20191110_073330.jpg,upeneus moluccensis,0,Highly Fresh
data\mendeley\Nibea Albiflora -  Highly Fresh\IMG_20191110_080931_2.jpg,nibea albiflora,0,Highly Fresh
data\mendeley\Upeneus Moluccensis - Fresh\IMG_20191112_060714_4.jpg,upeneus moluccensis,1,Fresh
data\mendeley\Chanos Chanos - Not Fresh\IMG_20191004_063417.jpg,chanos chanos,2,Not Fresh
data\mendeley\Oreochromis Niloticus - Not Fresh\IMG_20191115_054840.jpg,oreochromis niloticus,2,Not Fresh
data\mendeley\Nibea Albiflora - Fresh\IMG_20191112_061441_2.jpg,nibea albiflora,1,Fresh
data\mendeley\Rastrelliger Faughni - Highly Fresh\IMG_20191014_070750.jpg,rastrelliger faughni,0,Highly Fresh
data\mendeley\Oreochromis Mossambicus - Highly Fresh\IMG_20191111_055457_7.jpg,oreochromis mossambicus,0,Highly Fresh
data\mendeley\Chanos Chanos - Fresh\IMG_20191113_052429.jpg,chanos chanos,1,Fresh
data\mendeley\Rastrelliger Faughni - Fresh\IMG_20191017_064448.jpg,rastrelliger faughni,1,Fresh
data\mendeley\Eleutheronema Tetradactylum - Not Fresh\IMG_20191019_064340.jpg,eleutheronema tetradactylum,2,Not Fresh
data\mendeley\Oreochromis Mossambicus - Not Fresh\IMG_20191114_060045.jpg,oreochromis mossambicus,2,Not Fresh
data\mendeley\Oreochromis Niloticus - Highly Fresh\IMG_20191110_062133_6.jpg,oreochromis niloticus,0,Highly Fresh
data\mendeley\Oreochromis Niloticus - Highly Fresh\IMG_20191111_053951_5.jpg,oreochromis niloticus,0,Highly Fresh
data\mendeley\Nibea Albiflora - Fresh\IMG_20191112_064018_2.jpg,nibea albiflora,1,Fresh
data\mendeley\Chanos Chanos - Highly Fresh\IMG_20191001_063030.jpg,chanos chanos,0,Highly Fresh
data\mendeley\Rastrelliger Faughni - Not Fresh\IMG_20191114_061150.jpg,rastrelliger faughni,2,Not Fresh
data\mendeley\Upeneus Moluccensis - Highly Fresh\IMG_20191110_073449.jpg,upeneus moluccensis,0,Highly Fresh
data\mendeley\Oreochromis Mossambicus - Highly Fresh\IMG_20191110_055129_1.jpg,oreochromis mossambicus,0,Highly Fresh
data\mendeley\Oreochromis Mossambicus - Fresh\IMG_20191112_055001_2.jpg,oreochromis mossambicus,1,Fresh
data\mendeley\Eleutheronema Tetradactylum - Not Fresh\IMG_20191018_061351.jpg,eleutheronema tetradactylum,2,Not Fresh
data\mendeley\Upeneus Moluccensis - Highly Fresh\IMG_20191111_061303_3.jpg,upeneus moluccensis,0,Highly Fresh
data\mendeley\Rastrelliger Faughni - Fresh\IMG_20191016_064302.jpg,rastrelliger faughni,1,Fresh
data\mendeley\Rastrelliger Faughni - Not Fresh\IMG_20191115_061316.jpg,rastrelliger faughni,2,Not Fresh
data\mendeley\Johnius Trachycephalus - Fresh\IMG_20191016_070308.jpg,johnius trachycephalus,1,Fresh
data\mendeley\Nibea Albiflora -  Highly Fresh\IMG_20191110_080800_1.jpg,nibea albiflora,0,Highly Fresh
data\mendeley\Rastrelliger Faughni - Not Fresh\IMG_20191115_060917.jpg,rastrelliger faughni,2,Not Fresh
data\mendeley\Oreochromis Mossambicus - Fresh\IMG_20191112_054602_1.jpg,oreochromis mossambicus,1,Fresh
data\mendeley\Oreochromis Mossambicus - Fresh\IMG_20191113_054549.jpg,oreochromis mossambicus,1,Fresh
data\mendeley\Oreochromis Mossambicus - Highly Fresh\IMG_20191110_075631.jpg,oreochromis mossambicus,0,Highly Fresh
data\mendeley\Oreochromis Niloticus - Highly Fresh\IMG_20191110_072950.jpg,oreochromis niloticus,0,Highly Fresh
data\mendeley\Upeneus Moluccensis - Fresh\IMG_20191113_062025.jpg,upeneus moluccensis,1,Fresh
data\mendeley\Oreochromis Niloticus - Not Fresh\IMG_20191004_064135.jpg,oreochromis niloticus,2,Not Fresh
data\mendeley\Rastrelliger Faughni - Fresh\IMG_20191113_055305.jpg,rastrelliger faughni,1,Fresh
data\mendeley\Oreochromis Niloticus - Highly Fresh\IMG_20190930_071610.jpg,oreochromis niloticus,0,Highly Fresh
data\mendeley\Rastrelliger Faughni - Not Fresh\IMG_20191019_061553.jpg,rastrelliger faughni,2,Not Fresh
data\mendeley\Rastrelliger Faughni - Not Fresh\IMG_20191115_061432_1.jpg,rastrelliger faughni,2,Not Fresh
data\mendeley\Oreochromis Niloticus - Not Fresh\IMG_20191114_055804_1.jpg,oreochromis niloticus,2,Not Fresh
data\mendeley\Johnius Trachycephalus - Fresh\IMG_20191016_070120.jpg,johnius trachycephalus,1,Fresh
data\mendeley\Oreochromis Niloticus - Highly Fresh\IMG_20191110_073030.jpg,oreochromis niloticus,0,Highly Fresh
data\mendeley\Oreochromis Mossambicus - Not Fresh\IMG_20191114_060810.jpg,oreochromis mossambicus,2,Not Fresh
data\mendeley\Eleutheronema Tetradactylum - Not Fresh\IMG_20191019_063659.jpg,eleutheronema tetradactylum,2,Not Fresh
data\mendeley\Nibea Albiflora - Fresh\IMG_20191112_061718_2.jpg,nibea albiflora,1,Fresh
data\mendeley\Oreochromis Niloticus - Highly Fresh\IMG_20191110_072417_5.jpg,oreochromis niloticus,0,Highly Fresh
data\mendeley\Rastrelliger Faughni - Not Fresh\IMG_20191114_062127_2.jpg,rastrelliger faughni,2,Not Fresh
data\mendeley\Rastrelliger Faughni - Highly Fresh\IMG_20191110_075010_1.jpg,rastrelliger faughni,0,Highly Fresh
data\mendeley\Upeneus Moluccensis - Fresh\IMG_20191112_060438_1.jpg,upeneus moluccensis,1,Fresh
data\mendeley\Eleutheronema Tetradactylum - Fresh\IMG_20191016_071933.jpg,eleutheronema tetradactylum,1,Fresh
data\mendeley\Nibea Albiflora - Fresh\IMG_20191112_061718_1.jpg,nibea albiflora,1,Fresh
data\mendeley\Oreochromis Niloticus - Not Fresh\IMG_20191115_054217.jpg,oreochromis niloticus,2,Not Fresh
data\mendeley\Upeneus Moluccensis - Highly Fresh\IMG_20191110_074320_6.jpg,upeneus moluccensis,0,Highly Fresh
data\mendeley\Upeneus Moluccensis - Fresh\IMG_20191112_060644_4.jpg,upeneus moluccensis,1,Fresh
data\mendeley\Rastrelliger Faughni - Not Fresh\IMG_20191114_061829_2.jpg,rastrelliger faughni,2,Not Fresh
data\mendeley\Rastrelliger Faughni - Fresh\IMG_20191016_064234.jpg,rastrelliger faughni,1,Fresh
data\mendeley\Oreochromis Mossambicus - Highly Fresh\IMG_20191110_075539.jpg,oreochromis mossambicus,0,Highly Fresh
data\mendeley\Rastrelliger Faughni - Fresh\IMG_20191112_063437.jpg,rastrelliger faughni,1,Fresh
data\mendeley\Chanos Chanos - Not Fresh\IMG_20191115_053534.jpg,chanos chanos,2,Not Fresh
data\mendeley\Rastrelliger Faughni - Not Fresh\IMG_20191114_061303.jpg,rastrelliger faughni,2,Not Fresh
data\mendeley\Upeneus Moluccensis - Not Fresh\IMG_20191019_060212.jpg,upeneus moluccensis,2,Not Fresh
data\mendeley\Rastrelliger Faughni - Highly Fresh\IMG_20191111_062725.jpg,rastrelliger faughni,0,Highly Fresh
data\mendeley\Rastrelliger Faughni - Highly Fresh\IMG_20191110_074546.jpg,rastrelliger faughni,0,Highly Fresh
data\mendeley\Nibea Albiflora -  Highly Fresh\IMG_20191111_063623_1.jpg,nibea albiflora,0,Highly Fresh
data\mendeley\Oreochromis Niloticus - Highly Fresh\IMG_20191110_073144_2.jpg,oreochromis niloticus,0,Highly Fresh
data\mendeley\Johnius Trachycephalus - Highly Fresh\IMG_20191015_070705.jpg,johnius trachycephalus,0,Highly Fresh
data\mendeley\Upeneus Moluccensis - Not Fresh\IMG_20191115_064007_2.jpg,upeneus moluccensis,2,Not Fresh
data\mendeley\Oreochromis Niloticus - Not Fresh\IMG_20191114_055514_1.jpg,oreochromis niloticus,2,Not Fresh
data\mendeley\Oreochromis Mossambicus - Not Fresh\IMG_20191115_055912.jpg,oreochromis mossambicus,2,Not Fresh
data\mendeley\Upeneus Moluccensis - Highly Fresh\IMG_20191110_073710.jpg,upeneus moluccensis,0,Highly Fresh
data\mendeley\Upeneus Moluccensis - Highly Fresh\IMG_20191110_073904_2.jpg,upeneus moluccensis,0,Highly Fresh
data\mendeley\Upeneus Moluccensis - Highly Fresh\IMG_20191015_062806.jpg,upeneus moluccensis,0,Highly Fresh
data\mendeley\Oreochromis Niloticus - Fresh\IMG_20191112_064253_1.jpg,oreochromis niloticus,1,Fresh
data\mendeley\Oreochromis Mossambicus - Highly Fresh\IMG_20191110_080218_2.jpg,oreochromis mossambicus,0,Highly Fresh
data\mendeley\Rastrelliger Faughni - Not Fresh\IMG_20191018_055731.jpg,rastrelliger faughni,2,Not Fresh
data\mendeley\Oreochromis Mossambicus - Highly Fresh\IMG_20191110_055230_8.jpg,oreochromis mossambicus,0,Highly Fresh
data\mendeley\Oreochromis Mossambicus - Highly Fresh\IMG_20191110_055124_7.jpg,oreochromis mossambicus,0,Highly Fresh
data\mendeley\Upeneus Moluccensis - Fresh\IMG_20191112_055622.jpg,upeneus moluccensis,1,Fresh
data\mendeley\Johnius Trachycephalus - Not Fresh\IMG_20191019_062429.jpg,johnius trachycephalus,2,Not Fresh
data\mendeley\Chanos Chanos - Fresh\IMG_20191112_052618.jpg,chanos chanos,1,Fresh
data\mendeley\Upeneus Moluccensis - Highly Fresh\IMG_20191111_061255_1.jpg,upeneus moluccensis,0,Highly Fresh
data\mendeley\Johnius Trachycephalus - Not Fresh\IMG_20191018_061003.jpg,johnius trachycephalus,2,Not Fresh
data\mendeley\Rastrelliger Faughni - Not Fresh\IMG_20191115_060928.jpg,rastrelliger faughni,2,Not Fresh
data\mendeley\Johnius Trachycephalus - Fresh\IMG_20191017_065658.jpg,johnius trachycephalus,1,Fresh
data\mendeley\Oreochromis Mossambicus - Highly Fresh\IMG_20191110_075556.jpg,oreochromis mossambicus,0,Highly Fresh
data\mendeley\Oreochromis Mossambicus - Not Fresh\IMG_20191115_055456.jpg,oreochromis mossambicus,2,Not Fresh
data\mendeley\Oreochromis Niloticus - Fresh\IMG_20191113_053813.jpg,oreochromis niloticus,1,Fresh
data\mendeley\Nibea Albiflora - Fresh\IMG_20191112_061657_2.jpg,nibea albiflora,1,Fresh
data\mendeley\Upeneus Moluccensis - Fresh\IMG_20191113_061422.jpg,upeneus moluccensis,1,Fresh
data\mendeley\Oreochromis Mossambicus - Fresh\IMG_20191112_055232_3.jpg,oreochromis mossambicus,1,Fresh
data\mendeley\Upeneus Moluccensis - Fresh\IMG_20191113_062032.jpg,upeneus moluccensis,1,Fresh
data\mendeley\Upeneus Moluccensis - Highly Fresh\IMG_20191110_073442.jpg,upeneus moluccensis,0,Highly Fresh
data\mendeley\Rastrelliger Faughni - Highly Fresh\IMG_20191111_062552.jpg,rastrelliger faughni,0,Highly Fresh
data\mendeley\Oreochromis Mossambicus - Fresh\IMG_20191113_055153_1.jpg,oreochromis mossambicus,1,Fresh
data\mendeley\Nibea Albiflora -  Highly Fresh\IMG_20191110_055940_2.jpg,nibea albiflora,0,Highly Fresh
data\mendeley\Johnius Trachycephalus - Fresh\IMG_20191016_070336.jpg,johnius trachycephalus,1,Fresh
data\mendeley\Chanos Chanos - Highly Fresh\IMG_20191001_062640.jpg,chanos chanos,0,Highly Fresh
data\mendeley\Oreochromis Niloticus - Highly Fresh\IMG_20191110_071542.jpg,oreochromis niloticus,0,Highly Fresh
data\mendeley\Eleutheronema Tetradactylum - Not Fresh\IMG_20191019_063732.jpg,eleutheronema tetradactylum,2,Not Fresh
data\mendeley\Oreochromis Niloticus - Fresh\IMG_20191112_053730.jpg,oreochromis niloticus,1,Fresh
data\mendeley\Johnius Trachycephalus - Fresh\IMG_20191016_070616.jpg,johnius trachycephalus,1,Fresh
data\mendeley\Oreochromis Niloticus - Not Fresh\IMG_20191114_055633.jpg,oreochromis niloticus,2,Not Fresh
data\mendeley\Oreochromis Niloticus - Not Fresh\IMG_20191114_055937_5.jpg,oreochromis niloticus,2,Not Fresh
data\mendeley\Nibea Albiflora -  Highly Fresh\IMG_20191110_080819_3.jpg,nibea albiflora,0,Highly Fresh
data\mendeley\Oreochromis Niloticus - Not Fresh\IMG_20191114_055917_2.jpg,oreochromis niloticus,2,Not Fresh
data\mendeley\Upeneus Moluccensis - Not Fresh\IMG_20191019_055338.jpg,upeneus moluccensis,2,Not Fresh
data\mendeley\Eleutheronema Tetradactylum - Highly Fresh\IMG_20191014_072438.jpg,eleutheronema tetradactylum,0,Highly Fresh
data\mendeley\Rastrelliger Faughni - Not Fresh\IMG_20191019_061133.jpg,rastrelliger faughni,2,Not Fresh
data\mendeley\Oreochromis Niloticus - Fresh\IMG_20191113_054144_1.jpg,oreochromis niloticus,1,Fresh
data\mendeley\Upeneus Moluccensis - Highly Fresh\IMG_20191110_061419_5.jpg,upeneus moluccensis,0,Highly Fresh
data\mendeley\Oreochromis Niloticus - Highly Fresh\IMG_20191111_053849.jpg,oreochromis niloticus,0,Highly Fresh
data\mendeley\Oreochromis Mossambicus - Highly Fresh\IMG_20191110_075912_2.jpg,oreochromis mossambicus,0,Highly Fresh
data\mendeley\Eleutheronema Tetradactylum - Not Fresh\IMG_20191019_064426.jpg,eleutheronema tetradactylum,2,Not Fresh
data\mendeley\Upeneus Moluccensis - Highly Fresh\IMG_20191111_061359_6.jpg,upeneus moluccensis,0,Highly Fresh
data\mendeley\Upeneus Moluccensis - Fresh\IMG_20191017_061930.jpg,upeneus moluccensis,1,Fresh
data\mendeley\Chanos Chanos - Fresh\IMG_20191113_052932.jpg,chanos chanos,1,Fresh
data\mendeley\Upeneus Moluccensis - Highly Fresh\IMG_20191111_060726.jpg,upeneus moluccensis,0,Highly Fresh
data\mendeley\Nibea Albiflora -  Highly Fresh\IMG_20191111_063526_1.jpg,nibea albiflora,0,Highly Fresh
data\mendeley\Rastrelliger Faughni - Not Fresh\IMG_20191114_061536_2.jpg,rastrelliger faughni,2,Not Fresh
data\mendeley\Oreochromis Niloticus - Highly Fresh\IMG_20191110_062058_3.jpg,oreochromis niloticus,0,Highly Fresh
data\mendeley\Rastrelliger Faughni - Highly Fresh\IMG_20191014_065909.jpg,rastrelliger faughni,0,Highly Fresh
data\mendeley\Upeneus Moluccensis - Fresh\IMG_20191112_055940_1.jpg,upeneus moluccensis,1,Fresh
data\mendeley\Eleutheronema Tetradactylum - Highly Fresh\IMG_20191015_071645.jpg,eleutheronema tetradactylum,0,Highly Fresh
data\mendeley\Rastrelliger Faughni - Highly Fresh\IMG_20191110_074930.jpg,rastrelliger faughni,0,Highly Fresh
data\mendeley\Upeneus Moluccensis - Not Fresh\IMG_20191115_062909.jpg,upeneus moluccensis,2,Not Fresh
data\mendeley\Rastrelliger Faughni - Highly Fresh\IMG_20191110_075116.jpg,rastrelliger faughni,0,Highly Fresh
data\mendeley\Oreochromis Niloticus - Fresh\IMG_20191113_054226_5.jpg,oreochromis niloticus,1,Fresh
data\mendeley\Johnius Trachycephalus - Fresh\IMG_20191016_065303.jpg,johnius trachycephalus,1,Fresh
data\mendeley\Oreochromis Niloticus - Not Fresh\IMG_20191005_071434.jpg,oreochromis niloticus,2,Not Fresh
data\mendeley\Rastrelliger Faughni - Fresh\IMG_20191113_055949_1.jpg,rastrelliger faughni,1,Fresh
data\mendeley\Oreochromis Niloticus - Highly Fresh\IMG_20191110_072546.jpg,oreochromis niloticus,0,Highly Fresh
data\mendeley\Upeneus Moluccensis - Highly Fresh\IMG_20191014_064950.jpg,upeneus moluccensis,0,Highly Fresh
data\mendeley\Rastrelliger Faughni - Highly Fresh\IMG_20191110_074946_4.jpg,rastrelliger faughni,0,Highly Fresh
data\mendeley\Oreochromis Mossambicus - Not Fresh\IMG_20191115_060356_2.jpg,oreochromis mossambicus,2,Not Fresh
data\mendeley\Eleutheronema Tetradactylum - Not Fresh\IMG_20191018_062029.jpg,eleutheronema tetradactylum,2,Not Fresh
data\mendeley\Upeneus Moluccensis - Fresh\IMG_20191113_061735_1.jpg,upeneus moluccensis,1,Fresh
data\mendeley\Oreochromis Niloticus - Fresh\IMG_20191113_053411.jpg,oreochromis niloticus,1,Fresh
data\mendeley\Nibea Albiflora - Not Fresh\IMG_20191114_062652.jpg,nibea albiflora,2,Not Fresh
data\mendeley\Rastrelliger Faughni - Highly Fresh\IMG_20191111_062345_3.jpg,rastrelliger faughni,0,Highly Fresh
data\mendeley\Nibea Albiflora -  Highly Fresh\IMG_20191110_080739_1.jpg,nibea albiflora,0,Highly Fresh
data\mendeley\Eleutheronema Tetradactylum - Highly Fresh\IMG_20191015_071947.jpg,eleutheronema tetradactylum,0,Highly Fresh
data\mendeley\Nibea Albiflora -  Highly Fresh\IMG_20191111_063940_!.jpg,nibea albiflora,0,Highly Fresh
data\mendeley\Rastrelliger Faughni - Not Fresh\IMG_20191115_060635.jpg,rastrelliger faughni,2,Not Fresh
data\mendeley\Nibea Albiflora - Not Fresh\IMG_20191114_062417.jpg,nibea albiflora,2,Not Fresh
data\mendeley\Rastrelliger Faughni - Not Fresh\IMG_20191018_055940.jpg,rastrelliger faughni,2,Not Fresh
data\mendeley\Upeneus Moluccensis - Highly Fresh\IMG_20191111_060846_1.jpg,upeneus moluccensis,0,Highly Fresh
data\mendeley\Eleutheronema Tetradactylum - Highly Fresh\IMG_20191015_072104.jpg,eleutheronema tetradactylum,0,Highly Fresh
data\mendeley\Nibea Albiflora -  Highly Fresh\IMG_20191110_080814_2.jpg,nibea albiflora,0,Highly Fresh
data\mendeley\Upeneus Moluccensis - Highly Fresh\IMG_20191111_061316_1.jpg,upeneus moluccensis,0,Highly Fresh
data\mendeley\Upeneus Moluccensis - Fresh\IMG_20191113_061355.jpg,upeneus moluccensis,1,Fresh
data\mendeley\Oreochromis Mossambicus - Not Fresh\IMG_20191115_055944_1.jpg,oreochromis mossambicus,2,Not Fresh
data\mendeley\Rastrelliger Faughni - Highly Fresh\IMG_20191110_075158.jpg,rastrelliger faughni,0,Highly Fresh
data\mendeley\Rastrelliger Faughni - Highly Fresh\IMG_20191111_061609.jpg,rastrelliger faughni,0,Highly Fresh
data\mendeley\Oreochromis Niloticus - Fresh\IMG_20191003_063741.jpg,oreochromis niloticus,1,Fresh
data\mendeley\Chanos Chanos - Fresh\IMG_20191112_052546.jpg,chanos chanos,1,Fresh
data\mendeley\Oreochromis Mossambicus - Not Fresh\IMG_20191114_060807.jpg,oreochromis mossambicus,2,Not Fresh
data\mendeley\Oreochromis Mossambicus - Fresh\IMG_20191112_054937_2.jpg,oreochromis mossambicus,1,Fresh
data\mendeley\Oreochromis Niloticus - Fresh\IMG_20191112_053959_1.jpg,oreochromis niloticus,1,Fresh
data\mendeley\Rastrelliger Faughni - Fresh\IMG_20191113_055707_1.jpg,rastrelliger faughni,1,Fresh
data\mendeley\Rastrelliger Faughni - Fresh\IMG_20191016_063900.jpg,rastrelliger faughni,1,Fresh
data\mendeley\Rastrelliger Faughni - Not Fresh\IMG_20191114_062112_3.jpg,rastrelliger faughni,2,Not Fresh
data\mendeley\Chanos Chanos - Highly Fresh\IMG_20190930_071159.jpg,chanos chanos,0,Highly Fresh
data\mendeley\Rastrelliger Faughni - Highly Fresh\IMG_20191015_064014.jpg,rastrelliger faughni,0,Highly Fresh
data\mendeley\Oreochromis Mossambicus - Highly Fresh\IMG_20191111_054804.jpg,oreochromis mossambicus,0,Highly Fresh
data\mendeley\Oreochromis Niloticus - Highly Fresh\IMG_20191111_054650_5.jpg,oreochromis niloticus,0,Highly Fresh
data\mendeley\Upeneus Moluccensis - Not Fresh\IMG_20191018_054930.jpg,upeneus moluccensis,2,Not Fresh
data\mendeley\Chanos Chanos - Fresh\IMG_20191002_063304.jpg,chanos chanos,1,Fresh
data\mendeley\Rastrelliger Faughni - Not Fresh\IMG_20191114_061931.jpg,rastrelliger faughni,2,Not Fresh
data\mendeley\Upeneus Moluccensis - Fresh\IMG_20191112_055940_2.jpg,upeneus moluccensis,1,Fresh
data\mendeley\Chanos Chanos - Highly Fresh\IMG_20191110_060756.jpg,chanos chanos,0,Highly Fresh
data\mendeley\Rastrelliger Faughni - Highly Fresh\IMG_20191110_075351_3.jpg,rastrelliger faughni,0,Highly Fresh
data\mendeley\Oreochromis Mossambicus - Fresh\IMG_20191112_064207_1.jpg,oreochromis mossambicus,1,Fresh
data\mendeley\Nibea Albiflora -  Highly Fresh\IMG_20191110_055950_4.jpg,nibea albiflora,0,Highly Fresh
data\mendeley\Oreochromis Mossambicus - Not Fresh\IMG_20191114_060519.jpg,oreochromis mossambicus,2,Not Fresh
data\mendeley\Eleutheronema Tetradactylum - Not Fresh\IMG_20191019_064624.jpg,eleutheronema tetradactylum,2,Not Fresh
data\mendeley\Eleutheronema Tetradactylum - Fresh\IMG_20191016_071131.jpg,eleutheronema tetradactylum,1,Fresh
data\mendeley\Oreochromis Mossambicus - Fresh\IMG_20191112_054427_1.jpg,oreochromis mossambicus,1,Fresh
data\mendeley\Upeneus Moluccensis - Fresh\IMG_20191112_055603.jpg,upeneus moluccensis,1,Fresh
data\mendeley\Nibea Albiflora - Fresh\IMG_20191112_061336.jpg,nibea albiflora,1,Fresh
data\mendeley\Nibea Albiflora -  Highly Fresh\IMG_20191111_063413_2.jpg,nibea albiflora,0,Highly Fresh
data\mendeley\Rastrelliger Faughni - Highly Fresh\IMG_20191110_074458.jpg,rastrelliger faughni,0,Highly Fresh
data\mendeley\Oreochromis Niloticus - Highly Fresh\IMG_20190930_072459.jpg,oreochromis niloticus,0,Highly Fresh
data\mendeley\Johnius Trachycephalus - Fresh\IMG_20191017_065737.jpg,johnius trachycephalus,1,Fresh
data\mendeley\Nibea Albiflora - Fresh\IMG_20191112_061329.jpg,nibea albiflora,1,Fresh
data\mendeley\Oreochromis Niloticus - Highly Fresh\IMG_20191110_073121_2.jpg,oreochromis niloticus,0,Highly Fresh
data\mendeley\Upeneus Moluccensis - Not Fresh\IMG_20191115_063337_1.jpg,upeneus moluccensis,2,Not Fresh
data\mendeley\Oreochromis Mossambicus - Highly Fresh\IMG_20191111_055912_1.jpg,oreochromis mossambicus,0,Highly Fresh
data\mendeley\Upeneus Moluccensis - Highly Fresh\IMG_20191015_063057.jpg,upeneus moluccensis,0,Highly Fresh
data\mendeley\Oreochromis Mossambicus - Fresh\IMG_20191113_054842.jpg,oreochromis mossambicus,1,Fresh
data\mendeley\Oreochromis Niloticus - Not Fresh\IMG_20191114_055621.jpg,oreochromis niloticus,2,Not Fresh
data\mendeley\Johnius Trachycephalus - Not Fresh\IMG_20191019_062524.jpg,johnius trachycephalus,2,Not Fresh
data\mendeley\Nibea Albiflora - Not Fresh\IMG_20191115_061718.jpg,nibea albiflora,2,Not Fresh
data\mendeley\Upeneus Moluccensis - Highly Fresh\IMG_20191110_061339_1.jpg,upeneus moluccensis,0,Highly Fresh
data\mendeley\Oreochromis Niloticus - Highly Fresh\IMG_20191111_054446.jpg,oreochromis niloticus,0,Highly Fresh
data\mendeley\Upeneus Moluccensis - Highly Fresh\IMG_20191014_064535.jpg,upeneus moluccensis,0,Highly Fresh
data\mendeley\Chanos Chanos - Fresh\IMG_20191002_063050.jpg,chanos chanos,1,Fresh
data\mendeley\Oreochromis Niloticus - Fresh\IMG_20191112_053952_3.jpg,oreochromis niloticus,1,Fresh
data\mendeley\Nibea Albiflora - Not Fresh\IMG_20191114_062947_4.jpg,nibea albiflora,2,Not Fresh
data\mendeley\Upeneus Moluccensis - Not Fresh\IMG_20191115_063809.jpg,upeneus moluccensis,2,Not Fresh
data\mendeley\Nibea Albiflora - Fresh\IMG_20191113_060637_1.jpg,nibea albiflora,1,Fresh
data\mendeley\Rastrelliger Faughni - Not Fresh\IMG_20191019_060907.jpg,rastrelliger faughni,2,Not Fresh
data\mendeley\Upeneus Moluccensis - Highly Fresh\IMG_20191111_060928_1.jpg,upeneus moluccensis,0,Highly Fresh
data\mendeley\Upeneus Moluccensis - Highly Fresh\IMG_20191111_061234_1.jpg,upeneus moluccensis,0,Highly Fresh
data\mendeley\Chanos Chanos - Highly Fresh\IMG_20191111_052607.jpg,chanos chanos,0,Highly Fresh
data\mendeley\Nibea Albiflora - Fresh\IMG_20191113_061155_1.jpg,nibea albiflora,1,Fresh
data\mendeley\Chanos Chanos - Highly Fresh\IMG_20191001_062945.jpg,chanos chanos,0,Highly Fresh
data\mendeley\Nibea Albiflora - Fresh\IMG_20191112_061537_5.jpg,nibea albiflora,1,Fresh
data\mendeley\Rastrelliger Faughni - Fresh\IMG_20191112_063923.jpg,rastrelliger faughni,1,Fresh
data\mendeley\Chanos Chanos - Fresh\IMG_20191113_051903.jpg,chanos chanos,1,Fresh
data\mendeley\Upeneus Moluccensis - Not Fresh\IMG_20191114_063554.jpg,upeneus moluccensis,2,Not Fresh
data\mendeley\Upeneus Moluccensis - Not Fresh\IMG_20191115_063920.jpg,upeneus moluccensis,2,Not Fresh
data\mendeley\Oreochromis Mossambicus - Highly Fresh\IMG_20191110_080210_1.jpg,oreochromis mossambicus,0,Highly Fresh
data\mendeley\Oreochromis Mossambicus - Fresh\IMG_20191113_054615.jpg,oreochromis mossambicus,1,Fresh
data\mendeley\Oreochromis Mossambicus - Fresh\IMG_20191113_054929.jpg,oreochromis mossambicus,1,Fresh
data\mendeley\Rastrelliger Faughni - Highly Fresh\IMG_20191014_065803.jpg,rastrelliger faughni,0,Highly Fresh
data\mendeley\Oreochromis Mossambicus - Fresh\IMG_20191113_054704_1.jpg,oreochromis mossambicus,1,Fresh
data\mendeley\Upeneus Moluccensis - Not Fresh\IMG_20191019_060201.jpg,upeneus moluccensis,2,Not Fresh
data\mendeley\Chanos Chanos - Highly Fresh\IMG_20190930_071236.jpg,chanos chanos,0,Highly Fresh
data\mendeley\Rastrelliger Faughni - Highly Fresh\IMG_20191111_062306_4.jpg,rastrelliger faughni,0,Highly Fresh
data\mendeley\Oreochromis Mossambicus - Highly Fresh\IMG_20191110_055230_1.jpg,oreochromis mossambicus,0,Highly Fresh
data\mendeley\Nibea Albiflora - Not Fresh\IMG_20191115_062056.jpg,nibea albiflora,2,Not Fresh
data\mendeley\Rastrelliger Faughni - Fresh\IMG_20191113_055809.jpg,rastrelliger faughni,1,Fresh
data\mendeley\Nibea Albiflora -  Highly Fresh\IMG_20191110_055955_1.jpg,nibea albiflora,0,Highly Fresh
data\mendeley\Upeneus Moluccensis - Not Fresh\IMG_20191018_054007_1.jpg,upeneus moluccensis,2,Not Fresh
data\mendeley\Rastrelliger Faughni - Not Fresh\IMG_20191114_062115_3.jpg,rastrelliger faughni,2,Not Fresh
data\mendeley\Upeneus Moluccensis - Fresh\IMG_20191017_062216.jpg,upeneus moluccensis,1,Fresh
data\mendeley\Chanos Chanos - Not Fresh\IMG_20191005_072714.jpg,chanos chanos,2,Not Fresh
data\mendeley\Oreochromis Niloticus - Highly Fresh\IMG_20191110_071320.jpg,oreochromis niloticus,0,Highly Fresh
data\mendeley\Eleutheronema Tetradactylum - Not Fresh\IMG_20191019_063642.jpg,eleutheronema tetradactylum,2,Not Fresh
data\mendeley\Eleutheronema Tetradactylum - Fresh\IMG_20191017_070824.jpg,eleutheronema tetradactylum,1,Fresh
data\mendeley\Nibea Albiflora -  Highly Fresh\IMG_20191110_080954_1.jpg,nibea albiflora,0,Highly Fresh
data\mendeley\Oreochromis Mossambicus - Highly Fresh\IMG_20191110_075802.jpg,oreochromis mossambicus,0,Highly Fresh
data\mendeley\Upeneus Moluccensis - Highly Fresh\IMG_20191111_060306.jpg,upeneus moluccensis,0,Highly Fresh
data\mendeley\Upeneus Moluccensis - Fresh\IMG_20191113_061636.jpg,upeneus moluccensis,1,Fresh
data\mendeley\Upeneus Moluccensis - Fresh\IMG_20191113_062505_6.jpg,upeneus moluccensis,1,Fresh
data\mendeley\Chanos Chanos - Not Fresh\IMG_20191005_072439.jpg,chanos chanos,2,Not Fresh
data\mendeley\Upeneus Moluccensis - Fresh\IMG_20191017_062206.jpg,upeneus moluccensis,1,Fresh
data\mendeley\Oreochromis Mossambicus - Highly Fresh\IMG_20191110_080200_4.jpg,oreochromis mossambicus,0,Highly Fresh
data\mendeley\Upeneus Moluccensis - Not Fresh\IMG_20191019_055111.jpg,upeneus moluccensis,2,Not Fresh
data\mendeley\Oreochromis Mossambicus - Fresh\IMG_20191112_054427_3.jpg,oreochromis mossambicus,1,Fresh
data\mendeley\Nibea Albiflora -  Highly Fresh\IMG_20191111_063422_1.jpg,nibea albiflora,0,Highly Fresh
data\mendeley\Eleutheronema Tetradactylum - Highly Fresh\IMG_20191014_072108.jpg,eleutheronema tetradactylum,0,Highly Fresh
data\mendeley\Eleutheronema Tetradactylum - Not Fresh\IMG_20191019_063421.jpg,eleutheronema tetradactylum,2,Not Fresh
data\mendeley\Oreochromis Mossambicus - Fresh\IMG_20191113_054741_2.jpg,oreochromis mossambicus,1,Fresh
data\mendeley\Rastrelliger Faughni - Not Fresh\IMG_20191115_061432_2.jpg,rastrelliger faughni,2,Not Fresh
data\mendeley\Chanos Chanos - Fresh\IMG_20191003_064744.jpg,chanos chanos,1,Fresh
data\mendeley\Rastrelliger Faughni - Fresh\IMG_20191113_055957_1.jpg,rastrelliger faughni,1,Fresh
data\mendeley\Upeneus Moluccensis - Highly Fresh\IMG_20191111_061359_1.jpg,upeneus moluccensis,0,Highly Fresh
data\mendeley\Oreochromis Niloticus - Highly Fresh\IMG_20190930_071848.jpg,oreochromis niloticus,0,Highly Fresh
data\mendeley\Rastrelliger Faughni - Highly Fresh\IMG_20191111_062534_1.jpg,rastrelliger faughni,0,Highly Fresh
data\mendeley\Upeneus Moluccensis - Fresh\IMG_20191112_060237.jpg,upeneus moluccensis,1,Fresh
data\mendeley\Nibea Albiflora - Fresh\IMG_20191113_060958_1.jpg,nibea albiflora,1,Fresh
data\mendeley\Eleutheronema Tetradactylum - Not Fresh\IMG_20191019_064258.jpg,eleutheronema tetradactylum,2,Not Fresh
data\mendeley\Upeneus Moluccensis - Highly Fresh\IMG_20191015_063305.jpg,upeneus moluccensis,0,Highly Fresh
data\mendeley\Oreochromis Niloticus - Highly Fresh\IMG_20191111_053951_2.jpg,oreochromis niloticus,0,Highly Fresh
data\mendeley\Eleutheronema Tetradactylum - Not Fresh\IMG_20191018_061748.jpg,eleutheronema tetradactylum,2,Not Fresh
data\mendeley\Johnius Trachycephalus - Highly Fresh\IMG_20191014_071107.jpg,johnius trachycephalus,0,Highly Fresh
data\mendeley\Oreochromis Niloticus - Not Fresh\IMG_20191114_055023.jpg,oreochromis niloticus,2,Not Fresh
data\mendeley\Upeneus Moluccensis - Highly Fresh\IMG_20191110_073349.jpg,upeneus moluccensis,0,Highly Fresh
data\mendeley\Oreochromis Niloticus - Highly Fresh\IMG_20190930_072451.jpg,oreochromis niloticus,0,Highly Fresh
data\mendeley\Chanos Chanos - Highly Fresh\IMG_20191110_060718.jpg,chanos chanos,0,Highly Fresh
data\mendeley\Rastrelliger Faughni - Not Fresh\IMG_20191114_061717.jpg,rastrelliger faughni,2,Not Fresh
data\mendeley\Oreochromis Mossambicus - Not Fresh\IMG_20191114_060324_1.jpg,oreochromis mossambicus,2,Not Fresh
data\mendeley\Oreochromis Mossambicus - Not Fresh\IMG_20191114_060903.jpg,oreochromis mossambicus,2,Not Fresh
data\mendeley\Eleutheronema Tetradactylum - Highly Fresh\IMG_20191015_071958.jpg,eleutheronema tetradactylum,0,Highly Fresh
data\mendeley\Oreochromis Mossambicus - Highly Fresh\IMG_20191110_055135_2.jpg,oreochromis mossambicus,0,Highly Fresh
data\mendeley\Chanos Chanos - Fresh\IMG_20191112_052358.jpg,chanos chanos,1,Fresh
data\mendeley\Upeneus Moluccensis - Not Fresh\IMG_20191115_063903.jpg,upeneus moluccensis,2,Not Fresh
data\mendeley\Oreochromis Mossambicus - Not Fresh\IMG_20191114_060133.jpg,oreochromis mossambicus,2,Not Fresh
data\mendeley\Oreochromis Mossambicus - Highly Fresh\IMG_20191110_075749.jpg,oreochromis mossambicus,0,Highly Fresh
data\mendeley\Oreochromis Niloticus - Not Fresh\IMG_20191115_054033.jpg,oreochromis niloticus,2,Not Fresh
data\mendeley\Chanos Chanos - Highly Fresh\IMG_20191111_052531.jpg,chanos chanos,0,Highly Fresh
data\mendeley\Eleutheronema Tetradactylum - Highly Fresh\IMG_20191015_071854.jpg,eleutheronema tetradactylum,0,Highly Fresh
data\mendeley\Oreochromis Mossambicus - Not Fresh\IMG_20191114_060149.jpg,oreochromis mossambicus,2,Not Fresh
data\mendeley\Upeneus Moluccensis - Fresh\IMG_20191113_062211_1.jpg,upeneus moluccensis,1,Fresh
data\mendeley\Oreochromis Niloticus - Not Fresh\IMG_20191114_055245.jpg,oreochromis niloticus,2,Not Fresh
data\mendeley\Nibea Albiflora - Not Fresh\IMG_20191115_062130.jpg,nibea albiflora,2,Not Fresh
data\mendeley\Upeneus Moluccensis - Not Fresh\IMG_20191115_063155_2.jpg,upeneus moluccensis,2,Not Fresh
data\mendeley\Upeneus Moluccensis - Fresh\IMG_20191112_060644_2.jpg,upeneus moluccensis,1,Fresh
data\mendeley\Oreochromis Niloticus - Fresh\IMG_20191112_053304.jpg,oreochromis niloticus,1,Fresh
data\mendeley\Oreochromis Mossambicus - Highly Fresh\IMG_20191111_055401_1.jpg,oreochromis mossambicus,0,Highly Fresh
data\mendeley\Chanos Chanos - Fresh\IMG_20191112_052240.jpg,chanos chanos,1,Fresh
data\mendeley\Chanos Chanos - Not Fresh\IMG_20191115_052803.jpg,chanos chanos,2,Not Fresh
data\mendeley\Oreochromis Niloticus - Not Fresh\IMG_20191115_055143_1.jpg,oreochromis niloticus,2,Not Fresh
data\mendeley\Oreochromis Mossambicus - Highly Fresh\IMG_20191111_055241.jpg,oreochromis mossambicus,0,Highly Fresh
data\mendeley\Chanos Chanos - Not Fresh\IMG_20191114_054124.jpg,chanos chanos,2,Not Fresh
data\mendeley\Oreochromis Mossambicus - Highly Fresh\IMG_20191110_055223_6.jpg,oreochromis mossambicus,0,Highly Fresh
data\mendeley\Oreochromis Niloticus - Highly Fresh\IMG_20191110_072518.jpg,oreochromis niloticus,0,Highly Fresh
data\mendeley\Chanos Chanos - Not Fresh\IMG_20191004_063512.jpg,chanos chanos,2,Not Fresh
data\mendeley\Oreochromis Niloticus - Not Fresh\IMG_20191114_055727.jpg,oreochromis niloticus,2,Not Fresh
data\mendeley\Upeneus Moluccensis - Fresh\IMG_20191112_060648_3.jpg,upeneus moluccensis,1,Fresh
data\mendeley\Oreochromis Mossambicus - Not Fresh\IMG_20191114_060903_1.jpg,oreochromis mossambicus,2,Not Fresh
data\mendeley\Oreochromis Niloticus - Fresh\IMG_20191113_054304_1.jpg,oreochromis niloticus,1,Fresh
data\mendeley\Rastrelliger Faughni - Not Fresh\IMG_20191115_061423_3.jpg,rastrelliger faughni,2,Not Fresh
data\mendeley\Rastrelliger Faughni - Not Fresh\IMG_20191114_061033.jpg,rastrelliger faughni,2,Not Fresh
data\mendeley\Oreochromis Mossambicus - Fresh\IMG_20191113_054634_1.jpg,oreochromis mossambicus,1,Fresh
data\mendeley\Chanos Chanos - Not Fresh\IMG_20191114_054219.jpg,chanos chanos,2,Not Fresh
data\mendeley\Eleutheronema Tetradactylum - Fresh\IMG_20191017_071832.jpg,eleutheronema tetradactylum,1,Fresh
data\mendeley\Oreochromis Niloticus - Highly Fresh\IMG_20190930_071842.jpg,oreochromis niloticus,0,Highly Fresh
data\mendeley\Oreochromis Mossambicus - Fresh\IMG_20191113_054558.jpg,oreochromis mossambicus,1,Fresh
data\mendeley\Oreochromis Niloticus - Highly Fresh\IMG_20191111_054019_3.jpg,oreochromis niloticus,0,Highly Fresh
data\mendeley\Nibea Albiflora -  Highly Fresh\IMG_20191111_063104.jpg,nibea albiflora,0,Highly Fresh
data\mendeley\Oreochromis Niloticus - Not Fresh\IMG_20191114_055047.jpg,oreochromis niloticus,2,Not Fresh
data\mendeley\Rastrelliger Faughni - Not Fresh\IMG_20191114_061756.jpg,rastrelliger faughni,2,Not Fresh
data\mendeley\Johnius Trachycephalus - Not Fresh\IMG_20191018_060128.jpg,johnius trachycephalus,2,Not Fresh
data\mendeley\Eleutheronema Tetradactylum - Highly Fresh\IMG_20191015_071822.jpg,eleutheronema tetradactylum,0,Highly Fresh
data\mendeley\Rastrelliger Faughni - Not Fresh\IMG_20191115_061255.jpg,rastrelliger faughni,2,Not Fresh
data\mendeley\Nibea Albiflora -  Highly Fresh\IMG_20191111_063753_2.jpg,nibea albiflora,0,Highly Fresh
data\mendeley\Rastrelliger Faughni - Fresh\IMG_20191113_060020_1.jpg,rastrelliger faughni,1,Fresh
data\mendeley\Oreochromis Niloticus - Fresh\IMG_20191112_053921_1.jpg,oreochromis niloticus,1,Fresh
data\mendeley\Rastrelliger Faughni - Not Fresh\IMG_20191019_061028.jpg,rastrelliger faughni,2,Not Fresh
data\mendeley\Rastrelliger Faughni - Fresh\IMG_20191113_060025_2.jpg,rastrelliger faughni,1,Fresh
data\mendeley\Upeneus Moluccensis - Not Fresh\IMG_20191114_064007_2.jpg,upeneus moluccensis,2,Not Fresh
data\mendeley\Rastrelliger Faughni - Fresh\IMG_20191017_064500.jpg,rastrelliger faughni,1,Fresh
data\mendeley\Rastrelliger Faughni - Highly Fresh\IMG_20191110_075320_3.jpg,rastrelliger faughni,0,Highly Fresh
data\mendeley\Nibea Albiflora - Not Fresh\IMG_20191114_062444.jpg,nibea albiflora,2,Not Fresh
data\mendeley\Oreochromis Niloticus - Fresh\IMG_20191112_053219.jpg,oreochromis niloticus,1,Fresh
data\mendeley\Upeneus Moluccensis - Highly Fresh\IMG_20191111_060949_3.jpg,upeneus moluccensis,0,Highly Fresh
data\mendeley\Nibea Albiflora -  Highly Fresh\IMG_20191110_080920.jpg,nibea albiflora,0,Highly Fresh
data\mendeley\Nibea Albiflora -  Highly Fresh\IMG_20191111_063332.jpg,nibea albiflora,0,Highly Fresh
data\mendeley\Johnius Trachycephalus - Not Fresh\IMG_20191019_062411.jpg,johnius trachycephalus,2,Not Fresh
data\mendeley\Eleutheronema Tetradactylum - Fresh\IMG_20191016_071646.jpg,eleutheronema tetradactylum,1,Fresh
data\mendeley\Nibea Albiflora -  Highly Fresh\IMG_20191111_063216.jpg,nibea albiflora,0,Highly Fresh
data\mendeley\Oreochromis Niloticus - Not Fresh\IMG_20191114_055259.jpg,oreochromis niloticus,2,Not Fresh
data\mendeley\Oreochromis Mossambicus - Highly Fresh\IMG_20191110_055235_8.jpg,oreochromis mossambicus,0,Highly Fresh
data\mendeley\Upeneus Moluccensis - Highly Fresh\IMG_20191111_060421.jpg,upeneus moluccensis,0,Highly Fresh
data\mendeley\Rastrelliger Faughni - Highly Fresh\IMG_20191111_062814_2.jpg,rastrelliger faughni,0,Highly Fresh
data\mendeley\Chanos Chanos - Fresh\IMG_20191113_052559.jpg,chanos chanos,1,Fresh
data\mendeley\Oreochromis Niloticus - Highly Fresh\IMG_20191111_054037_5.jpg,oreochromis niloticus,0,Highly Fresh
data\mendeley\Oreochromis Niloticus - Not Fresh\IMG_20191005_070747.jpg,oreochromis niloticus,2,Not Fresh
data\mendeley\Upeneus Moluccensis - Fresh\IMG_20191112_055808.jpg,upeneus moluccensis,1,Fresh
data\mendeley\Johnius Trachycephalus - Not Fresh\IMG_20191019_062726.jpg,johnius trachycephalus,2,Not Fresh
data\mendeley\Oreochromis Niloticus - Not Fresh\IMG_20191005_070704.jpg,oreochromis niloticus,2,Not Fresh
data\mendeley\Oreochromis Niloticus - Highly Fresh\IMG_20191111_054316_!.jpg,oreochromis niloticus,0,Highly Fresh
data\mendeley\Johnius Trachycephalus - Fresh\IMG_20191016_070432.jpg,johnius trachycephalus,1,Fresh
data\mendeley\Rastrelliger Faughni - Not Fresh\IMG_20191115_060911.jpg,rastrelliger faughni,2,Not Fresh
data\mendeley\Oreochromis Mossambicus - Fresh\IMG_20191113_054652_2.jpg,oreochromis mossambicus,1,Fresh
data\mendeley\Chanos Chanos - Fresh\IMG_20191112_052940.jpg,chanos chanos,1,Fresh
data\mendeley\Oreochromis Mossambicus - Highly Fresh\IMG_20191111_055534.jpg,oreochromis mossambicus,0,Highly Fresh
data\mendeley\Oreochromis Mossambicus - Not Fresh\IMG_20191115_060129.jpg,oreochromis mossambicus,2,Not Fresh
data\mendeley\Chanos Chanos - Not Fresh\IMG_20191004_064048.jpg,chanos chanos,2,Not Fresh
data\mendeley\Oreochromis Mossambicus - Fresh\IMG_20191112_054956_2.jpg,oreochromis mossambicus,1,Fresh
data\mendeley\Upeneus Moluccensis - Highly Fresh\IMG_20191015_062831.jpg,upeneus moluccensis,0,Highly Fresh
data\mendeley\Upeneus Moluccensis - Fresh\IMG_20191113_062044.jpg,upeneus moluccensis,1,Fresh
data\mendeley\Chanos Chanos - Highly Fresh\IMG_20191110_081452.jpg,chanos chanos,0,Highly Fresh
data\mendeley\Chanos Chanos - Not Fresh\IMG_20191114_054341.jpg,chanos chanos,2,Not Fresh
data\mendeley\Nibea Albiflora -  Highly Fresh\IMG_20191111_063302.jpg,nibea albiflora,0,Highly Fresh
data\mendeley\Oreochromis Mossambicus - Not Fresh\IMG_20191114_060655_1.jpg,oreochromis mossambicus,2,Not Fresh
data\mendeley\Oreochromis Mossambicus - Highly Fresh\IMG_20191110_055218_5.jpg,oreochromis mossambicus,0,Highly Fresh
data\mendeley\Upeneus Moluccensis - Fresh\IMG_20191112_060511_1.jpg,upeneus moluccensis,1,Fresh
data\mendeley\Oreochromis Niloticus - Not Fresh\IMG_20191114_055917_6.jpg,oreochromis niloticus,2,Not Fresh
data\mendeley\Oreochromis Niloticus - Fresh\IMG_20191112_053826._1jpg.jpg,oreochromis niloticus,1,Fresh
data\mendeley\Eleutheronema Tetradactylum - Highly Fresh\IMG_20191015_071241.jpg,eleutheronema tetradactylum,0,Highly Fresh
data\mendeley\Upeneus Moluccensis - Not Fresh\IMG_20191115_063819.jpg,upeneus moluccensis,2,Not Fresh
data\mendeley\Nibea Albiflora - Fresh\IMG_20191112_061218_1.jpg,nibea albiflora,1,Fresh
data\mendeley\Oreochromis Niloticus - Fresh\IMG_20191003_063851.jpg,oreochromis niloticus,1,Fresh
data\mendeley\Eleutheronema Tetradactylum - Fresh\IMG_20191017_071023.jpg,eleutheronema tetradactylum,1,Fresh
data\mendeley\Chanos Chanos - Highly Fresh\IMG_20191110_060812.jpg,chanos chanos,0,Highly Fresh
data\mendeley\Eleutheronema Tetradactylum - Not Fresh\IMG_20191019_063444.jpg,eleutheronema tetradactylum,2,Not Fresh
data\mendeley\Upeneus Moluccensis - Not Fresh\IMG_20191115_063518.jpg,upeneus moluccensis,2,Not Fresh
data\mendeley\Oreochromis Mossambicus - Not Fresh\IMG_20191114_060822.jpg,oreochromis mossambicus,2,Not Fresh
data\mendeley\Rastrelliger Faughni - Fresh\IMG_20191113_055841.jpg,rastrelliger faughni,1,Fresh
data\mendeley\Rastrelliger Faughni - Highly Fresh\IMG_20191110_075026_3.jpg,rastrelliger faughni,0,Highly Fresh
data\mendeley\Oreochromis Mossambicus - Not Fresh\IMG_20191114_060655_2.jpg,oreochromis mossambicus,2,Not Fresh
data\mendeley\Rastrelliger Faughni - Highly Fresh\IMG_20191111_061929_1.jpg,rastrelliger faughni,0,Highly Fresh
data\mendeley\Upeneus Moluccensis - Highly Fresh\IMG_20191014_064931.jpg,upeneus moluccensis,0,Highly Fresh
data\mendeley\Oreochromis Mossambicus - Not Fresh\IMG_20191115_055753.jpg,oreochromis mossambicus,2,Not Fresh
data\mendeley\Chanos Chanos - Not Fresh\IMG_20191004_063003.jpg,chanos chanos,2,Not Fresh
data\mendeley\Rastrelliger Faughni - Not Fresh\IMG_20191115_061158_2.jpg,rastrelliger faughni,2,Not Fresh
data\mendeley\Oreochromis Niloticus - Not Fresh\IMG_20191115_054341.jpg,oreochromis niloticus,2,Not Fresh
data\mendeley\Upeneus Moluccensis - Highly Fresh\IMG_20191110_061453_2.jpg,upeneus moluccensis,0,Highly Fresh
data\mendeley\Johnius Trachycephalus - Highly Fresh\IMG_20191014_071649.jpg,johnius trachycephalus,0,Highly Fresh
data\mendeley\Upeneus Moluccensis - Not Fresh\IMG_20191115_063825.jpg,upeneus moluccensis,2,Not Fresh
data\mendeley\Oreochromis Mossambicus - Fresh\IMG_20191112_055300_2.jpg,oreochromis mossambicus,1,Fresh
data\mendeley\Rastrelliger Faughni - Highly Fresh\IMG_20191110_055608_1.jpg,rastrelliger faughni,0,Highly Fresh
data\mendeley\Nibea Albiflora -  Highly Fresh\IMG_20191110_081040_3.jpg,nibea albiflora,0,Highly Fresh
data\mendeley\Eleutheronema Tetradactylum - Fresh\IMG_20191017_072208.jpg,eleutheronema tetradactylum,1,Fresh
data\mendeley\Oreochromis Mossambicus - Fresh\IMG_20191113_055227_1.jpg,oreochromis mossambicus,1,Fresh
data\mendeley\Oreochromis Mossambicus - Highly Fresh\IMG_20191110_055204_1.jpg,oreochromis mossambicus,0,Highly Fresh
data\mendeley\Oreochromis Mossambicus - Highly Fresh\IMG_20191110_055200_1.jpg,oreochromis mossambicus,0,Highly Fresh
data\mendeley\Nibea Albiflora - Fresh\IMG_20191112_061521_3.jpg,nibea albiflora,1,Fresh
data\mendeley\Chanos Chanos - Not Fresh\IMG_20191005_072247.jpg,chanos chanos,2,Not Fresh
data\mendeley\Oreochromis Mossambicus - Not Fresh\IMG_20191114_060658_1.jpg,oreochromis mossambicus,2,Not Fresh
data\mendeley\Chanos Chanos - Fresh\IMG_20191003_064256.jpg,chanos chanos,1,Fresh
data\mendeley\Oreochromis Niloticus - Not Fresh\IMG_20191005_071452.jpg,oreochromis niloticus,2,Not Fresh
data\mendeley\Upeneus Moluccensis - Fresh\IMG_20191113_062245_2.jpg,upeneus moluccensis,1,Fresh
data\mendeley\Nibea Albiflora - Fresh\IMG_20191113_060846.jpg,nibea albiflora,1,Fresh
data\mendeley\Oreochromis Niloticus - Fresh\IMG_20191112_053238.jpg,oreochromis niloticus,1,Fresh
data\mendeley\Oreochromis Niloticus - Fresh\IMG_20191002_064751.jpg,oreochromis niloticus,1,Fresh
data\mendeley\Rastrelliger Faughni - Highly Fresh\IMG_20191015_064126.jpg,rastrelliger faughni,0,Highly Fresh
data\mendeley\Johnius Trachycephalus - Fresh\IMG_20191016_070358.jpg,johnius trachycephalus,1,Fresh
data\mendeley\Chanos Chanos - Highly Fresh\IMG_20191110_060805.jpg,chanos chanos,0,Highly Fresh
data\mendeley\Rastrelliger Faughni - Not Fresh\IMG_20191114_061829_1.jpg,rastrelliger faughni,2,Not Fresh
data\mendeley\Eleutheronema Tetradactylum - Not Fresh\IMG_20191019_064532.jpg,eleutheronema tetradactylum,2,Not Fresh
data\mendeley\Oreochromis Mossambicus - Not Fresh\IMG_20191115_055948_1.jpg,oreochromis mossambicus,2,Not Fresh
data\mendeley\Eleutheronema Tetradactylum - Not Fresh\IMG_20191018_062334.jpg,eleutheronema tetradactylum,2,Not Fresh
data\mendeley\Chanos Chanos - Not Fresh\IMG_20191115_053356.jpg,chanos chanos,2,Not Fresh
data\mendeley\Nibea Albiflora - Not Fresh\IMG_20191115_061923_1.jpg,nibea albiflora,2,Not Fresh
data\mendeley\Nibea Albiflora - Not Fresh\IMG_20191114_062829.jpg,nibea albiflora,2,Not Fresh
data\mendeley\Rastrelliger Faughni - Highly Fresh\IMG_20191110_074835.jpg,rastrelliger faughni,0,Highly Fresh
data\mendeley\Oreochromis Niloticus - Fresh\IMG_20191113_054020_1.jpg,oreochromis niloticus,1,Fresh
data\mendeley\Upeneus Moluccensis - Highly Fresh\IMG_20191110_074100.jpg,upeneus moluccensis,0,Highly Fresh
data\mendeley\Upeneus Moluccensis - Fresh\IMG_20191112_060514_1.jpg,upeneus moluccensis,1,Fresh
data\mendeley\Upeneus Moluccensis - Not Fresh\IMG_20191115_064013_2.jpg,upeneus moluccensis,2,Not Fresh
data\mendeley\Oreochromis Niloticus - Highly Fresh\IMG_20191001_065016.jpg,oreochromis niloticus,0,Highly Fresh
data\mendeley\Nibea Albiflora -  Highly Fresh\IMG_20191110_080739_2.jpg,nibea albiflora,0,Highly Fresh
data\mendeley\Oreochromis Niloticus - Highly Fresh\IMG_20191111_053841.jpg,oreochromis niloticus,0,Highly Fresh
data\mendeley\Upeneus Moluccensis - Highly Fresh\IMG_20191014_064918.jpg,upeneus moluccensis,0,Highly Fresh
data\mendeley\Oreochromis Niloticus - Not Fresh\IMG_20191004_064340.jpg,oreochromis niloticus,2,Not Fresh
data\mendeley\Upeneus Moluccensis - Highly Fresh\IMG_20191111_061105_2.jpg,upeneus moluccensis,0,Highly Fresh
data\mendeley\Upeneus Moluccensis - Not Fresh\IMG_20191114_063651.jpg,upeneus moluccensis,2,Not Fresh
data\mendeley\Oreochromis Niloticus - Fresh\IMG_20191112_053932_2.jpg,oreochromis niloticus,1,Fresh
data\mendeley\Upeneus Moluccensis - Highly Fresh\IMG_20191111_061255_3.jpg,upeneus moluccensis,0,Highly Fresh
data\mendeley\Nibea Albiflora -  Highly Fresh\IMG_20191111_064200.jpg,nibea albiflora,0,Highly Fresh
data\mendeley\Oreochromis Niloticus - Fresh\IMG_20191112_053448_1.jpg,oreochromis niloticus,1,Fresh
data\mendeley\Nibea Albiflora - Fresh\IMG_20191112_061218_2.jpg,nibea albiflora,1,Fresh
data\mendeley\Nibea Albiflora - Fresh\IMG_20191113_060958.jpg,nibea albiflora,1,Fresh
data\mendeley\Chanos Chanos - Highly Fresh\IMG_20191111_052144.jpg,chanos chanos,0,Highly Fresh
data\mendeley\Upeneus Moluccensis - Highly Fresh\IMG_20191110_061128_3.jpg,upeneus moluccensis,0,Highly Fresh
data\mendeley\Upeneus Moluccensis - Fresh\IMG_20191017_062734.jpg,upeneus moluccensis,1,Fresh
data\mendeley\Oreochromis Mossambicus - Highly Fresh\IMG_20191110_075840.jpg,oreochromis mossambicus,0,Highly Fresh
data\mendeley\Chanos Chanos - Highly Fresh\IMG_20191111_052328.jpg,chanos chanos,0,Highly Fresh
data\mendeley\Upeneus Moluccensis - Not Fresh\IMG_20191115_063042.jpg,upeneus moluccensis,2,Not Fresh
data\mendeley\Chanos Chanos - Highly Fresh\IMG_20190930_071423.jpg,chanos chanos,0,Highly Fresh
data\mendeley\Oreochromis Niloticus - Fresh\IMG_20191112_053344_1.jpg,oreochromis niloticus,1,Fresh
data\mendeley\Oreochromis Niloticus - Highly Fresh\IMG_20191110_073023.jpg,oreochromis niloticus,0,Highly Fresh
data\mendeley\Oreochromis Niloticus - Not Fresh\IMG_20191005_071013.jpg,oreochromis niloticus,2,Not Fresh
data\mendeley\Oreochromis Niloticus - Fresh\IMG_20191002_064548.jpg,oreochromis niloticus,1,Fresh
data\mendeley\Eleutheronema Tetradactylum - Highly Fresh\IMG_20191015_072052.jpg,eleutheronema tetradactylum,0,Highly Fresh
data\mendeley\Oreochromis Niloticus - Highly Fresh\IMG_20191110_062116_9.jpg,oreochromis niloticus,0,Highly Fresh
data\mendeley\Upeneus Moluccensis - Not Fresh\IMG_20191114_063810.jpg,upeneus moluccensis,2,Not Fresh
data\mendeley\Upeneus Moluccensis - Not Fresh\IMG_20191115_063802.jpg,upeneus moluccensis,2,Not Fresh
data\mendeley\Rastrelliger Faughni - Fresh\IMG_20191113_055610_1.jpg,rastrelliger faughni,1,Fresh
data\mendeley\Rastrelliger Faughni - Highly Fresh\IMG_20191110_075138.jpg,rastrelliger faughni,0,Highly Fresh
data\mendeley\Rastrelliger Faughni - Fresh\IMG_20191112_063526.jpg,rastrelliger faughni,1,Fresh
data\mendeley\Oreochromis Mossambicus - Highly Fresh\IMG_20191110_075828.jpg,oreochromis mossambicus,0,Highly Fresh
data\mendeley\Upeneus Moluccensis - Not Fresh\IMG_20191114_063245.jpg,upeneus moluccensis,2,Not Fresh
data\mendeley\Upeneus Moluccensis - Not Fresh\IMG_20191114_063550.jpg,upeneus moluccensis,2,Not Fresh
data\mendeley\Nibea Albiflora - Not Fresh\IMG_20191115_062348_1.jpg,nibea albiflora,2,Not Fresh
data\mendeley\Upeneus Moluccensis - Fresh\IMG_20191113_062128.jpg,upeneus moluccensis,1,Fresh
data\mendeley\Oreochromis Niloticus - Not Fresh\IMG_20191005_070930.jpg,oreochromis niloticus,2,Not Fresh
data\mendeley\Nibea Albiflora - Not Fresh\IMG_20191114_063051.jpg,nibea albiflora,2,Not Fresh
data\mendeley\Oreochromis Niloticus - Fresh\IMG_20191113_054144.jpg,oreochromis niloticus,1,Fresh
data\mendeley\Oreochromis Mossambicus - Fresh\IMG_20191112_054427_4.jpg,oreochromis mossambicus,1,Fresh
data\mendeley\Oreochromis Mossambicus - Highly Fresh\IMG_20191110_055204_4.jpg,oreochromis mossambicus,0,Highly Fresh
data\mendeley\Chanos Chanos - Not Fresh\IMG_20191004_063948.jpg,chanos chanos,2,Not Fresh
data\mendeley\Rastrelliger Faughni - Highly Fresh\IMG_20191111_062158.jpg,rastrelliger faughni,0,Highly Fresh
data\mendeley\Oreochromis Niloticus - Highly Fresh\IMG_20191110_072725_7.jpg,oreochromis niloticus,0,Highly Fresh
data\mendeley\Oreochromis Niloticus - Not Fresh\IMG_20191114_054847.jpg,oreochromis niloticus,2,Not Fresh
data\mendeley\Chanos Chanos - Fresh\IMG_20191003_064906.jpg,chanos chanos,1,Fresh
data\mendeley\Chanos Chanos - Highly Fresh\IMG_20190930_071111.jpg,chanos chanos,0,Highly Fresh
data\mendeley\Chanos Chanos - Not Fresh\IMG_20191004_063832.jpg,chanos chanos,2,Not Fresh
data\mendeley\Nibea Albiflora -  Highly Fresh\IMG_20191111_063753_3.jpg,nibea albiflora,0,Highly Fresh
data\mendeley\Oreochromis Mossambicus - Highly Fresh\IMG_20191110_055059_4.jpg,oreochromis mossambicus,0,Highly Fresh
data\mendeley\Eleutheronema Tetradactylum - Not Fresh\IMG_20191019_063456.jpg,eleutheronema tetradactylum,2,Not Fresh
data\mendeley\Rastrelliger Faughni - Fresh\IMG_20191112_062350.jpg,rastrelliger faughni,1,Fresh
data\mendeley\Rastrelliger Faughni - Not Fresh\IMG_20191115_061326.jpg,rastrelliger faughni,2,Not Fresh
data\mendeley\Eleutheronema Tetradactylum - Highly Fresh\IMG_20191015_071927.jpg,eleutheronema tetradactylum,0,Highly Fresh
data\mendeley\Oreochromis Mossambicus - Highly Fresh\IMG_20191111_055214.jpg,oreochromis mossambicus,0,Highly Fresh
data\mendeley\Upeneus Moluccensis - Highly Fresh\IMG_20191111_061132_2.jpg,upeneus moluccensis,0,Highly Fresh
data\mendeley\Rastrelliger Faughni - Highly Fresh\IMG_20191110_075245_4.jpg,rastrelliger faughni,0,Highly Fresh
data\mendeley\Chanos Chanos - Highly Fresh\IMG_20191111_052550.jpg,chanos chanos,0,Highly Fresh
data\mendeley\Johnius Trachycephalus - Fresh\IMG_20191016_065503.jpg,johnius trachycephalus,1,Fresh
data\mendeley\Chanos Chanos - Highly Fresh\IMG_20191110_081656.jpg,chanos chanos,0,Highly Fresh
data\mendeley\Eleutheronema Tetradactylum - Fresh\IMG_20191016_072106.jpg,eleutheronema tetradactylum,1,Fresh
data\mendeley\Upeneus Moluccensis - Not Fresh\IMG_20191018_054908.jpg,upeneus moluccensis,2,Not Fresh
data\mendeley\Rastrelliger Faughni - Not Fresh\IMG_20191114_061725.jpg,rastrelliger faughni,2,Not Fresh
data\mendeley\Nibea Albiflora -  Highly Fresh\IMG_20191111_062956.jpg,nibea albiflora,0,Highly Fresh
data\mendeley\Oreochromis Niloticus - Fresh\IMG_20191112_053952_4.jpg,oreochromis niloticus,1,Fresh
data\mendeley\Nibea Albiflora - Not Fresh\IMG_20191114_063043_1.jpg,nibea albiflora,2,Not Fresh
data\mendeley\Nibea Albiflora - Not Fresh\IMG_20191114_062518_2.jpg,nibea albiflora,2,Not Fresh
data\mendeley\Johnius Trachycephalus - Not Fresh\IMG_20191019_062311.jpg,johnius trachycephalus,2,Not Fresh
data\mendeley\Rastrelliger Faughni - Highly Fresh\IMG_20191110_055529_2.jpg,rastrelliger faughni,0,Highly Fresh
data\mendeley\Johnius Trachycephalus - Fresh\IMG_20191016_065943.jpg,johnius trachycephalus,1,Fresh
data\mendeley\Chanos Chanos - Not Fresh\IMG_20191005_072205.jpg,chanos chanos,2,Not Fresh
data\mendeley\Upeneus Moluccensis - Highly Fresh\IMG_20191110_061504_3.jpg,upeneus moluccensis,0,Highly Fresh
data\mendeley\Rastrelliger Faughni - Fresh\IMG_20191112_062545.jpg,rastrelliger faughni,1,Fresh
data\mendeley\Oreochromis Niloticus - Highly Fresh\IMG_20191110_072531.jpg,oreochromis niloticus,0,Highly Fresh
data\mendeley\Chanos Chanos - Highly Fresh\IMG_20190930_070412.jpg,chanos chanos,0,Highly Fresh
data\mendeley\Oreochromis Niloticus - Highly Fresh\IMG_20191110_072703_2.jpg,oreochromis niloticus,0,Highly Fresh
data\mendeley\Rastrelliger Faughni - Highly Fresh\IMG_20191110_074946_1.jpg,rastrelliger faughni,0,Highly Fresh
data\mendeley\Oreochromis Mossambicus - Highly Fresh\IMG_20191110_075938.jpg,oreochromis mossambicus,0,Highly Fresh
data\mendeley\Eleutheronema Tetradactylum - Fresh\IMG_20191017_071055.jpg,eleutheronema tetradactylum,1,Fresh
data\mendeley\Oreochromis Niloticus - Not Fresh\IMG_20191115_054800.jpg,oreochromis niloticus,2,Not Fresh
data\mendeley\Rastrelliger Faughni - Not Fresh\IMG_20191019_060959.jpg,rastrelliger faughni,2,Not Fresh
data\mendeley\Oreochromis Niloticus - Fresh\IMG_20191002_064743.jpg,oreochromis niloticus,1,Fresh
data\mendeley\Johnius Trachycephalus - Highly Fresh\IMG_20191015_065805.jpg,johnius trachycephalus,0,Highly Fresh
data\mendeley\Rastrelliger Faughni - Not Fresh\IMG_20191019_061221.jpg,rastrelliger faughni,2,Not Fresh
data\mendeley\Upeneus Moluccensis - Not Fresh\IMG_20191115_063528.jpg,upeneus moluccensis,2,Not Fresh
data\mendeley\Upeneus Moluccensis - Fresh\IMG_20191113_061735_2.jpg,upeneus moluccensis,1,Fresh
data\mendeley\Upeneus Moluccensis - Fresh\IMG_20191112_055547.jpg,upeneus moluccensis,1,Fresh
data\mendeley\Oreochromis Mossambicus - Not Fresh\IMG_20191115_060356_5.jpg,oreochromis mossambicus,2,Not Fresh
data\mendeley\Oreochromis Niloticus - Highly Fresh\IMG_20191001_064827.jpg,oreochromis niloticus,0,Highly Fresh
data\mendeley\Nibea Albiflora -  Highly Fresh\IMG_20191111_063134_3.jpg,nibea albiflora,0,Highly Fresh
data\mendeley\Chanos Chanos - Not Fresh\IMG_20191004_063505.jpg,chanos chanos,2,Not Fresh
data\mendeley\Chanos Chanos - Highly Fresh\IMG_20191110_081259.jpg,chanos chanos,0,Highly Fresh
data\mendeley\Upeneus Moluccensis - Fresh\IMG_20191017_062252.jpg,upeneus moluccensis,1,Fresh
data\mendeley\Rastrelliger Faughni - Fresh\IMG_20191113_055636_1.jpg,rastrelliger faughni,1,Fresh
data\mendeley\Chanos Chanos - Highly Fresh\IMG_20191110_060820.jpg,chanos chanos,0,Highly Fresh
data\mendeley\Upeneus Moluccensis - Fresh\IMG_20191112_060326.jpg,upeneus moluccensis,1,Fresh
data\mendeley\Oreochromis Mossambicus - Fresh\IMG_20191112_054440_1.jpg,oreochromis mossambicus,1,Fresh
data\mendeley\Upeneus Moluccensis - Not Fresh\IMG_20191018_054522.jpg,upeneus moluccensis,2,Not Fresh
data\mendeley\Oreochromis Mossambicus - Highly Fresh\IMG_20191111_055827_2.jpg,oreochromis mossambicus,0,Highly Fresh
data\mendeley\Nibea Albiflora - Fresh\IMG_20191112_061521_1.jpg,nibea albiflora,1,Fresh
data\mendeley\Rastrelliger Faughni - Highly Fresh\IMG_20191110_074958_2.jpg,rastrelliger faughni,0,Highly Fresh
data\mendeley\Nibea Albiflora - Not Fresh\IMG_20191114_062359.jpg,nibea albiflora,2,Not Fresh
data\mendeley\Chanos Chanos - Highly Fresh\IMG_20191111_052544.jpg,chanos chanos,0,Highly Fresh
data\mendeley\Oreochromis Niloticus - Fresh\IMG_20191112_053745.jpg,oreochromis niloticus,1,Fresh
data\mendeley\Oreochromis Mossambicus - Fresh\IMG_20191113_055111_3.jpg,oreochromis mossambicus,1,Fresh
data\mendeley\Upeneus Moluccensis - Highly Fresh\IMG_20191110_061355_4.jpg,upeneus moluccensis,0,Highly Fresh
data\mendeley\Rastrelliger Faughni - Highly Fresh\IMG_20191110_075406_1.jpg,rastrelliger faughni,0,Highly Fresh
data\mendeley\Oreochromis Mossambicus - Highly Fresh\IMG_20191111_055729.jpg,oreochromis mossambicus,0,Highly Fresh
data\mendeley\Oreochromis Niloticus - Not Fresh\IMG_20191114_055445_2.jpg,oreochromis niloticus,2,Not Fresh
data\mendeley\Nibea Albiflora -  Highly Fresh\IMG_20191111_063231.jpg,nibea albiflora,0,Highly Fresh
data\mendeley\Upeneus Moluccensis - Fresh\IMG_20191017_062855.jpg,upeneus moluccensis,1,Fresh
data\mendeley\Nibea Albiflora - Not Fresh\IMG_20191114_063043_3.jpg,nibea albiflora,2,Not Fresh
data\mendeley\Oreochromis Mossambicus - Highly Fresh\IMG_20191110_055235_2.jpg,oreochromis mossambicus,0,Highly Fresh
data\mendeley\Oreochromis Niloticus - Highly Fresh\IMG_20191001_065010.jpg,oreochromis niloticus,0,Highly Fresh
data\mendeley\Nibea Albiflora - Not Fresh\IMG_20191115_062053.jpg,nibea albiflora,2,Not Fresh
data\mendeley\Oreochromis Mossambicus - Not Fresh\IMG_20191115_055353.jpg,oreochromis mossambicus,2,Not Fresh
data\mendeley\Oreochromis Niloticus - Highly Fresh\IMG_20191110_072227_3.jpg,oreochromis niloticus,0,Highly Fresh
data\mendeley\Upeneus Moluccensis - Not Fresh\IMG_20191018_054007.jpg,upeneus moluccensis,2,Not Fresh
data\mendeley\Nibea Albiflora -  Highly Fresh\IMG_20191110_080623.jpg,nibea albiflora,0,Highly Fresh
data\mendeley\Eleutheronema Tetradactylum - Highly Fresh\IMG_20191015_070833.jpg,eleutheronema tetradactylum,0,Highly Fresh
data\mendeley\Nibea Albiflora - Not Fresh\IMG_20191114_062715_1.jpg,nibea albiflora,2,Not Fresh
data\mendeley\Rastrelliger Faughni - Not Fresh\IMG_20191114_061806.jpg,rastrelliger faughni,2,Not Fresh
data\mendeley\Rastrelliger Faughni - Highly Fresh\IMG_20191111_062359.jpg,rastrelliger faughni,0,Highly Fresh
data\mendeley\Chanos Chanos - Fresh\IMG_20191002_062742.jpg,chanos chanos,1,Fresh
data\mendeley\Upeneus Moluccensis - Fresh\IMG_20191017_063114.jpg,upeneus moluccensis,1,Fresh
data\mendeley\Upeneus Moluccensis - Not Fresh\IMG_20191019_060236.jpg,upeneus moluccensis,2,Not Fresh
data\mendeley\Rastrelliger Faughni - Fresh\IMG_20191112_063446.jpg,rastrelliger faughni,1,Fresh
data\mendeley\Upeneus Moluccensis - Fresh\IMG_20191113_062505_3.jpg,upeneus moluccensis,1,Fresh
data\mendeley\Oreochromis Niloticus - Not Fresh\IMG_20191005_071421.jpg,oreochromis niloticus,2,Not Fresh
data\mendeley\Eleutheronema Tetradactylum - Fresh\IMG_20191017_071300.jpg,eleutheronema tetradactylum,1,Fresh
data\mendeley\Oreochromis Mossambicus - Highly Fresh\IMG_20191110_075938_3.jpg,oreochromis mossambicus,0,Highly Fresh
data\mendeley\Eleutheronema Tetradactylum - Highly Fresh\IMG_20191015_071428.jpg,eleutheronema tetradactylum,0,Highly Fresh
data\mendeley\Oreochromis Niloticus - Highly Fresh\IMG_20191111_054109_3.jpg,oreochromis niloticus,0,Highly Fresh
data\mendeley\Chanos Chanos - Fresh\IMG_20191003_064306.jpg,chanos chanos,1,Fresh
data\mendeley\Oreochromis Niloticus - Not Fresh\IMG_20191004_064211.jpg,oreochromis niloticus,2,Not Fresh
data\mendeley\Chanos Chanos - Fresh\IMG_20191112_051927.jpg,chanos chanos,1,Fresh
data\mendeley\Chanos Chanos - Highly Fresh\IMG_20191111_053238.jpg,chanos chanos,0,Highly Fresh
data\mendeley\Oreochromis Mossambicus - Fresh\IMG_20191113_055227_4.jpg,oreochromis mossambicus,1,Fresh
data\mendeley\Upeneus Moluccensis - Fresh\IMG_20191112_060732_1.jpg,upeneus moluccensis,1,Fresh
data\mendeley\Oreochromis Mossambicus - Highly Fresh\IMG_20191111_055041_2.jpg,oreochromis mossambicus,0,Highly Fresh
data\mendeley\Upeneus Moluccensis - Highly Fresh\IMG_20191111_060718.jpg,upeneus moluccensis,0,Highly Fresh
data\mendeley\Upeneus Moluccensis - Not Fresh\IMG_20191114_063942_3.jpg,upeneus moluccensis,2,Not Fresh
data\mendeley\Oreochromis Mossambicus - Not Fresh\IMG_20191115_055622_1.jpg,oreochromis mossambicus,2,Not Fresh
data\mendeley\Nibea Albiflora - Fresh\IMG_20191112_060919.jpg,nibea albiflora,1,Fresh
data\mendeley\Oreochromis Mossambicus - Fresh\IMG_20191112_054500_2.jpg,oreochromis mossambicus,1,Fresh
data\mendeley\Rastrelliger Faughni - Not Fresh\IMG_20191115_061338.jpg,rastrelliger faughni,2,Not Fresh
data\mendeley\Oreochromis Mossambicus - Not Fresh\IMG_20191115_055326.jpg,oreochromis mossambicus,2,Not Fresh
data\mendeley\Chanos Chanos - Not Fresh\IMG_20191005_072530.jpg,chanos chanos,2,Not Fresh
data\mendeley\Nibea Albiflora - Not Fresh\IMG_20191115_062318_2.jpg,nibea albiflora,2,Not Fresh
data\mendeley\Upeneus Moluccensis - Highly Fresh\IMG_20191111_060920_3.jpg,upeneus moluccensis,0,Highly Fresh
data\mendeley\Rastrelliger Faughni - Highly Fresh\IMG_20191111_062510_1.jpg,rastrelliger faughni,0,Highly Fresh
data\mendeley\Oreochromis Niloticus - Not Fresh\IMG_20191004_065012.jpg,oreochromis niloticus,2,Not Fresh
data\mendeley\Eleutheronema Tetradactylum - Fresh\IMG_20191016_071740.jpg,eleutheronema tetradactylum,1,Fresh
data\mendeley\Oreochromis Niloticus - Fresh\IMG_20191003_064025.jpg,oreochromis niloticus,1,Fresh
data\mendeley\Oreochromis Mossambicus - Highly Fresh\IMG_20191110_055112_8.jpg,oreochromis mossambicus,0,Highly Fresh
data\mendeley\Nibea Albiflora - Fresh\IMG_20191112_061819_1.jpg,nibea albiflora,1,Fresh
data\mendeley\Oreochromis Niloticus - Fresh\IMG_20191113_053445_3.jpg,oreochromis niloticus,1,Fresh
data\mendeley\Upeneus Moluccensis - Highly Fresh\IMG_20191111_061244_3.jpg,upeneus moluccensis,0,Highly Fresh
data\mendeley\Upeneus Moluccensis - Fresh\IMG_20191112_055518.jpg,upeneus moluccensis,1,Fresh
data\mendeley\Oreochromis Niloticus - Highly Fresh\IMG_20191110_062015_6.jpg,oreochromis niloticus,0,Highly Fresh
data\mendeley\Oreochromis Niloticus - Fresh\IMG_20191112_053738.jpg,oreochromis niloticus,1,Fresh
data\mendeley\Chanos Chanos - Not Fresh\IMG_20191004_063704.jpg,chanos chanos,2,Not Fresh
data\mendeley\Oreochromis Niloticus - Fresh\IMG_20191112_053921_2.jpg,oreochromis niloticus,1,Fresh
data\mendeley\Rastrelliger Faughni - Fresh\IMG_20191017_063637.jpg,rastrelliger faughni,1,Fresh
data\mendeley\Eleutheronema Tetradactylum - Fresh\IMG_20191017_071930.jpg,eleutheronema tetradactylum,1,Fresh
data\mendeley\Rastrelliger Faughni - Not Fresh\IMG_20191115_060821.jpg,rastrelliger faughni,2,Not Fresh
data\mendeley\Oreochromis Niloticus - Fresh\IMG_20191113_053657.jpg,oreochromis niloticus,1,Fresh
data\mendeley\Chanos Chanos - Fresh\IMG_20191003_064923.jpg,chanos chanos,1,Fresh
data\mendeley\Upeneus Moluccensis - Highly Fresh\IMG_20191111_060949_5.jpg,upeneus moluccensis,0,Highly Fresh
data\mendeley\Upeneus Moluccensis - Highly Fresh\IMG_20191110_073735.jpg,upeneus moluccensis,0,Highly Fresh
data\mendeley\Chanos Chanos - Not Fresh\IMG_20191004_063408.jpg,chanos chanos,2,Not Fresh
data\mendeley\Oreochromis Mossambicus - Highly Fresh\IMG_20191111_060000_2.jpg,oreochromis mossambicus,0,Highly Fresh
data\mendeley\Oreochromis Niloticus - Not Fresh\IMG_20191114_055118_2.jpg,oreochromis niloticus,2,Not Fresh
data\mendeley\Oreochromis Mossambicus - Highly Fresh\IMG_20191111_055253.jpg,oreochromis mossambicus,0,Highly Fresh
data\mendeley\Upeneus Moluccensis - Fresh\IMG_20191112_060256.jpg,upeneus moluccensis,1,Fresh
data\mendeley\Rastrelliger Faughni - Fresh\IMG_20191112_063514.jpg,rastrelliger faughni,1,Fresh
data\mendeley\Eleutheronema Tetradactylum - Fresh\IMG_20191016_071404.jpg,eleutheronema tetradactylum,1,Fresh
data\mendeley\Upeneus Moluccensis - Not Fresh\IMG_20191019_060008.jpg,upeneus moluccensis,2,Not Fresh
data\mendeley\Rastrelliger Faughni - Not Fresh\IMG_20191114_062208_2.jpg,rastrelliger faughni,2,Not Fresh
data\mendeley\Oreochromis Niloticus - Highly Fresh\IMG_20191110_072355_5.jpg,oreochromis niloticus,0,Highly Fresh
data\mendeley\Johnius Trachycephalus - Highly Fresh\IMG_20191015_065705.jpg,johnius trachycephalus,0,Highly Fresh
data\mendeley\Oreochromis Niloticus - Highly Fresh\IMG_20191110_072623.jpg,oreochromis niloticus,0,Highly Fresh
data\mendeley\Chanos Chanos - Not Fresh\IMG_20191004_063045.jpg,chanos chanos,2,Not Fresh
data\mendeley\Oreochromis Mossambicus - Fresh\IMG_20191112_064233_2.jpg,oreochromis mossambicus,1,Fresh
data\mendeley\Oreochromis Niloticus - Not Fresh\IMG_20191115_054800_1.jpg,oreochromis niloticus,2,Not Fresh
data\mendeley\Chanos Chanos - Fresh\IMG_20191002_063714.jpg,chanos chanos,1,Fresh
data\mendeley\Rastrelliger Faughni - Highly Fresh\IMG_20191110_055522_5.jpg,rastrelliger faughni,0,Highly Fresh
data\mendeley\Oreochromis Mossambicus - Highly Fresh\IMG_20191111_055848_1.jpg,oreochromis mossambicus,0,Highly Fresh
data\mendeley\Johnius Trachycephalus - Highly Fresh\IMG_20191014_071846.jpg,johnius trachycephalus,0,Highly Fresh
data\mendeley\Oreochromis Mossambicus - Not Fresh\IMG_20191115_060125.jpg,oreochromis mossambicus,2,Not Fresh
data\mendeley\Oreochromis Niloticus - Highly Fresh\IMG_20191110_072121.jpg,oreochromis niloticus,0,Highly Fresh
data\mendeley\Oreochromis Niloticus - Fresh\IMG_20191112_053952_2.jpg,oreochromis niloticus,1,Fresh
data\mendeley\Oreochromis Niloticus - Highly Fresh\IMG_20191110_073144_1.jpg,oreochromis niloticus,0,Highly Fresh
data\mendeley\Rastrelliger Faughni - Fresh\IMG_20191113_055610_3.jpg,rastrelliger faughni,1,Fresh
data\mendeley\Oreochromis Niloticus - Highly Fresh\IMG_20191110_073144_4.jpg,oreochromis niloticus,0,Highly Fresh
data\mendeley\Nibea Albiflora - Fresh\IMG_20191112_061437_2.jpg,nibea albiflora,1,Fresh
data\mendeley\Oreochromis Mossambicus - Highly Fresh\IMG_20191110_080200_5.jpg,oreochromis mossambicus,0,Highly Fresh
data\mendeley\Oreochromis Niloticus - Highly Fresh\IMG_20191111_053709.jpg,oreochromis niloticus,0,Highly Fresh
data\mendeley\Johnius Trachycephalus - Fresh\IMG_20191017_065436.jpg,johnius trachycephalus,1,Fresh
data\mendeley\Rastrelliger Faughni - Not Fresh\IMG_20191019_060507.jpg,rastrelliger faughni,2,Not Fresh
data\mendeley\Rastrelliger Faughni - Highly Fresh\IMG_20191014_070635.jpg,rastrelliger faughni,0,Highly Fresh
data\mendeley\Upeneus Moluccensis - Not Fresh\IMG_20191115_063930.jpg,upeneus moluccensis,2,Not Fresh
data\mendeley\Oreochromis Niloticus - Not Fresh\IMG_20191005_070827.jpg,oreochromis niloticus,2,Not Fresh
data\mendeley\Chanos Chanos - Not Fresh\IMG_20191115_053304.jpg,chanos chanos,2,Not Fresh
data\mendeley\Chanos Chanos - Highly Fresh\IMG_20190930_070459.jpg,chanos chanos,0,Highly Fresh
data\mendeley\Rastrelliger Faughni - Fresh\IMG_20191113_055644_2.jpg,rastrelliger faughni,1,Fresh
data\mendeley\Nibea Albiflora - Fresh\IMG_20191112_061441_1.jpg,nibea albiflora,1,Fresh
data\mendeley\Rastrelliger Faughni - Not Fresh\IMG_20191018_055454.jpg,rastrelliger faughni,2,Not Fresh
data\mendeley\Upeneus Moluccensis - Not Fresh\IMG_20191114_063816.jpg,upeneus moluccensis,2,Not Fresh
data\mendeley\Oreochromis Niloticus - Highly Fresh\IMG_20191110_072227_4.jpg,oreochromis niloticus,0,Highly Fresh
data\mendeley\Eleutheronema Tetradactylum - Highly Fresh\IMG_20191014_072449.jpg,eleutheronema tetradactylum,0,Highly Fresh
data\mendeley\Oreochromis Niloticus - Highly Fresh\IMG_20191111_053838.jpg,oreochromis niloticus,0,Highly Fresh
data\mendeley\Oreochromis Mossambicus - Highly Fresh\IMG_20191111_055726.jpg,oreochromis mossambicus,0,Highly Fresh
data\mendeley\Oreochromis Niloticus - Fresh\IMG_20191002_063835.jpg,oreochromis niloticus,1,Fresh
data\mendeley\Rastrelliger Faughni - Fresh\IMG_20191113_055439.jpg,rastrelliger faughni,1,Fresh
data\mendeley\Oreochromis Niloticus - Highly Fresh\IMG_20190930_072229.jpg,oreochromis niloticus,0,Highly Fresh
data\mendeley\Oreochromis Mossambicus - Not Fresh\IMG_20191114_060859_3.jpg,oreochromis mossambicus,2,Not Fresh
data\mendeley\Chanos Chanos - Fresh\IMG_20191002_063210.jpg,chanos chanos,1,Fresh
data\mendeley\Oreochromis Mossambicus - Highly Fresh\IMG_20191110_055235_7.jpg,oreochromis mossambicus,0,Highly Fresh
data\mendeley\Upeneus Moluccensis - Fresh\IMG_20191112_060233.jpg,upeneus moluccensis,1,Fresh
data\mendeley\Rastrelliger Faughni - Highly Fresh\IMG_20191110_055522_1.jpg,rastrelliger faughni,0,Highly Fresh
data\mendeley\Upeneus Moluccensis - Not Fresh\IMG_20191019_055210.jpg,upeneus moluccensis,2,Not Fresh
data\mendeley\Johnius Trachycephalus - Not Fresh\IMG_20191018_060949.jpg,johnius trachycephalus,2,Not Fresh
data\mendeley\Chanos Chanos - Fresh\IMG_20191003_065053.jpg,chanos chanos,1,Fresh
data\mendeley\Upeneus Moluccensis - Highly Fresh\IMG_20191111_060913_1.jpg,upeneus moluccensis,0,Highly Fresh
data\mendeley\Oreochromis Mossambicus - Highly Fresh\IMG_20191111_055217.jpg,oreochromis mossambicus,0,Highly Fresh
data\mendeley\Nibea Albiflora -  Highly Fresh\IMG_20191111_063332_3.jpg,nibea albiflora,0,Highly Fresh
data\mendeley\Chanos Chanos - Highly Fresh\IMG_20191001_063525.jpg,chanos chanos,0,Highly Fresh
data\mendeley\Rastrelliger Faughni - Fresh\IMG_20191112_063747_2.jpg,rastrelliger faughni,1,Fresh
data\mendeley\Nibea Albiflora -  Highly Fresh\IMG_20191111_063040.jpg,nibea albiflora,0,Highly Fresh
data\mendeley\Oreochromis Niloticus - Highly Fresh\IMG_20191110_073032.jpg,oreochromis niloticus,0,Highly Fresh
data\mendeley\Nibea Albiflora -  Highly Fresh\IMG_20191110_080728.jpg,nibea albiflora,0,Highly Fresh
data\mendeley\Chanos Chanos - Highly Fresh\IMG_20191001_062901.jpg,chanos chanos,0,Highly Fresh
data\mendeley\Chanos Chanos - Fresh\IMG_20191003_064720.jpg,chanos chanos,1,Fresh
data\mendeley\Rastrelliger Faughni - Not Fresh\IMG_20191018_055258.jpg,rastrelliger faughni,2,Not Fresh
data\mendeley\Johnius Trachycephalus - Fresh\IMG_20191016_065422.jpg,johnius trachycephalus,1,Fresh
data\mendeley\Oreochromis Mossambicus - Fresh\IMG_20191112_054812.jpg,oreochromis mossambicus,1,Fresh
data\mendeley\Johnius Trachycephalus - Highly Fresh\IMG_20191014_071941.jpg,johnius trachycephalus,0,Highly Fresh
data\mendeley\Nibea Albiflora - Fresh\IMG_20191113_061136_1.jpg,nibea albiflora,1,Fresh
data\mendeley\Eleutheronema Tetradactylum - Highly Fresh\IMG_20191014_072614.jpg,eleutheronema tetradactylum,0,Highly Fresh
data\mendeley\Oreochromis Mossambicus - Highly Fresh\IMG_20191111_05504_31.jpg,oreochromis mossambicus,0,Highly Fresh
data\mendeley\Eleutheronema Tetradactylum - Not Fresh\IMG_20191018_061359.jpg,eleutheronema tetradactylum,2,Not Fresh
data\mendeley\Upeneus Moluccensis - Not Fresh\IMG_20191115_063155_3.jpg,upeneus moluccensis,2,Not Fresh
data\mendeley\Upeneus Moluccensis - Highly Fresh\IMG_20191015_062926.jpg,upeneus moluccensis,0,Highly Fresh
data\mendeley\Chanos Chanos - Highly Fresh\IMG_20191110_081642.jpg,chanos chanos,0,Highly Fresh
data\mendeley\Chanos Chanos - Highly Fresh\IMG_20191111_052113.jpg,chanos chanos,0,Highly Fresh
data\mendeley\Oreochromis Niloticus - Fresh\IMG_20191113_054226_1.jpg,oreochromis niloticus,1,Fresh
data\mendeley\Upeneus Moluccensis - Highly Fresh\IMG_20191110_073904_6.jpg,upeneus moluccensis,0,Highly Fresh
data\mendeley\Oreochromis Mossambicus - Highly Fresh\IMG_20191110_055059_10.jpg,oreochromis mossambicus,0,Highly Fresh
data\mendeley\Rastrelliger Faughni - Not Fresh\IMG_20191018_055923.jpg,rastrelliger faughni,2,Not Fresh
data\mendeley\Oreochromis Niloticus - Fresh\IMG_20191112_053858_2.jpg,oreochromis niloticus,1,Fresh
data\mendeley\Rastrelliger Faughni - Fresh\IMG_20191112_063751_1.jpg,rastrelliger faughni,1,Fresh
data\mendeley\Upeneus Moluccensis - Fresh\IMG_20191113_062117.jpg,upeneus moluccensis,1,Fresh
data\mendeley\Chanos Chanos - Not Fresh\IMG_20191114_053911.jpg,chanos chanos,2,Not Fresh
data\mendeley\Oreochromis Mossambicus - Highly Fresh\IMG_20191110_080228_2.jpg,oreochromis mossambicus,0,Highly Fresh
data\mendeley\Oreochromis Niloticus - Fresh\IMG_20191113_053738.jpg,oreochromis niloticus,1,Fresh
data\mendeley\Upeneus Moluccensis - Fresh\IMG_20191113_062241_2.jpg,upeneus moluccensis,1,Fresh
data\mendeley\Upeneus Moluccensis - Fresh\IMG_20191016_062520.jpg,upeneus moluccensis,1,Fresh
data\mendeley\Oreochromis Niloticus - Fresh\IMG_20191113_054020.jpg,oreochromis niloticus,1,Fresh
data\mendeley\Rastrelliger Faughni - Highly Fresh\IMG_20191110_074946_2.jpg,rastrelliger faughni,0,Highly Fresh
data\mendeley\Upeneus Moluccensis - Not Fresh\IMG_20191018_054445.jpg,upeneus moluccensis,2,Not Fresh
data\mendeley\Upeneus Moluccensis - Not Fresh\IMG_20191018_054950.jpg,upeneus moluccensis,2,Not Fresh
data\mendeley\Upeneus Moluccensis - Fresh\IMG_20191112_060010_4.jpg,upeneus moluccensis,1,Fresh
data\mendeley\Nibea Albiflora - Not Fresh\IMG_20191115_062045.jpg,nibea albiflora,2,Not Fresh
data\mendeley\Rastrelliger Faughni - Highly Fresh\IMG_20191110_055620_9.jpg,rastrelliger faughni,0,Highly Fresh
data\mendeley\Oreochromis Mossambicus - Not Fresh\IMG_20191115_060356_1.jpg,oreochromis mossambicus,2,Not Fresh
data\mendeley\Upeneus Moluccensis - Highly Fresh\IMG_20191111_060155.jpg,upeneus moluccensis,0,Highly Fresh
data\mendeley\Oreochromis Mossambicus - Not Fresh\IMG_20191115_055314.jpg,oreochromis mossambicus,2,Not Fresh
data\mendeley\Nibea Albiflora -  Highly Fresh\IMG_20191110_080845.jpg,nibea albiflora,0,Highly Fresh
data\mendeley\Johnius Trachycephalus - Highly Fresh\IMG_20191014_071149.jpg,johnius trachycephalus,0,Highly Fresh
data\mendeley\Upeneus Moluccensis - Fresh\IMG_20191016_063306.jpg,upeneus moluccensis,1,Fresh
data\mendeley\Upeneus Moluccensis - Highly Fresh\IMG_20191111_061255_2.jpg,upeneus moluccensis,0,Highly Fresh
data\mendeley\Oreochromis Niloticus - Not Fresh\IMG_20191114_055753.jpg,oreochromis niloticus,2,Not Fresh
data\mendeley\Oreochromis Niloticus - Not Fresh\IMG_20191114_055917_5.jpg,oreochromis niloticus,2,Not Fresh
data\mendeley\Oreochromis Niloticus - Not Fresh\IMG_20191115_054804.jpg,oreochromis niloticus,2,Not Fresh
data\mendeley\Nibea Albiflora -  Highly Fresh\IMG_20191111_063422_4.jpg,nibea albiflora,0,Highly Fresh
data\mendeley\Oreochromis Niloticus - Fresh\IMG_20191002_064219.jpg,oreochromis niloticus,1,Fresh
data\mendeley\Upeneus Moluccensis - Not Fresh\IMG_20191018_054608.jpg,upeneus moluccensis,2,Not Fresh
data\mendeley\Upeneus Moluccensis - Not Fresh\IMG_20191018_054557.jpg,upeneus moluccensis,2,Not Fresh
data\mendeley\Oreochromis Mossambicus - Fresh\IMG_20191113_055046_2.jpg,oreochromis mossambicus,1,Fresh
data\mendeley\Oreochromis Mossambicus - Not Fresh\IMG_20191114_060206.jpg,oreochromis mossambicus,2,Not Fresh
data\mendeley\Oreochromis Niloticus - Fresh\IMG_20191003_063831.jpg,oreochromis niloticus,1,Fresh
data\mendeley\Oreochromis Mossambicus - Fresh\IMG_20191112_054703.jpg,oreochromis mossambicus,1,Fresh
data\mendeley\Upeneus Moluccensis - Fresh\IMG_20191017_062750.jpg,upeneus moluccensis,1,Fresh
data\mendeley\Oreochromis Mossambicus - Highly Fresh\IMG_20191110_055235_10.jpg,oreochromis mossambicus,0,Highly Fresh
data\mendeley\Johnius Trachycephalus - Not Fresh\IMG_20191019_062152.jpg,johnius trachycephalus,2,Not Fresh
data\mendeley\Johnius Trachycephalus - Not Fresh\IMG_20191018_060416.jpg,johnius trachycephalus,2,Not Fresh
data\mendeley\Nibea Albiflora -  Highly Fresh\IMG_20191111_064114.jpg,nibea albiflora,0,Highly Fresh
data\mendeley\Oreochromis Mossambicus - Highly Fresh\IMG_20191111_055202.jpg,oreochromis mossambicus,0,Highly Fresh
data\mendeley\Eleutheronema Tetradactylum - Not Fresh\IMG_20191018_062213.jpg,eleutheronema tetradactylum,2,Not Fresh
data\mendeley\Oreochromis Niloticus - Highly Fresh\IMG_20191110_073116_1.jpg,oreochromis niloticus,0,Highly Fresh
data\mendeley\Oreochromis Niloticus - Highly Fresh\IMG_20191110_072542.jpg,oreochromis niloticus,0,Highly Fresh
data\mendeley\Rastrelliger Faughni - Fresh\IMG_20191112_063832_1.jpg,rastrelliger faughni,1,Fresh
data\mendeley\Upeneus Moluccensis - Highly Fresh\IMG_20191110_061504_1.jpg,upeneus moluccensis,0,Highly Fresh
data\mendeley\Oreochromis Mossambicus - Fresh\IMG_20191113_055042_1.jpg,oreochromis mossambicus,1,Fresh
data\mendeley\Oreochromis Mossambicus - Highly Fresh\IMG_20191111_055336.jpg,oreochromis mossambicus,0,Highly Fresh
data\mendeley\Oreochromis Mossambicus - Not Fresh\IMG_20191115_055919.jpg,oreochromis mossambicus,2,Not Fresh
data\mendeley\Chanos Chanos - Not Fresh\IMG_20191114_054118.jpg,chanos chanos,2,Not Fresh
data\mendeley\Oreochromis Mossambicus - Not Fresh\IMG_20191114_060912_5.jpg,oreochromis mossambicus,2,Not Fresh
data\mendeley\Eleutheronema Tetradactylum - Not Fresh\IMG_20191018_061329.jpg,eleutheronema tetradactylum,2,Not Fresh
data\mendeley\Chanos Chanos - Highly Fresh\IMG_20190930_070402.jpg,chanos chanos,0,Highly Fresh
data\mendeley\Upeneus Moluccensis - Fresh\IMG_20191112_060732_7.jpg,upeneus moluccensis,1,Fresh
data\mendeley\Oreochromis Niloticus - Fresh\IMG_20191112_053201.jpg,oreochromis niloticus,1,Fresh
data\mendeley\Johnius Trachycephalus - Fresh\IMG_20191017_070055.jpg,johnius trachycephalus,1,Fresh
data\mendeley\Johnius Trachycephalus - Fresh\IMG_20191017_070222.jpg,johnius trachycephalus,1,Fresh
data\mendeley\Oreochromis Niloticus - Not Fresh\IMG_20191005_071119.jpg,oreochromis niloticus,2,Not Fresh
data\mendeley\Upeneus Moluccensis - Highly Fresh\IMG_20191015_062344.jpg,upeneus moluccensis,0,Highly Fresh
data\mendeley\Chanos Chanos - Not Fresh\IMG_20191005_071854.jpg,chanos chanos,2,Not Fresh
data\mendeley\Oreochromis Niloticus - Fresh\IMG_20191112_053414_2.jpg,oreochromis niloticus,1,Fresh
data\mendeley\Oreochromis Niloticus - Not Fresh\IMG_20191004_064412.jpg,oreochromis niloticus,2,Not Fresh
data\mendeley\Oreochromis Mossambicus - Fresh\IMG_20191112_055126_3.jpg,oreochromis mossambicus,1,Fresh
data\mendeley\Chanos Chanos - Not Fresh\IMG_20191005_072042.jpg,chanos chanos,2,Not Fresh
data\mendeley\Oreochromis Niloticus - Highly Fresh\IMG_20191110_072355_2.jpg,oreochromis niloticus,0,Highly Fresh
data\mendeley\Nibea Albiflora - Fresh\IMG_20191113_060651_2.jpg,nibea albiflora,1,Fresh
data\mendeley\Rastrelliger Faughni - Highly Fresh\IMG_20191015_064616.jpg,rastrelliger faughni,0,Highly Fresh
data\mendeley\Oreochromis Mossambicus - Fresh\IMG_20191113_054712_1.jpg,oreochromis mossambicus,1,Fresh
data\mendeley\Oreochromis Niloticus - Not Fresh\IMG_20191114_055507_1.jpg,oreochromis niloticus,2,Not Fresh
data\mendeley\Oreochromis Niloticus - Not Fresh\IMG_20191114_055721.jpg,oreochromis niloticus,2,Not Fresh
data\mendeley\Oreochromis Mossambicus - Not Fresh\IMG_20191114_060912_7.jpg,oreochromis mossambicus,2,Not Fresh
data\mendeley\Eleutheronema Tetradactylum - Highly Fresh\IMG_20191015_071620.jpg,eleutheronema tetradactylum,0,Highly Fresh
data\mendeley\Chanos Chanos - Fresh\IMG_20191112_064326.jpg,chanos chanos,1,Fresh
data\mendeley\Chanos Chanos - Not Fresh\IMG_20191004_063053.jpg,chanos chanos,2,Not Fresh
data\mendeley\Oreochromis Niloticus - Highly Fresh\IMG_20191111_054334_3.jpg,oreochromis niloticus,0,Highly Fresh
data\mendeley\Oreochromis Niloticus - Highly Fresh\IMG_20191001_064632.jpg,oreochromis niloticus,0,Highly Fresh
data\mendeley\Rastrelliger Faughni - Highly Fresh\IMG_20191110_055549_1.jpg,rastrelliger faughni,0,Highly Fresh
data\mendeley\Oreochromis Niloticus - Fresh\IMG_20191112_053153.jpg,oreochromis niloticus,1,Fresh
data\mendeley\Chanos Chanos - Not Fresh\IMG_20191005_071958.jpg,chanos chanos,2,Not Fresh
data\mendeley\Oreochromis Mossambicus - Fresh\IMG_20191112_055212_3.jpg,oreochromis mossambicus,1,Fresh
data\mendeley\Eleutheronema Tetradactylum - Fresh\IMG_20191017_072055.jpg,eleutheronema tetradactylum,1,Fresh
data\mendeley\Chanos Chanos - Highly Fresh\IMG_20191001_063050.jpg,chanos chanos,0,Highly Fresh
data\mendeley\Eleutheronema Tetradactylum - Not Fresh\IMG_20191018_061643.jpg,eleutheronema tetradactylum,2,Not Fresh
data\mendeley\Eleutheronema Tetradactylum - Not Fresh\IMG_20191018_061503.jpg,eleutheronema tetradactylum,2,Not Fresh
data\mendeley\Johnius Trachycephalus - Fresh\IMG_20191016_070710.jpg,johnius trachycephalus,1,Fresh
data\mendeley\Rastrelliger Faughni - Highly Fresh\IMG_20191111_061618.jpg,rastrelliger faughni,0,Highly Fresh
data\mendeley\Oreochromis Niloticus - Not Fresh\IMG_20191115_055002.jpg,oreochromis niloticus,2,Not Fresh
data\mendeley\Oreochromis Mossambicus - Highly Fresh\IMG_20191110_075924_4.jpg,oreochromis mossambicus,0,Highly Fresh
data\mendeley\Rastrelliger Faughni - Highly Fresh\IMG_20191111_062249_1.jpg,rastrelliger faughni,0,Highly Fresh
data\mendeley\Upeneus Moluccensis - Highly Fresh\IMG_20191111_060620.jpg,upeneus moluccensis,0,Highly Fresh
data\mendeley\Rastrelliger Faughni - Highly Fresh\IMG_20191015_064736.jpg,rastrelliger faughni,0,Highly Fresh
data\mendeley\Upeneus Moluccensis - Fresh\IMG_20191017_062427.jpg,upeneus moluccensis,1,Fresh
data\mendeley\Oreochromis Mossambicus - Fresh\IMG_20191113_054712_2.jpg,oreochromis mossambicus,1,Fresh
data\mendeley\Oreochromis Niloticus - Not Fresh\IMG_20191115_054120.jpg,oreochromis niloticus,2,Not Fresh
data\mendeley\Upeneus Moluccensis - Fresh\IMG_20191112_055749.jpg,upeneus moluccensis,1,Fresh
data\mendeley\Eleutheronema Tetradactylum - Highly Fresh\IMG_20191015_071556.jpg,eleutheronema tetradactylum,0,Highly Fresh
data\mendeley\Upeneus Moluccensis - Highly Fresh\IMG_20191110_073749.jpg,upeneus moluccensis,0,Highly Fresh
data\mendeley\Oreochromis Mossambicus - Highly Fresh\IMG_20191110_080239_3.jpg,oreochromis mossambicus,0,Highly Fresh
data\mendeley\Rastrelliger Faughni - Fresh\IMG_20191016_065125.jpg,rastrelliger faughni,1,Fresh
data\mendeley\Nibea Albiflora -  Highly Fresh\IMG_20191111_062947.jpg,nibea albiflora,0,Highly Fresh
data\mendeley\Upeneus Moluccensis - Highly Fresh\IMG_20191110_074133.jpg,upeneus moluccensis,0,Highly Fresh
data\mendeley\Eleutheronema Tetradactylum - Fresh\IMG_20191017_071747.jpg,eleutheronema tetradactylum,1,Fresh
data\mendeley\Chanos Chanos - Fresh\IMG_20191003_064157.jpg,chanos chanos,1,Fresh
data\mendeley\Chanos Chanos - Fresh\IMG_20191002_063040.jpg,chanos chanos,1,Fresh
data\mendeley\Nibea Albiflora - Fresh\IMG_20191112_061819_3.jpg,nibea albiflora,1,Fresh
data\mendeley\Oreochromis Mossambicus - Highly Fresh\IMG_20191110_055230.jpg,oreochromis mossambicus,0,Highly Fresh
data\mendeley\Oreochromis Niloticus - Highly Fresh\IMG_20190930_071759.jpg,oreochromis niloticus,0,Highly Fresh
data\mendeley\Oreochromis Niloticus - Fresh\IMG_20191113_054245.jpg,oreochromis niloticus,1,Fresh
data\mendeley\Oreochromis Mossambicus - Highly Fresh\IMG_20191111_055445_1.jpg,oreochromis mossambicus,0,Highly Fresh
data\mendeley\Oreochromis Niloticus - Highly Fresh\IMG_20191110_062139_2.jpg,oreochromis niloticus,0,Highly Fresh
data\mendeley\Upeneus Moluccensis - Highly Fresh\IMG_20191015_062505.jpg,upeneus moluccensis,0,Highly Fresh
data\mendeley\Eleutheronema Tetradactylum - Not Fresh\IMG_20191019_063924.jpg,eleutheronema tetradactylum,2,Not Fresh
data\mendeley\Nibea Albiflora - Not Fresh\IMG_20191115_062149.jpg,nibea albiflora,2,Not Fresh
data\mendeley\Oreochromis Niloticus - Fresh\IMG_20191112_053826.jpg,oreochromis niloticus,1,Fresh
data\mendeley\Upeneus Moluccensis - Highly Fresh\IMG_20191111_060920_1.jpg,upeneus moluccensis,0,Highly Fresh
data\mendeley\Rastrelliger Faughni - Highly Fresh\IMG_20191110_074958_3.jpg,rastrelliger faughni,0,Highly Fresh
data\mendeley\Oreochromis Mossambicus - Not Fresh\IMG_20191114_060407_2.jpg,oreochromis mossambicus,2,Not Fresh
data\mendeley\Nibea Albiflora - Fresh\IMG_20191112_060959.jpg,nibea albiflora,1,Fresh
data\mendeley\Upeneus Moluccensis - Highly Fresh\IMG_20191110_073843_3.jpg,upeneus moluccensis,0,Highly Fresh
data\mendeley\Johnius Trachycephalus - Highly Fresh\IMG_20191014_070914.jpg,johnius trachycephalus,0,Highly Fresh
data\mendeley\Upeneus Moluccensis - Fresh\IMG_20191112_064120_1.jpg,upeneus moluccensis,1,Fresh
data\mendeley\Johnius Trachycephalus - Highly Fresh\IMG_20191014_071333.jpg,johnius trachycephalus,0,Highly Fresh
data\mendeley\Oreochromis Niloticus - Fresh\IMG_20191112_053655.jpg,oreochromis niloticus,1,Fresh
data\mendeley\Upeneus Moluccensis - Highly Fresh\IMG_20191110_074204.jpg,upeneus moluccensis,0,Highly Fresh
data\mendeley\Oreochromis Mossambicus - Highly Fresh\IMG_20191110_080200_2.jpg,oreochromis mossambicus,0,Highly Fresh
data\mendeley\Oreochromis Niloticus - Highly Fresh\IMG_20191001_064102.jpg,oreochromis niloticus,0,Highly Fresh
data\mendeley\Oreochromis Niloticus - Fresh\IMG_20191003_063353.jpg,oreochromis niloticus,1,Fresh
data\mendeley\Upeneus Moluccensis - Highly Fresh\IMG_20191111_061316_6.jpg,upeneus moluccensis,0,Highly Fresh
data\mendeley\Rastrelliger Faughni - Fresh\IMG_20191017_064358.jpg,rastrelliger faughni,1,Fresh
data\mendeley\Chanos Chanos - Highly Fresh\IMG_20190930_070621.jpg,chanos chanos,0,Highly Fresh
data\mendeley\Oreochromis Mossambicus - Fresh\IMG_20191112_054208.jpg,oreochromis mossambicus,1,Fresh
data\mendeley\Upeneus Moluccensis - Not Fresh\IMG_20191115_062736.jpg,upeneus moluccensis,2,Not Fresh
data\mendeley\Oreochromis Niloticus - Not Fresh\IMG_20191115_054533_4.jpg,oreochromis niloticus,2,Not Fresh
data\mendeley\Oreochromis Niloticus - Highly Fresh\IMG_20190930_072257.jpg,oreochromis niloticus,0,Highly Fresh
data\mendeley\Oreochromis Mossambicus - Not Fresh\IMG_20191114_060422_2.jpg,oreochromis mossambicus,2,Not Fresh
data\mendeley\Upeneus Moluccensis - Not Fresh\IMG_20191018_054407.jpg,upeneus moluccensis,2,Not Fresh
data\mendeley\Rastrelliger Faughni - Not Fresh\IMG_20191018_055714.jpg,rastrelliger faughni,2,Not Fresh
data\mendeley\Johnius Trachycephalus - Highly Fresh\IMG_20191015_065259.jpg,johnius trachycephalus,0,Highly Fresh
data\mendeley\Johnius Trachycephalus - Fresh\IMG_20191016_070407.jpg,johnius trachycephalus,1,Fresh
data\mendeley\Rastrelliger Faughni - Fresh\IMG_20191113_055540_1.jpg,rastrelliger faughni,1,Fresh
data\mendeley\Oreochromis Mossambicus - Not Fresh\IMG_20191114_060554.jpg,oreochromis mossambicus,2,Not Fresh
data\mendeley\Nibea Albiflora - Fresh\IMG_20191112_061537_2.jpg,nibea albiflora,1,Fresh
data\mendeley\Oreochromis Mossambicus - Highly Fresh\IMG_20191110_080200.jpg,oreochromis mossambicus,0,Highly Fresh
data\mendeley\Oreochromis Niloticus - Not Fresh\IMG_20191004_064942.jpg,oreochromis niloticus,2,Not Fresh
data\mendeley\Oreochromis Mossambicus - Not Fresh\IMG_20191114_060247.jpg,oreochromis mossambicus,2,Not Fresh
data\mendeley\Chanos Chanos - Fresh\IMG_20191113_052412.jpg,chanos chanos,1,Fresh
data\mendeley\Chanos Chanos - Not Fresh\IMG_20191115_053729.jpg,chanos chanos,2,Not Fresh
data\mendeley\Upeneus Moluccensis - Fresh\IMG_20191112_060732_2.jpg,upeneus moluccensis,1,Fresh
data\mendeley\Oreochromis Mossambicus - Highly Fresh\IMG_20191111_055019.jpg,oreochromis mossambicus,0,Highly Fresh
data\mendeley\Eleutheronema Tetradactylum - Fresh\IMG_20191016_071200.jpg,eleutheronema tetradactylum,1,Fresh
data\mendeley\Oreochromis Niloticus - Fresh\IMG_20191113_054144_3.jpg,oreochromis niloticus,1,Fresh
data\mendeley\Upeneus Moluccensis - Highly Fresh\IMG_20191110_074238_3.jpg,upeneus moluccensis,0,Highly Fresh
data\mendeley\Upeneus Moluccensis - Fresh\IMG_20191112_060331.jpg,upeneus moluccensis,1,Fresh
data\mendeley\Oreochromis Niloticus - Highly Fresh\IMG_20191110_072522.jpg,oreochromis niloticus,0,Highly Fresh
data\mendeley\Upeneus Moluccensis - Fresh\IMG_20191017_062536.jpg,upeneus moluccensis,1,Fresh
data\mendeley\Oreochromis Niloticus - Not Fresh\IMG_20191114_055826.jpg,oreochromis niloticus,2,Not Fresh
data\mendeley\Chanos Chanos - Highly Fresh\IMG_20191110_060656.jpg,chanos chanos,0,Highly Fresh
data\mendeley\Oreochromis Mossambicus - Fresh\IMG_20191113_054723_1.jpg,oreochromis mossambicus,1,Fresh
data\mendeley\Chanos Chanos - Highly Fresh\IMG_20191001_063316.jpg,chanos chanos,0,Highly Fresh
data\mendeley\Nibea Albiflora - Fresh\IMG_20191112_061343.jpg,nibea albiflora,1,Fresh
data\mendeley\Oreochromis Mossambicus - Fresh\IMG_20191112_054323.jpg,oreochromis mossambicus,1,Fresh
data\mendeley\Oreochromis Niloticus - Fresh\IMG_20191003_063559.jpg,oreochromis niloticus,1,Fresh
data\mendeley\Oreochromis Niloticus - Highly Fresh\IMG_20191111_054527_3.jpg,oreochromis niloticus,0,Highly Fresh
data\mendeley\Oreochromis Niloticus - Fresh\IMG_20191112_053854_1.jpg,oreochromis niloticus,1,Fresh
data\mendeley\Upeneus Moluccensis - Not Fresh\IMG_20191018_054259.jpg,upeneus moluccensis,2,Not Fresh
data\mendeley\Upeneus Moluccensis - Not Fresh\IMG_20191018_054723.jpg,upeneus moluccensis,2,Not Fresh
data\mendeley\Nibea Albiflora - Not Fresh\IMG_20191115_061820.jpg,nibea albiflora,2,Not Fresh
data\mendeley\Upeneus Moluccensis - Highly Fresh\IMG_20191111_060853_2.jpg,upeneus moluccensis,0,Highly Fresh
data\mendeley\Nibea Albiflora - Fresh\IMG_20191112_061537_3.jpg,nibea albiflora,1,Fresh
data\mendeley\Oreochromis Mossambicus - Not Fresh\IMG_20191115_055836.jpg,oreochromis mossambicus,2,Not Fresh
data\mendeley\Rastrelliger Faughni - Highly Fresh\IMG_20191111_062441_1.jpg,rastrelliger faughni,0,Highly Fresh
data\mendeley\Oreochromis Niloticus - Highly Fresh\IMG_20191110_072959.jpg,oreochromis niloticus,0,Highly Fresh
data\mendeley\Chanos Chanos - Fresh\IMG_20191112_052006.jpg,chanos chanos,1,Fresh
data\mendeley\Upeneus Moluccensis - Not Fresh\IMG_20191114_063942_1.jpg,upeneus moluccensis,2,Not Fresh
data\mendeley\Oreochromis Mossambicus - Not Fresh\IMG_20191114_060850_1.jpg,oreochromis mossambicus,2,Not Fresh
data\mendeley\Rastrelliger Faughni - Highly Fresh\IMG_20191110_055533_1.jpg,rastrelliger faughni,0,Highly Fresh
data\mendeley\Chanos Chanos - Not Fresh\IMG_20191115_052830.jpg,chanos chanos,2,Not Fresh
data\mendeley\Eleutheronema Tetradactylum - Fresh\IMG_20191017_071601.jpg,eleutheronema tetradactylum,1,Fresh
data\mendeley\Rastrelliger Faughni - Highly Fresh\IMG_20191110_055608_7.jpg,rastrelliger faughni,0,Highly Fresh
data\mendeley\Oreochromis Mossambicus - Highly Fresh\IMG_20191111_055422_2.jpg,oreochromis mossambicus,0,Highly Fresh
data\mendeley\Rastrelliger Faughni - Not Fresh\IMG_20191114_061612_3.jpg,rastrelliger faughni,2,Not Fresh
data\mendeley\Chanos Chanos - Not Fresh\IMG_20191004_063822.jpg,chanos chanos,2,Not Fresh
data\mendeley\Oreochromis Mossambicus - Highly Fresh\IMG_20191110_055112_4.jpg,oreochromis mossambicus,0,Highly Fresh
data\mendeley\Oreochromis Niloticus - Fresh\IMG_20191112_053357_1.jpg,oreochromis niloticus,1,Fresh
data\mendeley\Chanos Chanos - Fresh\IMG_20191112_052757.jpg,chanos chanos,1,Fresh
data\mendeley\Eleutheronema Tetradactylum - Fresh\IMG_20191016_071218.jpg,eleutheronema tetradactylum,1,Fresh
data\mendeley\Upeneus Moluccensis - Not Fresh\IMG_20191115_063113_1.jpg,upeneus moluccensis,2,Not Fresh
data\mendeley\Oreochromis Niloticus - Fresh\IMG_20191112_053414.jpg,oreochromis niloticus,1,Fresh
data\mendeley\Oreochromis Niloticus - Highly Fresh\IMG_20191111_054037_2.jpg,oreochromis niloticus,0,Highly Fresh
data\mendeley\Oreochromis Mossambicus - Highly Fresh\IMG_20191111_055445_6.jpg,oreochromis mossambicus,0,Highly Fresh
data\mendeley\Upeneus Moluccensis - Highly Fresh\IMG_20191110_074218_3.jpg,upeneus moluccensis,0,Highly Fresh
data\mendeley\Rastrelliger Faughni - Highly Fresh\IMG_20191014_070156.jpg,rastrelliger faughni,0,Highly Fresh
data\mendeley\Upeneus Moluccensis - Highly Fresh\IMG_20191015_063237.jpg,upeneus moluccensis,0,Highly Fresh
data\mendeley\Oreochromis Mossambicus - Highly Fresh\IMG_20191110_055218_2.jpg,oreochromis mossambicus,0,Highly Fresh
data\mendeley\Rastrelliger Faughni - Highly Fresh\IMG_20191111_062228_1.jpg,rastrelliger faughni,0,Highly Fresh
data\mendeley\Chanos Chanos - Not Fresh\IMG_20191004_063621.jpg,chanos chanos,2,Not Fresh
data\mendeley\Upeneus Moluccensis - Not Fresh\IMG_20191018_053955.jpg,upeneus moluccensis,2,Not Fresh
data\mendeley\Rastrelliger Faughni - Fresh\IMG_20191112_063523.jpg,rastrelliger faughni,1,Fresh
data\mendeley\Nibea Albiflora - Fresh\IMG_20191112_061657_1.jpg,nibea albiflora,1,Fresh
data\mendeley\Oreochromis Mossambicus - Highly Fresh\IMG_20191110_080200_1.jpg,oreochromis mossambicus,0,Highly Fresh
data\mendeley\Oreochromis Mossambicus - Not Fresh\IMG_20191115_060026_2.jpg,oreochromis mossambicus,2,Not Fresh
data\mendeley\Chanos Chanos - Fresh\IMG_20191002_063623.jpg,chanos chanos,1,Fresh
data\mendeley\Nibea Albiflora - Fresh\IMG_20191113_061050_3.jpg,nibea albiflora,1,Fresh
data\mendeley\Chanos Chanos - Fresh\IMG_20191113_052419.jpg,chanos chanos,1,Fresh
data\mendeley\Chanos Chanos - Fresh\IMG_20191112_051805.jpg,chanos chanos,1,Fresh
data\mendeley\Rastrelliger Faughni - Not Fresh\IMG_20191114_061216.jpg,rastrelliger faughni,2,Not Fresh
data\mendeley\Chanos Chanos - Not Fresh\IMG_20191115_053401.jpg,chanos chanos,2,Not Fresh
data\mendeley\Rastrelliger Faughni - Fresh\IMG_20191113_055821.jpg,rastrelliger faughni,1,Fresh
data\mendeley\Eleutheronema Tetradactylum - Fresh\IMG_20191016_071535.jpg,eleutheronema tetradactylum,1,Fresh
data\mendeley\Nibea Albiflora -  Highly Fresh\IMG_20191110_080608.jpg,nibea albiflora,0,Highly Fresh
data\mendeley\Oreochromis Niloticus - Not Fresh\IMG_20191115_054617.jpg,oreochromis niloticus,2,Not Fresh
data\mendeley\Johnius Trachycephalus - Not Fresh\IMG_20191018_060525.jpg,johnius trachycephalus,2,Not Fresh
data\mendeley\Eleutheronema Tetradactylum - Not Fresh\IMG_20191018_061258.jpg,eleutheronema tetradactylum,2,Not Fresh
data\mendeley\Oreochromis Mossambicus - Fresh\IMG_20191112_055300_5.jpg,oreochromis mossambicus,1,Fresh
data\mendeley\Upeneus Moluccensis - Highly Fresh\IMG_20191110_074320_4.jpg,upeneus moluccensis,0,Highly Fresh
data\mendeley\Rastrelliger Faughni - Highly Fresh\IMG_20191015_064446.jpg,rastrelliger faughni,0,Highly Fresh
data\mendeley\Oreochromis Mossambicus - Fresh\IMG_20191113_054732_1.jpg,oreochromis mossambicus,1,Fresh
data\mendeley\Oreochromis Niloticus - Not Fresh\IMG_20191114_055804_2.jpg,oreochromis niloticus,2,Not Fresh
data\mendeley\Oreochromis Mossambicus - Not Fresh\IMG_20191114_060313_1.jpg,oreochromis mossambicus,2,Not Fresh
data\mendeley\Oreochromis Niloticus - Not Fresh\IMG_20191005_070528.jpg,oreochromis niloticus,2,Not Fresh
data\mendeley\Oreochromis Niloticus - Fresh\IMG_20191003_063425.jpg,oreochromis niloticus,1,Fresh
data\mendeley\Rastrelliger Faughni - Fresh\IMG_20191113_055432.jpg,rastrelliger faughni,1,Fresh
data\mendeley\Chanos Chanos - Highly Fresh\IMG_20191110_081640.jpg,chanos chanos,0,Highly Fresh
data\mendeley\Johnius Trachycephalus - Highly Fresh\IMG_20191014_070859.jpg,johnius trachycephalus,0,Highly Fresh
data\mendeley\Nibea Albiflora -  Highly Fresh\IMG_20191110_080800_4.jpg,nibea albiflora,0,Highly Fresh
data\mendeley\Oreochromis Niloticus - Highly Fresh\IMG_20191110_072417_1.jpg,oreochromis niloticus,0,Highly Fresh
data\mendeley\Oreochromis Niloticus - Not Fresh\IMG_20191115_054150.jpg,oreochromis niloticus,2,Not Fresh
data\mendeley\Oreochromis Niloticus - Highly Fresh\IMG_20191110_071601.jpg,oreochromis niloticus,0,Highly Fresh
data\mendeley\Rastrelliger Faughni - Not Fresh\IMG_20191114_062115_2.jpg,rastrelliger faughni,2,Not Fresh
data\mendeley\Upeneus Moluccensis - Highly Fresh\IMG_20191110_061453_3.jpg,upeneus moluccensis,0,Highly Fresh
data\mendeley\Upeneus Moluccensis - Highly Fresh\IMG_20191110_061134_4.jpg,upeneus moluccensis,0,Highly Fresh
data\mendeley\Rastrelliger Faughni - Highly Fresh\IMG_20191015_064949.jpg,rastrelliger faughni,0,Highly Fresh
data\mendeley\Johnius Trachycephalus - Highly Fresh\IMG_20191015_065422.jpg,johnius trachycephalus,0,Highly Fresh
data\mendeley\Oreochromis Mossambicus - Highly Fresh\IMG_20191111_055530.jpg,oreochromis mossambicus,0,Highly Fresh
data\mendeley\Rastrelliger Faughni - Fresh\IMG_20191112_062741_2.jpg,rastrelliger faughni,1,Fresh
data\mendeley\Rastrelliger Faughni - Highly Fresh\IMG_20191110_075147.jpg,rastrelliger faughni,0,Highly Fresh
data\mendeley\Upeneus Moluccensis - Fresh\IMG_20191112_060249.jpg,upeneus moluccensis,1,Fresh
data\mendeley\Rastrelliger Faughni - Not Fresh\IMG_20191018_055659.jpg,rastrelliger faughni,2,Not Fresh
data\mendeley\Chanos Chanos - Highly Fresh\IMG_20191111_052124.jpg,chanos chanos,0,Highly Fresh
data\mendeley\Chanos Chanos - Not Fresh\IMG_20191004_063115.jpg,chanos chanos,2,Not Fresh
data\mendeley\Oreochromis Mossambicus - Highly Fresh\IMG_20191110_055218_4.jpg,oreochromis mossambicus,0,Highly Fresh
data\mendeley\Oreochromis Niloticus - Fresh\IMG_20191113_054058_2.jpg,oreochromis niloticus,1,Fresh
data\mendeley\Johnius Trachycephalus - Fresh\IMG_20191017_070444.jpg,johnius trachycephalus,1,Fresh
data\mendeley\Upeneus Moluccensis - Not Fresh\IMG_20191018_054919.jpg,upeneus moluccensis,2,Not Fresh
data\mendeley\Oreochromis Niloticus - Highly Fresh\IMG_20191110_073128_5.jpg,oreochromis niloticus,0,Highly Fresh
data\mendeley\Oreochromis Mossambicus - Highly Fresh\IMG_20191111_055900_3.jpg,oreochromis mossambicus,0,Highly Fresh
data\mendeley\Chanos Chanos - Highly Fresh\IMG_20190930_070508.jpg,chanos chanos,0,Highly Fresh
data\mendeley\Nibea Albiflora -  Highly Fresh\IMG_20191111_063008.jpg,nibea albiflora,0,Highly Fresh
data\mendeley\Upeneus Moluccensis - Not Fresh\IMG_20191114_063629_3.jpg,upeneus moluccensis,2,Not Fresh
data\mendeley\Eleutheronema Tetradactylum - Highly Fresh\IMG_20191014_072129.jpg,eleutheronema tetradactylum,0,Highly Fresh
data\mendeley\Rastrelliger Faughni - Fresh\IMG_20191113_055324.jpg,rastrelliger faughni,1,Fresh
data\mendeley\Rastrelliger Faughni - Not Fresh\IMG_20191018_055410.jpg,rastrelliger faughni,2,Not Fresh
data\mendeley\Chanos Chanos - Not Fresh\IMG_20191004_063606.jpg,chanos chanos,2,Not Fresh
data\mendeley\Oreochromis Mossambicus - Highly Fresh\IMG_20191110_055135_3.jpg,oreochromis mossambicus,0,Highly Fresh
data\mendeley\Nibea Albiflora - Fresh\IMG_20191112_061729_2.jpg,nibea albiflora,1,Fresh
data\mendeley\Upeneus Moluccensis - Fresh\IMG_20191017_062057.jpg,upeneus moluccensis,1,Fresh
data\mendeley\Rastrelliger Faughni - Highly Fresh\IMG_20191110_055538_1.jpg,rastrelliger faughni,0,Highly Fresh
data\mendeley\Oreochromis Niloticus - Fresh\IMG_20191002_063956.jpg,oreochromis niloticus,1,Fresh
data\mendeley\Oreochromis Niloticus - Highly Fresh\IMG_20190930_072128.jpg,oreochromis niloticus,0,Highly Fresh
data\mendeley\Oreochromis Niloticus - Not Fresh\IMG_20191115_055047.jpg,oreochromis niloticus,2,Not Fresh
data\mendeley\Johnius Trachycephalus - Fresh\IMG_20191017_070543.jpg,johnius trachycephalus,1,Fresh
data\mendeley\Nibea Albiflora - Fresh\IMG_20191112_060848.jpg,nibea albiflora,1,Fresh
data\mendeley\Eleutheronema Tetradactylum - Not Fresh\IMG_20191019_063558.jpg,eleutheronema tetradactylum,2,Not Fresh
data\mendeley\Eleutheronema Tetradactylum - Not Fresh\IMG_20191019_063620.jpg,eleutheronema tetradactylum,2,Not Fresh
data\mendeley\Nibea Albiflora - Not Fresh\IMG_20191115_062410.jpg,nibea albiflora,2,Not Fresh
data\mendeley\Oreochromis Niloticus - Highly Fresh\IMG_20191110_072725_6.jpg,oreochromis niloticus,0,Highly Fresh
data\mendeley\Chanos Chanos - Not Fresh\IMG_20191005_071811.jpg,chanos chanos,2,Not Fresh
data\mendeley\Rastrelliger Faughni - Not Fresh\IMG_20191114_062029.jpg,rastrelliger faughni,2,Not Fresh
data\mendeley\Johnius Trachycephalus - Not Fresh\IMG_20191018_060900.jpg,johnius trachycephalus,2,Not Fresh
data\mendeley\Rastrelliger Faughni - Fresh\IMG_20191112_062732_1.jpg,rastrelliger faughni,1,Fresh
data\mendeley\Rastrelliger Faughni - Highly Fresh\IMG_20191110_055608_6.jpg,rastrelliger faughni,0,Highly Fresh
data\mendeley\Chanos Chanos - Not Fresh\IMG_20191005_072618.jpg,chanos chanos,2,Not Fresh
data\mendeley\Nibea Albiflora - Fresh\IMG_20191112_061136_3.jpg,nibea albiflora,1,Fresh
data\mendeley\Oreochromis Mossambicus - Not Fresh\IMG_20191114_060142.jpg,oreochromis mossambicus,2,Not Fresh
data\mendeley\Nibea Albiflora -  Highly Fresh\IMG_20191110_080716.jpg,nibea albiflora,0,Highly Fresh
data\mendeley\Oreochromis Mossambicus - Not Fresh\IMG_20191114_060034.jpg,oreochromis mossambicus,2,Not Fresh
data\mendeley\Chanos Chanos - Fresh\IMG_20191113_052249.jpg,chanos chanos,1,Fresh
data\mendeley\Oreochromis Niloticus - Fresh\IMG_20191112_054101_6.jpg,oreochromis niloticus,1,Fresh
data\mendeley\Rastrelliger Faughni - Highly Fresh\IMG_20191111_061841.jpg,rastrelliger faughni,0,Highly Fresh
data\mendeley\Rastrelliger Faughni - Not Fresh\IMG_20191019_061056.jpg,rastrelliger faughni,2,Not Fresh
data\mendeley\Upeneus Moluccensis - Highly Fresh\IMG_20191015_062529.jpg,upeneus moluccensis,0,Highly Fresh
data\mendeley\Rastrelliger Faughni - Highly Fresh\IMG_20191014_070727.jpg,rastrelliger faughni,0,Highly Fresh
data\mendeley\Oreochromis Niloticus - Fresh\IMG_20191003_063938.jpg,oreochromis niloticus,1,Fresh
data\mendeley\Eleutheronema Tetradactylum - Not Fresh\IMG_20191018_061207.jpg,eleutheronema tetradactylum,2,Not Fresh
data\mendeley\Chanos Chanos - Highly Fresh\IMG_20191001_062811.jpg,chanos chanos,0,Highly Fresh
data\mendeley\Rastrelliger Faughni - Not Fresh\IMG_20191115_060716.jpg,rastrelliger faughni,2,Not Fresh
data\mendeley\Upeneus Moluccensis - Fresh\IMG_20191016_062651.jpg,upeneus moluccensis,1,Fresh
data\mendeley\Johnius Trachycephalus - Highly Fresh\IMG_20191015_070229.jpg,johnius trachycephalus,0,Highly Fresh
data\mendeley\Rastrelliger Faughni - Highly Fresh\IMG_20191110_074958_1.jpg,rastrelliger faughni,0,Highly Fresh
data\mendeley\Chanos Chanos - Not Fresh\IMG_20191115_053002.jpg,chanos chanos,2,Not Fresh
data\mendeley\Chanos Chanos - Not Fresh\IMG_20191005_072736.jpg,chanos chanos,2,Not Fresh
data\mendeley\Oreochromis Niloticus - Highly Fresh\IMG_20191110_072801_1.jpg,oreochromis niloticus,0,Highly Fresh
data\mendeley\Nibea Albiflora - Not Fresh\IMG_20191114_062321.jpg,nibea albiflora,2,Not Fresh
data\mendeley\Chanos Chanos - Highly Fresh\IMG_20191111_052153.jpg,chanos chanos,0,Highly Fresh
data\mendeley\Upeneus Moluccensis - Highly Fresh\IMG_20191015_063357.jpg,upeneus moluccensis,0,Highly Fresh
data\mendeley\Johnius Trachycephalus - Highly Fresh\IMG_20191014_071458.jpg,johnius trachycephalus,0,Highly Fresh
data\mendeley\Oreochromis Niloticus - Highly Fresh\IMG_20191111_053951_.jpg,oreochromis niloticus,0,Highly Fresh
data\mendeley\Rastrelliger Faughni - Not Fresh\IMG_20191114_062208_1.jpg,rastrelliger faughni,2,Not Fresh
data\mendeley\Upeneus Moluccensis - Not Fresh\IMG_20191114_063234.jpg,upeneus moluccensis,2,Not Fresh
data\mendeley\Chanos Chanos - Fresh\IMG_20191003_064707.jpg,chanos chanos,1,Fresh
data\mendeley\Upeneus Moluccensis - Not Fresh\IMG_20191019_055014.jpg,upeneus moluccensis,2,Not Fresh
data\mendeley\Rastrelliger Faughni - Highly Fresh\IMG_20191111_062345_1.jpg,rastrelliger faughni,0,Highly Fresh
data\mendeley\Chanos Chanos - Highly Fresh\IMG_20190930_070446.jpg,chanos chanos,0,Highly Fresh
data\mendeley\Rastrelliger Faughni - Fresh\IMG_20191113_055553_1.jpg,rastrelliger faughni,1,Fresh
data\mendeley\Oreochromis Niloticus - Highly Fresh\IMG_20190930_071945.jpg,oreochromis niloticus,0,Highly Fresh
data\mendeley\Oreochromis Mossambicus - Highly Fresh\IMG_20191110_080218_1.jpg,oreochromis mossambicus,0,Highly Fresh
data\mendeley\Rastrelliger Faughni - Highly Fresh\IMG_20191110_055554_4.jpg,rastrelliger faughni,0,Highly Fresh
data\mendeley\Oreochromis Mossambicus - Not Fresh\IMG_20191115_060101.jpg,oreochromis mossambicus,2,Not Fresh
data\mendeley\Chanos Chanos - Not Fresh\IMG_20191115_052746.jpg,chanos chanos,2,Not Fresh
data\mendeley\Oreochromis Mossambicus - Not Fresh\IMG_20191114_060624.jpg,oreochromis mossambicus,2,Not Fresh
data\mendeley\Oreochromis Niloticus - Highly Fresh\IMG_20191110_061959_5.jpg,oreochromis niloticus,0,Highly Fresh
data\mendeley\Upeneus Moluccensis - Fresh\IMG_20191016_062556.jpg,upeneus moluccensis,1,Fresh
data\mendeley\Oreochromis Mossambicus - Highly Fresh\IMG_20191110_055129_3.jpg,oreochromis mossambicus,0,Highly Fresh
data\mendeley\Johnius Trachycephalus - Highly Fresh\IMG_20191014_071448.jpg,johnius trachycephalus,0,Highly Fresh
data\mendeley\Oreochromis Niloticus - Highly Fresh\IMG_20191001_064704.jpg,oreochromis niloticus,0,Highly Fresh
data\mendeley\Chanos Chanos - Highly Fresh\IMG_20191001_062525.jpg,chanos chanos,0,Highly Fresh
data\mendeley\Oreochromis Mossambicus - Highly Fresh\IMG_20191110_080139.jpg,oreochromis mossambicus,0,Highly Fresh
data\mendeley\Oreochromis Mossambicus - Highly Fresh\IMG_20191110_080130.jpg,oreochromis mossambicus,0,Highly Fresh
data\mendeley\Upeneus Moluccensis - Highly Fresh\IMG_20191110_074045.jpg,upeneus moluccensis,0,Highly Fresh
data\mendeley\Upeneus Moluccensis - Not Fresh\IMG_20191019_060117.jpg,upeneus moluccensis,2,Not Fresh
data\mendeley\Rastrelliger Faughni - Not Fresh\IMG_20191019_061635.jpg,rastrelliger faughni,2,Not Fresh
data\mendeley\Oreochromis Niloticus - Fresh\IMG_20191002_064558.jpg,oreochromis niloticus,1,Fresh
data\mendeley\Oreochromis Niloticus - Highly Fresh\IMG_20191111_053844.jpg,oreochromis niloticus,0,Highly Fresh
data\mendeley\Eleutheronema Tetradactylum - Not Fresh\IMG_20191018_061519.jpg,eleutheronema tetradactylum,2,Not Fresh
data\mendeley\Upeneus Moluccensis - Fresh\IMG_20191113_062217_2.jpg,upeneus moluccensis,1,Fresh
data\mendeley\Nibea Albiflora - Not Fresh\IMG_20191114_062907.jpg,nibea albiflora,2,Not Fresh
data\mendeley\Johnius Trachycephalus - Highly Fresh\IMG_20191015_070414.jpg,johnius trachycephalus,0,Highly Fresh
data\mendeley\Upeneus Moluccensis - Not Fresh\IMG_20191018_054627.jpg,upeneus moluccensis,2,Not Fresh
data\mendeley\Eleutheronema Tetradactylum - Highly Fresh\IMG_20191015_071202.jpg,eleutheronema tetradactylum,0,Highly Fresh
data\mendeley\Chanos Chanos - Not Fresh\IMG_20191114_053755.jpg,chanos chanos,2,Not Fresh
data\mendeley\Upeneus Moluccensis - Not Fresh\IMG_20191115_063155_1.jpg,upeneus moluccensis,2,Not Fresh
data\mendeley\Oreochromis Niloticus - Highly Fresh\IMG_20191110_073105.jpg,oreochromis niloticus,0,Highly Fresh
data\mendeley\Nibea Albiflora -  Highly Fresh\IMG_20191111_063121_1.jpg,nibea albiflora,0,Highly Fresh
data\mendeley\Chanos Chanos - Fresh\IMG_20191113_051640.jpg,chanos chanos,1,Fresh
data\mendeley\Oreochromis Mossambicus - Highly Fresh\IMG_20191110_075644.jpg,oreochromis mossambicus,0,Highly Fresh
data\mendeley\Oreochromis Mossambicus - Not Fresh\IMG_20191115_055543.jpg,oreochromis mossambicus,2,Not Fresh
data\mendeley\Oreochromis Niloticus - Highly Fresh\IMG_20191111_053745.jpg,oreochromis niloticus,0,Highly Fresh
data\mendeley\Chanos Chanos - Not Fresh\IMG_20191005_072320.jpg,chanos chanos,2,Not Fresh
data\mendeley\Upeneus Moluccensis - Fresh\IMG_20191113_062048.jpg,upeneus moluccensis,1,Fresh
data\mendeley\Rastrelliger Faughni - Not Fresh\IMG_20191018_055402.jpg,rastrelliger faughni,2,Not Fresh
data\mendeley\Chanos Chanos - Fresh\IMG_20191003_065039.jpg,chanos chanos,1,Fresh
data\mendeley\Rastrelliger Faughni - Not Fresh\IMG_20191114_061416_1.jpg,rastrelliger faughni,2,Not Fresh
data\mendeley\Oreochromis Mossambicus - Highly Fresh\IMG_20191111_055119_2.jpg,oreochromis mossambicus,0,Highly Fresh
data\mendeley\Oreochromis Mossambicus - Fresh\IMG_20191112_054500_3.jpg,oreochromis mossambicus,1,Fresh
data\mendeley\Rastrelliger Faughni - Highly Fresh\IMG_20191110_055641_6.jpg,rastrelliger faughni,0,Highly Fresh
data\mendeley\Chanos Chanos - Fresh\IMG_20191113_051651.jpg,chanos chanos,1,Fresh
data\mendeley\Upeneus Moluccensis - Not Fresh\IMG_20191115_063316.jpg,upeneus moluccensis,2,Not Fresh
data\mendeley\Eleutheronema Tetradactylum - Highly Fresh\IMG_20191014_072150.jpg,eleutheronema tetradactylum,0,Highly Fresh
data\mendeley\Johnius Trachycephalus - Fresh\IMG_20191016_065717.jpg,johnius trachycephalus,1,Fresh
data\mendeley\Oreochromis Niloticus - Fresh\IMG_20191113_053055.jpg,oreochromis niloticus,1,Fresh
data\mendeley\Nibea Albiflora - Fresh\IMG_20191112_061809_2.jpg,nibea albiflora,1,Fresh
data\mendeley\Oreochromis Niloticus - Fresh\IMG_20191112_053357.jpg,oreochromis niloticus,1,Fresh
data\mendeley\Oreochromis Mossambicus - Highly Fresh\IMG_20191111_055244.jpg,oreochromis mossambicus,0,Highly Fresh
data\mendeley\Upeneus Moluccensis - Fresh\IMG_20191113_061551.jpg,upeneus moluccensis,1,Fresh
data\mendeley\Eleutheronema Tetradactylum - Not Fresh\IMG_20191018_061724.jpg,eleutheronema tetradactylum,2,Not Fresh
data\mendeley\Upeneus Moluccensis - Not Fresh\IMG_20191019_055059.jpg,upeneus moluccensis,2,Not Fresh
data\mendeley\Oreochromis Mossambicus - Highly Fresh\IMG_20191110_055200.jpg,oreochromis mossambicus,0,Highly Fresh
data\mendeley\Oreochromis Niloticus - Fresh\IMG_20191112_053952_1.jpg,oreochromis niloticus,1,Fresh
data\mendeley\Rastrelliger Faughni - Highly Fresh\IMG_20191015_064244.jpg,rastrelliger faughni,0,Highly Fresh
data\mendeley\Nibea Albiflora - Fresh\IMG_20191113_060756_2.jpg,nibea albiflora,1,Fresh
data\mendeley\Chanos Chanos - Not Fresh\IMG_20191004_063958.jpg,chanos chanos,2,Not Fresh
data\mendeley\Chanos Chanos - Fresh\IMG_20191112_052349.jpg,chanos chanos,1,Fresh
data\mendeley\Johnius Trachycephalus - Highly Fresh\IMG_20191014_071914.jpg,johnius trachycephalus,0,Highly Fresh
data\mendeley\Rastrelliger Faughni - Fresh\IMG_20191112_062642_2.jpg,rastrelliger faughni,1,Fresh
data\mendeley\Oreochromis Mossambicus - Not Fresh\IMG_20191114_060621.jpg,oreochromis mossambicus,2,Not Fresh
data\mendeley\Rastrelliger Faughni - Not Fresh\IMG_20191018_055535.jpg,rastrelliger faughni,2,Not Fresh
data\mendeley\Oreochromis Mossambicus - Highly Fresh\IMG_20191110_055200_2.jpg,oreochromis mossambicus,0,Highly Fresh
data\mendeley\Oreochromis Mossambicus - Fresh\IMG_20191113_055013_2.jpg,oreochromis mossambicus,1,Fresh
data\mendeley\Upeneus Moluccensis - Fresh\IMG_20191112_064136_1.jpg,upeneus moluccensis,1,Fresh
data\mendeley\Rastrelliger Faughni - Highly Fresh\IMG_20191014_070359.jpg,rastrelliger faughni,0,Highly Fresh
data\mendeley\Oreochromis Mossambicus - Not Fresh\IMG_20191114_060628.jpg,oreochromis mossambicus,2,Not Fresh
data\mendeley\Oreochromis Niloticus - Not Fresh\IMG_20191114_054824.jpg,oreochromis niloticus,2,Not Fresh
data\mendeley\Rastrelliger Faughni - Not Fresh\IMG_20191018_055347.jpg,rastrelliger faughni,2,Not Fresh
data\mendeley\Oreochromis Mossambicus - Highly Fresh\IMG_20191111_055900_5.jpg,oreochromis mossambicus,0,Highly Fresh
data\mendeley\Johnius Trachycephalus - Highly Fresh\IMG_20191014_071907.jpg,johnius trachycephalus,0,Highly Fresh
data\mendeley\Oreochromis Niloticus - Highly Fresh\IMG_20191111_054215_6.jpg,oreochromis niloticus,0,Highly Fresh
data\mendeley\Chanos Chanos - Fresh\IMG_20191002_063702.jpg,chanos chanos,1,Fresh
data\mendeley\Chanos Chanos - Not Fresh\IMG_20191004_063547.jpg,chanos chanos,2,Not Fresh
data\mendeley\Oreochromis Mossambicus - Fresh\IMG_20191113_055144_2.jpg,oreochromis mossambicus,1,Fresh
data\mendeley\Chanos Chanos - Highly Fresh\IMG_20191110_081609.jpg,chanos chanos,0,Highly Fresh
data\mendeley\Nibea Albiflora -  Highly Fresh\IMG_20191110_080814_4.jpg,nibea albiflora,0,Highly Fresh
data\mendeley\Oreochromis Niloticus - Highly Fresh\IMG_20191111_054634_6.jpg,oreochromis niloticus,0,Highly Fresh
data\mendeley\Oreochromis Niloticus - Not Fresh\IMG_20191114_055826_3.jpg,oreochromis niloticus,2,Not Fresh
data\mendeley\Rastrelliger Faughni - Highly Fresh\IMG_20191110_075406_3.jpg,rastrelliger faughni,0,Highly Fresh
data\mendeley\Nibea Albiflora - Not Fresh\IMG_20191114_062947_3.jpg,nibea albiflora,2,Not Fresh
data\mendeley\Nibea Albiflora - Not Fresh\IMG_20191115_062220_1.jpg,nibea albiflora,2,Not Fresh
data\mendeley\Rastrelliger Faughni - Fresh\IMG_20191113_055929_2.jpg,rastrelliger faughni,1,Fresh
data\mendeley\Upeneus Moluccensis - Highly Fresh\IMG_20191110_073753.jpg,upeneus moluccensis,0,Highly Fresh
data\mendeley\Rastrelliger Faughni - Fresh\IMG_20191016_064432.jpg,rastrelliger faughni,1,Fresh
data\mendeley\Chanos Chanos - Fresh\IMG_20191003_065144.jpg,chanos chanos,1,Fresh
data\mendeley\Chanos Chanos - Highly Fresh\IMG_20191110_081332.jpg,chanos chanos,0,Highly Fresh
data\mendeley\Johnius Trachycephalus - Not Fresh\IMG_20191019_062557.jpg,johnius trachycephalus,2,Not Fresh
data\mendeley\Upeneus Moluccensis - Not Fresh\IMG_20191114_063444_1.jpg,upeneus moluccensis,2,Not Fresh
data\mendeley\Oreochromis Niloticus - Highly Fresh\IMG_20191111_054634_e4.jpg,oreochromis niloticus,0,Highly Fresh
data\mendeley\Nibea Albiflora - Fresh\IMG_20191112_064033_1.jpg,nibea albiflora,1,Fresh
data\mendeley\Oreochromis Mossambicus - Not Fresh\IMG_20191114_060335_2.jpg,oreochromis mossambicus,2,Not Fresh
data\mendeley\Oreochromis Niloticus - Highly Fresh\IMG_20191111_054516_2.jpg,oreochromis niloticus,0,Highly Fresh
data\mendeley\Oreochromis Niloticus - Fresh\IMG_20191002_064155.jpg,oreochromis niloticus,1,Fresh
data\mendeley\Oreochromis Niloticus - Highly Fresh\IMG_20191111_054634_2.jpg,oreochromis niloticus,0,Highly Fresh
data\mendeley\Nibea Albiflora - Fresh\IMG_20191112_061027.jpg,nibea albiflora,1,Fresh
data\mendeley\Oreochromis Niloticus - Not Fresh\IMG_20191005_070410.jpg,oreochromis niloticus,2,Not Fresh
data\mendeley\Oreochromis Mossambicus - Not Fresh\IMG_20191114_060324_3.jpg,oreochromis mossambicus,2,Not Fresh
data\mendeley\Upeneus Moluccensis - Not Fresh\IMG_20191114_063307.jpg,upeneus moluccensis,2,Not Fresh
data\mendeley\Chanos Chanos - Highly Fresh\IMG_20191110_060735.jpg,chanos chanos,0,Highly Fresh
data\mendeley\Oreochromis Niloticus - Highly Fresh\IMG_20191111_054334_2.jpg,oreochromis niloticus,0,Highly Fresh
data\mendeley\Eleutheronema Tetradactylum - Highly Fresh\IMG_20191015_072122.jpg,eleutheronema tetradactylum,0,Highly Fresh
data\mendeley\Upeneus Moluccensis - Fresh\IMG_20191112_055510.jpg,upeneus moluccensis,1,Fresh
data\mendeley\Oreochromis Mossambicus - Fresh\IMG_20191112_054310.jpg,oreochromis mossambicus,1,Fresh
data\mendeley\Oreochromis Niloticus - Not Fresh\IMG_20191115_054953.jpg,oreochromis niloticus,2,Not Fresh
data\mendeley\Oreochromis Niloticus - Fresh\IMG_20191113_053600_1.jpg,oreochromis niloticus,1,Fresh
data\mendeley\Oreochromis Niloticus - Highly Fresh\IMG_20191110_072139.jpg,oreochromis niloticus,0,Highly Fresh
data\mendeley\Oreochromis Mossambicus - Highly Fresh\IMG_20191111_055431_3.jpg,oreochromis mossambicus,0,Highly Fresh
data\mendeley\Upeneus Moluccensis - Not Fresh\IMG_20191114_063535.jpg,upeneus moluccensis,2,Not Fresh
data\mendeley\Oreochromis Niloticus - Fresh\IMG_20191112_053125.jpg,oreochromis niloticus,1,Fresh
data\mendeley\Oreochromis Mossambicus - Highly Fresh\IMG_20191111_055608.jpg,oreochromis mossambicus,0,Highly Fresh
data\mendeley\Chanos Chanos - Highly Fresh\IMG_20191110_081644.jpg,chanos chanos,0,Highly Fresh
data\mendeley\Nibea Albiflora -  Highly Fresh\IMG_20191110_080506.jpg,nibea albiflora,0,Highly Fresh
data\mendeley\Rastrelliger Faughni - Highly Fresh\IMG_20191111_062814_3.jpg,rastrelliger faughni,0,Highly Fresh
data\mendeley\Rastrelliger Faughni - Fresh\IMG_20191113_055707_4.jpg,rastrelliger faughni,1,Fresh
data\mendeley\Oreochromis Niloticus - Highly Fresh\IMG_20191111_054650_3.jpg,oreochromis niloticus,0,Highly Fresh
data\mendeley\Upeneus Moluccensis - Fresh\IMG_20191017_062326.jpg,upeneus moluccensis,1,Fresh
data\mendeley\Oreochromis Mossambicus - Fresh\IMG_20191112_055300_4.jpg,oreochromis mossambicus,1,Fresh
data\mendeley\Nibea Albiflora -  Highly Fresh\IMG_20191111_063058.jpg,nibea albiflora,0,Highly Fresh
data\mendeley\Upeneus Moluccensis - Fresh\IMG_20191112_060040_1.jpg,upeneus moluccensis,1,Fresh
data\mendeley\Oreochromis Niloticus - Fresh\IMG_20191113_054226_6.jpg,oreochromis niloticus,1,Fresh
data\mendeley\Oreochromis Niloticus - Fresh\IMG_20191003_063953.jpg,oreochromis niloticus,1,Fresh
data\mendeley\Upeneus Moluccensis - Highly Fresh\IMG_20191111_060928_3.jpg,upeneus moluccensis,0,Highly Fresh
data\mendeley\Rastrelliger Faughni - Highly Fresh\IMG_20191110_075312_3.jpg,rastrelliger faughni,0,Highly Fresh
data\mendeley\Oreochromis Mossambicus - Highly Fresh\IMG_20191111_055414_2.jpg,oreochromis mossambicus,0,Highly Fresh
data\mendeley\Oreochromis Niloticus - Not Fresh\IMG_20191115_055008.jpg,oreochromis niloticus,2,Not Fresh
data\mendeley\Nibea Albiflora - Not Fresh\IMG_20191114_062621.jpg,nibea albiflora,2,Not Fresh
data\mendeley\Johnius Trachycephalus - Highly Fresh\IMG_20191014_071139.jpg,johnius trachycephalus,0,Highly Fresh
data\mendeley\Chanos Chanos - Highly Fresh\IMG_20191111_052225.jpg,chanos chanos,0,Highly Fresh
data\mendeley\Chanos Chanos - Highly Fresh\IMG_20190930_071142.jpg,chanos chanos,0,Highly Fresh
data\mendeley\Oreochromis Mossambicus - Highly Fresh\IMG_20191111_055848_3.jpg,oreochromis mossambicus,0,Highly Fresh
data\mendeley\Upeneus Moluccensis - Not Fresh\IMG_20191019_055126.jpg,upeneus moluccensis,2,Not Fresh
data\mendeley\Oreochromis Niloticus - Fresh\IMG_20191113_053600_2.jpg,oreochromis niloticus,1,Fresh
data\mendeley\Chanos Chanos - Fresh\IMG_20191112_052137.jpg,chanos chanos,1,Fresh
data\mendeley\Nibea Albiflora -  Highly Fresh\IMG_20191111_063121_2.jpg,nibea albiflora,0,Highly Fresh
data\mendeley\Oreochromis Mossambicus - Fresh\IMG_20191112_054720.jpg,oreochromis mossambicus,1,Fresh
data\mendeley\Chanos Chanos - Not Fresh\IMG_20191005_072306.jpg,chanos chanos,2,Not Fresh
data\mendeley\Nibea Albiflora -  Highly Fresh\IMG_20191110_080923.jpg,nibea albiflora,0,Highly Fresh
data\mendeley\Rastrelliger Faughni - Highly Fresh\IMG_20191110_075010_4.jpg,rastrelliger faughni,0,Highly Fresh
data\mendeley\Upeneus Moluccensis - Fresh\IMG_20191113_061529.jpg,upeneus moluccensis,1,Fresh
data\mendeley\Chanos Chanos - Highly Fresh\IMG_20191001_063604.jpg,chanos chanos,0,Highly Fresh
data\mendeley\Oreochromis Mossambicus - Highly Fresh\IMG_20191111_055153.jpg,oreochromis mossambicus,0,Highly Fresh
data\mendeley\Oreochromis Niloticus - Fresh\IMG_20191113_053800.jpg,oreochromis niloticus,1,Fresh
data\mendeley\Oreochromis Mossambicus - Not Fresh\IMG_20191114_060350_4.jpg,oreochromis mossambicus,2,Not Fresh
data\mendeley\Eleutheronema Tetradactylum - Highly Fresh\IMG_20191014_072051.jpg,eleutheronema tetradactylum,0,Highly Fresh
data\mendeley\Oreochromis Mossambicus - Fresh\IMG_20191112_054241.jpg,oreochromis mossambicus,1,Fresh
data\mendeley\Chanos Chanos - Not Fresh\IMG_20191114_053645.jpg,chanos chanos,2,Not Fresh
data\mendeley\Oreochromis Niloticus - Highly Fresh\IMG_20191110_073048.jpg,oreochromis niloticus,0,Highly Fresh
data\mendeley\Upeneus Moluccensis - Not Fresh\IMG_20191114_063938_1.jpg,upeneus moluccensis,2,Not Fresh
data\mendeley\Chanos Chanos - Not Fresh\IMG_20191115_053424.jpg,chanos chanos,2,Not Fresh
data\mendeley\Oreochromis Mossambicus - Fresh\IMG_20191113_054451.jpg,oreochromis mossambicus,1,Fresh
data\mendeley\Oreochromis Niloticus - Not Fresh\IMG_20191004_064518.jpg,oreochromis niloticus,2,Not Fresh
data\mendeley\Nibea Albiflora - Fresh\IMG_20191112_064033_2.jpg,nibea albiflora,1,Fresh
data\mendeley\Oreochromis Niloticus - Not Fresh\IMG_20191114_055637.jpg,oreochromis niloticus,2,Not Fresh
data\mendeley\Oreochromis Mossambicus - Highly Fresh\IMG_20191110_080239_5.jpg,oreochromis mossambicus,0,Highly Fresh
data\mendeley\Upeneus Moluccensis - Highly Fresh\IMG_20191110_074218_2.jpg,upeneus moluccensis,0,Highly Fresh
data\mendeley\Rastrelliger Faughni - Not Fresh\IMG_20191115_061158_1.jpg,rastrelliger faughni,2,Not Fresh
data\mendeley\Chanos Chanos - Highly Fresh\IMG_20191001_062929.jpg,chanos chanos,0,Highly Fresh
data\mendeley\Rastrelliger Faughni - Not Fresh\IMG_20191018_055813.jpg,rastrelliger faughni,2,Not Fresh
data\mendeley\Oreochromis Mossambicus - Not Fresh\IMG_20191114_060236.jpg,oreochromis mossambicus,2,Not Fresh
data\mendeley\Chanos Chanos - Not Fresh\IMG_20191004_064057.jpg,chanos chanos,2,Not Fresh
data\mendeley\Nibea Albiflora - Fresh\IMG_20191113_061050_1.jpg,nibea albiflora,1,Fresh
data\mendeley\Rastrelliger Faughni - Highly Fresh\IMG_20191015_063835.jpg,rastrelliger faughni,0,Highly Fresh
data\mendeley\Chanos Chanos - Not Fresh\IMG_20191114_054206.jpg,chanos chanos,2,Not Fresh
data\mendeley\Rastrelliger Faughni - Highly Fresh\IMG_20191110_055628_12.jpg,rastrelliger faughni,0,Highly Fresh
data\mendeley\Oreochromis Mossambicus - Not Fresh\IMG_20191115_055654.jpg,oreochromis mossambicus,2,Not Fresh
data\mendeley\Oreochromis Niloticus - Not Fresh\IMG_20191115_055146_1.jpg,oreochromis niloticus,2,Not Fresh
data\mendeley\Rastrelliger Faughni - Fresh\IMG_20191016_064445.jpg,rastrelliger faughni,1,Fresh
data\mendeley\Rastrelliger Faughni - Not Fresh\IMG_20191019_060811.jpg,rastrelliger faughni,2,Not Fresh
data\mendeley\Johnius Trachycephalus - Highly Fresh\IMG_20191014_071812.jpg,johnius trachycephalus,0,Highly Fresh
data\mendeley\Nibea Albiflora - Fresh\IMG_20191112_061537_1.jpg,nibea albiflora,1,Fresh
data\mendeley\Oreochromis Niloticus - Highly Fresh\IMG_20191110_062139_$.jpg,oreochromis niloticus,0,Highly Fresh
data\mendeley\Johnius Trachycephalus - Highly Fresh\IMG_20191015_070144.jpg,johnius trachycephalus,0,Highly Fresh
data\mendeley\Oreochromis Mossambicus - Not Fresh\IMG_20191115_055800.jpg,oreochromis mossambicus,2,Not Fresh
data\mendeley\Upeneus Moluccensis - Highly Fresh\IMG_20191110_073522.jpg,upeneus moluccensis,0,Highly Fresh
data\mendeley\Rastrelliger Faughni - Not Fresh\IMG_20191115_060730.jpg,rastrelliger faughni,2,Not Fresh
data\mendeley\Rastrelliger Faughni - Fresh\IMG_20191113_055644_1.jpg,rastrelliger faughni,1,Fresh
data\mendeley\Eleutheronema Tetradactylum - Not Fresh\IMG_20191019_064007.jpg,eleutheronema tetradactylum,2,Not Fresh
data\mendeley\Oreochromis Niloticus - Fresh\IMG_20191112_053448_2.jpg,oreochromis niloticus,1,Fresh
data\mendeley\Eleutheronema Tetradactylum - Fresh\IMG_20191017_072006.jpg,eleutheronema tetradactylum,1,Fresh
data\mendeley\Oreochromis Niloticus - Highly Fresh\IMG_20190930_072013.jpg,oreochromis niloticus,0,Highly Fresh
data\mendeley\Johnius Trachycephalus - Highly Fresh\IMG_20191015_070525.jpg,johnius trachycephalus,0,Highly Fresh
data\mendeley\Rastrelliger Faughni - Highly Fresh\IMG_20191110_075320_1.jpg,rastrelliger faughni,0,Highly Fresh
data\mendeley\Upeneus Moluccensis - Fresh\IMG_20191112_060732_6.jpg,upeneus moluccensis,1,Fresh
data\mendeley\Rastrelliger Faughni - Highly Fresh\IMG_20191111_062255_2.jpg,rastrelliger faughni,0,Highly Fresh
data\mendeley\Johnius Trachycephalus - Not Fresh\IMG_20191019_062201.jpg,johnius trachycephalus,2,Not Fresh
data\mendeley\Rastrelliger Faughni - Not Fresh\IMG_20191019_061700.jpg,rastrelliger faughni,2,Not Fresh
data\mendeley\Nibea Albiflora - Fresh\IMG_20191112_061805_1.jpg,nibea albiflora,1,Fresh
data\mendeley\Johnius Trachycephalus - Highly Fresh\IMG_20191014_071619.jpg,johnius trachycephalus,0,Highly Fresh
data\mendeley\Eleutheronema Tetradactylum - Fresh\IMG_20191016_071830.jpg,eleutheronema tetradactylum,1,Fresh
data\mendeley\Johnius Trachycephalus - Highly Fresh\IMG_20191015_070736.jpg,johnius trachycephalus,0,Highly Fresh
data\mendeley\Chanos Chanos - Not Fresh\IMG_20191115_053755.jpg,chanos chanos,2,Not Fresh
data\mendeley\Rastrelliger Faughni - Highly Fresh\IMG_20191110_055628_4.jpg,rastrelliger faughni,0,Highly Fresh
data\mendeley\Oreochromis Mossambicus - Highly Fresh\IMG_20191111_054835.jpg,oreochromis mossambicus,0,Highly Fresh
data\mendeley\Rastrelliger Faughni - Not Fresh\IMG_20191114_062208_3.jpg,rastrelliger faughni,2,Not Fresh
data\mendeley\Oreochromis Niloticus - Fresh\IMG_20191113_053706.jpg,oreochromis niloticus,1,Fresh
data\mendeley\Upeneus Moluccensis - Not Fresh\IMG_20191114_064004_1.jpg,upeneus moluccensis,2,Not Fresh
data\mendeley\Oreochromis Niloticus - Fresh\IMG_20191003_064047.jpg,oreochromis niloticus,1,Fresh
data\mendeley\Rastrelliger Faughni - Fresh\IMG_20191017_064614.jpg,rastrelliger faughni,1,Fresh
data\mendeley\Nibea Albiflora - Not Fresh\IMG_20191114_062409.jpg,nibea albiflora,2,Not Fresh
data\mendeley\Upeneus Moluccensis - Highly Fresh\IMG_20191015_063144.jpg,upeneus moluccensis,0,Highly Fresh
data\mendeley\Oreochromis Mossambicus - Highly Fresh\IMG_20191111_055457_4.jpg,oreochromis mossambicus,0,Highly Fresh
data\mendeley\Chanos Chanos - Fresh\IMG_20191003_065153.jpg,chanos chanos,1,Fresh
data\mendeley\Rastrelliger Faughni - Highly Fresh\IMG_20191110_055612_2.jpg,rastrelliger faughni,0,Highly Fresh
data\mendeley\Oreochromis Mossambicus - Highly Fresh\IMG_20191110_075831.jpg,oreochromis mossambicus,0,Highly Fresh
data\mendeley\Oreochromis Mossambicus - Not Fresh\IMG_20191114_060701_3.jpg,oreochromis mossambicus,2,Not Fresh
data\mendeley\Upeneus Moluccensis - Fresh\IMG_20191113_061850_2.jpg,upeneus moluccensis,1,Fresh
data\mendeley\Upeneus Moluccensis - Highly Fresh\IMG_20191110_074238_2.jpg,upeneus moluccensis,0,Highly Fresh
data\mendeley\Oreochromis Niloticus - Not Fresh\IMG_20191114_055241.jpg,oreochromis niloticus,2,Not Fresh
data\mendeley\Oreochromis Niloticus - Not Fresh\IMG_20191114_055231.jpg,oreochromis niloticus,2,Not Fresh
data\mendeley\Eleutheronema Tetradactylum - Fresh\IMG_20191016_071922.jpg,eleutheronema tetradactylum,1,Fresh
data\mendeley\Upeneus Moluccensis - Highly Fresh\IMG_20191014_064617.jpg,upeneus moluccensis,0,Highly Fresh
data\mendeley\Oreochromis Niloticus - Highly Fresh\IMG_20191110_071334.jpg,oreochromis niloticus,0,Highly Fresh
data\mendeley\Rastrelliger Faughni - Fresh\IMG_20191113_060144_2.jpg,rastrelliger faughni,1,Fresh
data\mendeley\Chanos Chanos - Not Fresh\IMG_20191114_053626.jpg,chanos chanos,2,Not Fresh
data\mendeley\Chanos Chanos - Not Fresh\IMG_20191114_054451.jpg,chanos chanos,2,Not Fresh
data\mendeley\Upeneus Moluccensis - Fresh\IMG_20191113_062113.jpg,upeneus moluccensis,1,Fresh
data\mendeley\Oreochromis Mossambicus - Fresh\IMG_20191113_054516.jpg,oreochromis mossambicus,1,Fresh
data\mendeley\Upeneus Moluccensis - Highly Fresh\IMG_20191110_061116_1.jpg,upeneus moluccensis,0,Highly Fresh
data\mendeley\Johnius Trachycephalus - Not Fresh\IMG_20191018_060139.jpg,johnius trachycephalus,2,Not Fresh
data\mendeley\Oreochromis Mossambicus - Fresh\IMG_20191112_054527_4.jpg,oreochromis mossambicus,1,Fresh
data\mendeley\Nibea Albiflora -  Highly Fresh\IMG_20191111_063134_4.jpg,nibea albiflora,0,Highly Fresh
data\mendeley\Nibea Albiflora - Fresh\IMG_20191113_061004.jpg,nibea albiflora,1,Fresh
data\mendeley\Upeneus Moluccensis - Highly Fresh\IMG_20191110_073827_1.jpg,upeneus moluccensis,0,Highly Fresh
data\mendeley\Oreochromis Niloticus - Fresh\IMG_20191113_053304.jpg,oreochromis niloticus,1,Fresh
data\mendeley\Upeneus Moluccensis - Highly Fresh\IMG_20191111_061051.jpg,upeneus moluccensis,0,Highly Fresh
data\mendeley\Oreochromis Niloticus - Fresh\IMG_20191003_063612.jpg,oreochromis niloticus,1,Fresh
data\mendeley\Oreochromis Niloticus - Not Fresh\IMG_20191114_055140.jpg,oreochromis niloticus,2,Not Fresh
data\mendeley\Chanos Chanos - Fresh\IMG_20191112_051910.jpg,chanos chanos,1,Fresh
data\mendeley\Rastrelliger Faughni - Highly Fresh\IMG_20191110_075107.jpg,rastrelliger faughni,0,Highly Fresh
data\mendeley\Upeneus Moluccensis - Highly Fresh\IMG_20191110_061134_3.jpg,upeneus moluccensis,0,Highly Fresh
data\mendeley\Nibea Albiflora - Fresh\IMG_20191113_061155_2.jpg,nibea albiflora,1,Fresh
data\mendeley\Rastrelliger Faughni - Highly Fresh\IMG_20191110_055620_4.jpg,rastrelliger faughni,0,Highly Fresh
data\mendeley\Oreochromis Mossambicus - Not Fresh\IMG_20191114_060847_2.jpg,oreochromis mossambicus,2,Not Fresh
data\mendeley\Johnius Trachycephalus - Not Fresh\IMG_20191019_062740.jpg,johnius trachycephalus,2,Not Fresh
data\mendeley\Nibea Albiflora - Not Fresh\IMG_20191114_062628.jpg,nibea albiflora,2,Not Fresh
data\mendeley\Oreochromis Niloticus - Not Fresh\IMG_20191005_071210.jpg,oreochromis niloticus,2,Not Fresh
data\mendeley\Oreochromis Niloticus - Highly Fresh\IMG_20191111_053926.jpg,oreochromis niloticus,0,Highly Fresh
data\mendeley\Nibea Albiflora -  Highly Fresh\IMG_20191110_081040_4.jpg,nibea albiflora,0,Highly Fresh
data\mendeley\Chanos Chanos - Not Fresh\IMG_20191004_063921.jpg,chanos chanos,2,Not Fresh
data\mendeley\Chanos Chanos - Not Fresh\IMG_20191115_052906.jpg,chanos chanos,2,Not Fresh
data\mendeley\Chanos Chanos - Highly Fresh\IMG_20191111_053107.jpg,chanos chanos,0,Highly Fresh
data\mendeley\Oreochromis Mossambicus - Not Fresh\IMG_20191115_060156.jpg,oreochromis mossambicus,2,Not Fresh
data\mendeley\Eleutheronema Tetradactylum - Fresh\IMG_20191017_071709.jpg,eleutheronema tetradactylum,1,Fresh
data\mendeley\Oreochromis Niloticus - Not Fresh\IMG_20191115_054514.jpg,oreochromis niloticus,2,Not Fresh
data\mendeley\Upeneus Moluccensis - Not Fresh\IMG_20191019_060019.jpg,upeneus moluccensis,2,Not Fresh
data\mendeley\Nibea Albiflora - Not Fresh\IMG_20191114_062350.jpg,nibea albiflora,2,Not Fresh
data\mendeley\Upeneus Moluccensis - Not Fresh\IMG_20191114_063629_2.jpg,upeneus moluccensis,2,Not Fresh
data\mendeley\Eleutheronema Tetradactylum - Not Fresh\IMG_20191018_061554.jpg,eleutheronema tetradactylum,2,Not Fresh
data\mendeley\Rastrelliger Faughni - Highly Fresh\IMG_20191110_055608_4.jpg,rastrelliger faughni,0,Highly Fresh
data\mendeley\Nibea Albiflora - Not Fresh\IMG_20191114_062635.jpg,nibea albiflora,2,Not Fresh
data\mendeley\Upeneus Moluccensis - Highly Fresh\IMG_20191111_061303_2.jpg,upeneus moluccensis,0,Highly Fresh
data\mendeley\Chanos Chanos - Not Fresh\IMG_20191114_053931.jpg,chanos chanos,2,Not Fresh
data\mendeley\Upeneus Moluccensis - Not Fresh\IMG_20191018_053937.jpg,upeneus moluccensis,2,Not Fresh
data\mendeley\Nibea Albiflora - Fresh\IMG_20191112_060941.jpg,nibea albiflora,1,Fresh
data\mendeley\Upeneus Moluccensis - Fresh\IMG_20191017_062241.jpg,upeneus moluccensis,1,Fresh
data\mendeley\Oreochromis Mossambicus - Highly Fresh\IMG_20191110_055235_12.jpg,oreochromis mossambicus,0,Highly Fresh
data\mendeley\Oreochromis Niloticus - Highly Fresh\IMG_20191111_054527_2.jpg,oreochromis niloticus,0,Highly Fresh
data\mendeley\Oreochromis Mossambicus - Highly Fresh\IMG_20191110_075949_3.jpg,oreochromis mossambicus,0,Highly Fresh
data\mendeley\Oreochromis Mossambicus - Highly Fresh\IMG_20191110_055223_5.jpg,oreochromis mossambicus,0,Highly Fresh
data\mendeley\Rastrelliger Faughni - Highly Fresh\IMG_20191110_055628_9.jpg,rastrelliger faughni,0,Highly Fresh
data\mendeley\Chanos Chanos - Highly Fresh\IMG_20190930_070610.jpg,chanos chanos,0,Highly Fresh
data\mendeley\Oreochromis Mossambicus - Highly Fresh\IMG_20191110_075845.jpg,oreochromis mossambicus,0,Highly Fresh
data\mendeley\Oreochromis Niloticus - Highly Fresh\IMG_20191110_062047_1.jpg,oreochromis niloticus,0,Highly Fresh
data\mendeley\Upeneus Moluccensis - Highly Fresh\IMG_20191111_061303_1.jpg,upeneus moluccensis,0,Highly Fresh
data\mendeley\Rastrelliger Faughni - Not Fresh\IMG_20191019_060949.jpg,rastrelliger faughni,2,Not Fresh
data\mendeley\Rastrelliger Faughni - Fresh\IMG_20191112_063944_2.jpg,rastrelliger faughni,1,Fresh
data\mendeley\Eleutheronema Tetradactylum - Not Fresh\IMG_20191018_061739.jpg,eleutheronema tetradactylum,2,Not Fresh
data\mendeley\Nibea Albiflora - Not Fresh\IMG_20191115_062458.jpg,nibea albiflora,2,Not Fresh
data\mendeley\Oreochromis Niloticus - Not Fresh\IMG_20191114_055937.jpg,oreochromis niloticus,2,Not Fresh
data\mendeley\Eleutheronema Tetradactylum - Fresh\IMG_20191017_072120.jpg,eleutheronema tetradactylum,1,Fresh
data\mendeley\Rastrelliger Faughni - Highly Fresh\IMG_20191111_062139.jpg,rastrelliger faughni,0,Highly Fresh
data\mendeley\Eleutheronema Tetradactylum - Fresh\IMG_20191017_071727.jpg,eleutheronema tetradactylum,1,Fresh
data\mendeley\Chanos Chanos - Not Fresh\IMG_20191114_054057.jpg,chanos chanos,2,Not Fresh
data\mendeley\Rastrelliger Faughni - Highly Fresh\IMG_20191110_055542_2.jpg,rastrelliger faughni,0,Highly Fresh
data\mendeley\Upeneus Moluccensis - Not Fresh\IMG_20191019_055049.jpg,upeneus moluccensis,2,Not Fresh
data\mendeley\Oreochromis Niloticus - Fresh\IMG_20191113_053445_1.jpg,oreochromis niloticus,1,Fresh
data\mendeley\Oreochromis Niloticus - Highly Fresh\IMG_20191111_054109_2.jpg,oreochromis niloticus,0,Highly Fresh
data\mendeley\Oreochromis Niloticus - Fresh\IMG_20191112_053648.jpg,oreochromis niloticus,1,Fresh
data\mendeley\Chanos Chanos - Not Fresh\IMG_20191005_072728.jpg,chanos chanos,2,Not Fresh
data\mendeley\Chanos Chanos - Not Fresh\IMG_20191114_054041.jpg,chanos chanos,2,Not Fresh
data\mendeley\Oreochromis Mossambicus - Fresh\IMG_20191112_054413.jpg,oreochromis mossambicus,1,Fresh
data\mendeley\Rastrelliger Faughni - Not Fresh\IMG_20191018_055738.jpg,rastrelliger faughni,2,Not Fresh
data\mendeley\Upeneus Moluccensis - Fresh\IMG_20191113_061320.jpg,upeneus moluccensis,1,Fresh
data\mendeley\Nibea Albiflora -  Highly Fresh\IMG_20191111_063940_2.jpg,nibea albiflora,0,Highly Fresh
data\mendeley\Oreochromis Niloticus - Not Fresh\IMG_20191005_071241.jpg,oreochromis niloticus,2,Not Fresh
data\mendeley\Rastrelliger Faughni - Highly Fresh\IMG_20191110_074915.jpg,rastrelliger faughni,0,Highly Fresh
data\mendeley\Oreochromis Mossambicus - Fresh\IMG_20191112_064223.jpg,oreochromis mossambicus,1,Fresh
data\mendeley\Chanos Chanos - Highly Fresh\IMG_20191001_062550.jpg,chanos chanos,0,Highly Fresh
data\mendeley\Upeneus Moluccensis - Highly Fresh\IMG_20191110_073853_4.jpg,upeneus moluccensis,0,Highly Fresh
data\mendeley\Nibea Albiflora -  Highly Fresh\IMG_20191110_060244_3.jpg,nibea albiflora,0,Highly Fresh
data\mendeley\Nibea Albiflora -  Highly Fresh\IMG_20191111_063340_1.jpg,nibea albiflora,0,Highly Fresh
data\mendeley\Rastrelliger Faughni - Fresh\IMG_20191113_055900.jpg,rastrelliger faughni,1,Fresh
data\mendeley\Eleutheronema Tetradactylum - Highly Fresh\IMG_20191015_071906.jpg,eleutheronema tetradactylum,0,Highly Fresh
data\mendeley\Rastrelliger Faughni - Highly Fresh\IMG_20191111_062611_3.jpg,rastrelliger faughni,0,Highly Fresh
data\mendeley\Chanos Chanos - Fresh\IMG_20191002_063609.jpg,chanos chanos,1,Fresh
data\mendeley\Chanos Chanos - Fresh\IMG_20191113_052231.jpg,chanos chanos,1,Fresh
data\mendeley\Oreochromis Niloticus - Highly Fresh\IMG_20191110_062116_6.jpg,oreochromis niloticus,0,Highly Fresh
data\mendeley\Oreochromis Niloticus - Fresh\IMG_20191002_064722.jpg,oreochromis niloticus,1,Fresh
data\mendeley\Chanos Chanos - Highly Fresh\IMG_20190930_071004.jpg,chanos chanos,0,Highly Fresh
data\mendeley\Johnius Trachycephalus - Not Fresh\IMG_20191019_062657.jpg,johnius trachycephalus,2,Not Fresh
data\mendeley\Johnius Trachycephalus - Highly Fresh\IMG_20191015_065401.jpg,johnius trachycephalus,0,Highly Fresh
data\mendeley\Oreochromis Niloticus - Not Fresh\IMG_20191115_054231.jpg,oreochromis niloticus,2,Not Fresh
data\mendeley\Oreochromis Niloticus - Highly Fresh\IMG_20191110_073144_5.jpg,oreochromis niloticus,0,Highly Fresh
data\mendeley\Nibea Albiflora -  Highly Fresh\IMG_20191111_063924_2.jpg,nibea albiflora,0,Highly Fresh
data\mendeley\Nibea Albiflora - Fresh\IMG_20191112_061455_2.jpg,nibea albiflora,1,Fresh
data\mendeley\Oreochromis Mossambicus - Not Fresh\IMG_20191114_060626.jpg,oreochromis mossambicus,2,Not Fresh
data\mendeley\Rastrelliger Faughni - Highly Fresh\IMG_20191111_062623_1.jpg,rastrelliger faughni,0,Highly Fresh
data\mendeley\Rastrelliger Faughni - Highly Fresh\IMG_20191111_062306_2.jpg,rastrelliger faughni,0,Highly Fresh
data\mendeley\Rastrelliger Faughni - Highly Fresh\IMG_20191110_055628_7.jpg,rastrelliger faughni,0,Highly Fresh
data\mendeley\Oreochromis Mossambicus - Not Fresh\IMG_20191114_060912_2.jpg,oreochromis mossambicus,2,Not Fresh
data\mendeley\Upeneus Moluccensis - Fresh\IMG_20191112_055722.jpg,upeneus moluccensis,1,Fresh
data\mendeley\Upeneus Moluccensis - Not Fresh\IMG_20191114_064011_1.jpg,upeneus moluccensis,2,Not Fresh
data\mendeley\Chanos Chanos - Highly Fresh\IMG_20191001_063618.jpg,chanos chanos,0,Highly Fresh
data\mendeley\Rastrelliger Faughni - Fresh\IMG_20191016_064956.jpg,rastrelliger faughni,1,Fresh
data\mendeley\Rastrelliger Faughni - Fresh\IMG_20191016_063933.jpg,rastrelliger faughni,1,Fresh
data\mendeley\Rastrelliger Faughni - Highly Fresh\IMG_20191014_070605.jpg,rastrelliger faughni,0,Highly Fresh
data\mendeley\Nibea Albiflora - Fresh\IMG_20191112_061500_1.jpg,nibea albiflora,1,Fresh
data\mendeley\Oreochromis Niloticus - Highly Fresh\IMG_20191110_072725_4.jpg,oreochromis niloticus,0,Highly Fresh
data\mendeley\Nibea Albiflora -  Highly Fresh\IMG_20191111_063340_2.jpg,nibea albiflora,0,Highly Fresh
data\mendeley\Eleutheronema Tetradactylum - Not Fresh\IMG_20191018_061444.jpg,eleutheronema tetradactylum,2,Not Fresh
data\mendeley\Upeneus Moluccensis - Fresh\IMG_20191112_055825_1.jpg,upeneus moluccensis,1,Fresh
data\mendeley\Upeneus Moluccensis - Not Fresh\IMG_20191114_063822.jpg,upeneus moluccensis,2,Not Fresh
data\mendeley\Eleutheronema Tetradactylum - Not Fresh\IMG_20191018_062053.jpg,eleutheronema tetradactylum,2,Not Fresh
data\mendeley\Johnius Trachycephalus - Highly Fresh\IMG_20191014_070922.jpg,johnius trachycephalus,0,Highly Fresh
data\mendeley\Oreochromis Niloticus - Not Fresh\IMG_20191004_064236.jpg,oreochromis niloticus,2,Not Fresh
data\mendeley\Nibea Albiflora -  Highly Fresh\IMG_20191110_080917.jpg,nibea albiflora,0,Highly Fresh
data\mendeley\Oreochromis Mossambicus - Fresh\IMG_20191113_054422.jpg,oreochromis mossambicus,1,Fresh
data\mendeley\Rastrelliger Faughni - Not Fresh\IMG_20191114_061832_1.jpg,rastrelliger faughni,2,Not Fresh
data\mendeley\Rastrelliger Faughni - Fresh\IMG_20191112_063742_2.jpg,rastrelliger faughni,1,Fresh
data\mendeley\Upeneus Moluccensis - Highly Fresh\IMG_20191014_064734.jpg,upeneus moluccensis,0,Highly Fresh
data\mendeley\Chanos Chanos - Not Fresh\IMG_20191005_072536.jpg,chanos chanos,2,Not Fresh
data\mendeley\Rastrelliger Faughni - Highly Fresh\IMG_20191110_055641_7.jpg,rastrelliger faughni,0,Highly Fresh
data\mendeley\Oreochromis Mossambicus - Not Fresh\IMG_20191114_060550.jpg,oreochromis mossambicus,2,Not Fresh
data\mendeley\Oreochromis Niloticus - Not Fresh\IMG_20191115_054730.jpg,oreochromis niloticus,2,Not Fresh
data\mendeley\Eleutheronema Tetradactylum - Not Fresh\IMG_20191019_064230.jpg,eleutheronema tetradactylum,2,Not Fresh
data\mendeley\Oreochromis Niloticus - Fresh\IMG_20191002_064328.jpg,oreochromis niloticus,1,Fresh
data\mendeley\Oreochromis Niloticus - Fresh\IMG_20191003_063819.jpg,oreochromis niloticus,1,Fresh
data\mendeley\Upeneus Moluccensis - Highly Fresh\IMG_20191110_073933_4.jpg,upeneus moluccensis,0,Highly Fresh
data\mendeley\Rastrelliger Faughni - Not Fresh\IMG_20191115_061119.jpg,rastrelliger faughni,2,Not Fresh
data\mendeley\Rastrelliger Faughni - Highly Fresh\IMG_20191110_075312_4.jpg,rastrelliger faughni,0,Highly Fresh
data\mendeley\Nibea Albiflora - Fresh\IMG_20191113_060939_1.jpg,nibea albiflora,1,Fresh
data\mendeley\Chanos Chanos - Fresh\IMG_20191002_062735.jpg,chanos chanos,1,Fresh
data\mendeley\Nibea Albiflora -  Highly Fresh\IMG_20191111_063422_5.jpg,nibea albiflora,0,Highly Fresh
data\mendeley\Chanos Chanos - Not Fresh\IMG_20191114_053945.jpg,chanos chanos,2,Not Fresh
data\mendeley\Oreochromis Niloticus - Highly Fresh\IMG_20191111_053915_1.jpg,oreochromis niloticus,0,Highly Fresh
data\mendeley\Oreochromis Niloticus - Not Fresh\IMG_20191114_055405.jpg,oreochromis niloticus,2,Not Fresh
